europeana_id,dcFormat,dctermsExtent,dcPublisher,dcRights,dcSource
/2058611/_kimnet_cho_bbea2cab_8706_468e_bec9_424661f764eb,,,,,Archäologie und Museum Baselland
/628/Pb_100940,,,,Międzynarodowe Centrum Zarządzania Informacją; International Centre for Information Management Systems and Services (ICIMSS),
/628/Pb_100941,,,,Międzynarodowe Centrum Zarządzania Informacją; International Centre for Information Management Systems and Services (ICIMSS),
/628/Pb_100946,,,,Międzynarodowe Centrum Zarządzania Informacją; International Centre for Information Management Systems and Services (ICIMSS),
/376/photography_ProvidedCHO_Royal_Institute_for_Cultural_Heritage__KIK_IRPA___Brussels__Belgium__KIK_IRPA_n__11045761,polychromé; cuit[céramique],hauteur: 11.5 cm; height: 11.5 cm,,,
/376/photography_ProvidedCHO_Royal_Institute_for_Cultural_Heritage__KIK_IRPA___Brussels__Belgium__KIK_IRPA_n__11045762,polychromé; cuit[céramique],,,,
/376/photography_ProvidedCHO_Royal_Institute_for_Cultural_Heritage__KIK_IRPA___Brussels__Belgium__KIK_IRPA_n__11045764,polychromé; cuit[céramique],hauteur: 18.5 cm,,,
/376/photography_ProvidedCHO_Royal_Institute_for_Cultural_Heritage__KIK_IRPA___Brussels__Belgium__KIK_IRPA_n__11048916,cuit[céramique]; technique d'émaillage; enameling technique,hauteur: 10 cm,,,
/376/photography_ProvidedCHO_Royal_Institute_for_Cultural_Heritage__KIK_IRPA___Brussels__Belgium__KIK_IRPA_n__11048917,cuit[céramique]; technique d'émaillage; enameling technique,hauteur: 9 cm,,,
/376/photography_ProvidedCHO_Royal_Institute_for_Cultural_Heritage__KIK_IRPA___Brussels__Belgium__KIK_IRPA_n__11055481,doré; polychromé; cuit[céramique]; golden,diamètre: 13 cm  hauteur: 12 cm,,,
/376/photography_ProvidedCHO_Royal_Institute_for_Cultural_Heritage__KIK_IRPA___Brussels__Belgium__KIK_IRPA_n__11055482,doré; polychromé; cuit[céramique]; golden,hauteur: 12 cm,,,
/376/photography_ProvidedCHO_Royal_Institute_for_Cultural_Heritage__KIK_IRPA___Brussels__Belgium__KIK_IRPA_n__11055487,polychromé; cuit[céramique],hauteur: 12 cm,,,
/376/photography_ProvidedCHO_Royal_Institute_for_Cultural_Heritage__KIK_IRPA___Brussels__Belgium__KIK_IRPA_n__11055519,cuit[céramique]; technique d'émaillage; enameling technique,hauteur: 11.5 cm; height: 11.5 cm,,,
/376/photography_ProvidedCHO_Royal_Institute_for_Cultural_Heritage__KIK_IRPA___Brussels__Belgium__KIK_IRPA_n__11055536,technique de sculpture; cuit[céramique],hauteur: 10.5 cm  largeur: 16 cm,,,
/376/photography_ProvidedCHO_Royal_Institute_for_Cultural_Heritage__KIK_IRPA___Brussels__Belgium__KIK_IRPA_n__11055559,painted; peint; cuit[céramique],hauteur: 10.6 cm,,,
/376/photography_ProvidedCHO_Royal_Institute_for_Cultural_Heritage__KIK_IRPA___Brussels__Belgium__KIK_IRPA_n__11055585,doré; polychromé; cuit[céramique]; golden,hauteur: 11 cm,,,
/376/photography_ProvidedCHO_Royal_Institute_for_Cultural_Heritage__KIK_IRPA___Brussels__Belgium__KIK_IRPA_n__11055586,doré; polychromé; cuit[céramique]; golden,hauteur: 14.5 cm,,,
/376/photography_ProvidedCHO_Royal_Institute_for_Cultural_Heritage__KIK_IRPA___Brussels__Belgium__KIK_IRPA_n__11055953,cuit[céramique],hauteur: 12 cm  largeur: 19 cm,,,
/376/photography_ProvidedCHO_Royal_Institute_for_Cultural_Heritage__KIK_IRPA___Brussels__Belgium__KIK_IRPA_n__11056141,polychromé; cuit[céramique],,,,
/376/photography_ProvidedCHO_Royal_Institute_for_Cultural_Heritage__KIK_IRPA___Brussels__Belgium__KIK_IRPA_n__11056142,polychromé; cuit[céramique],hauteur: 11.5 cm; height: 11.5 cm,,,
/376/photography_ProvidedCHO_Royal_Institute_for_Cultural_Heritage__KIK_IRPA___Brussels__Belgium__KIK_IRPA_n__11056143,polychromé; cuit[céramique],hauteur: 10.5 cm,,,
/376/photography_ProvidedCHO_Royal_Institute_for_Cultural_Heritage__KIK_IRPA___Brussels__Belgium__KIK_IRPA_n__11056144,polychromé; cuit[céramique],hauteur: 11 cm,,,
/376/photography_ProvidedCHO_Royal_Institute_for_Cultural_Heritage__KIK_IRPA___Brussels__Belgium__KIK_IRPA_n__11056145,polychromé; cuit[céramique],hauteur: 9.5 cm,,,
/376/photography_ProvidedCHO_Royal_Institute_for_Cultural_Heritage__KIK_IRPA___Brussels__Belgium__KIK_IRPA_n__11056146,ajouré[sculpture]; polychromé; cuit[céramique],hauteur: 12 cm,,,
/376/photography_ProvidedCHO_Royal_Institute_for_Cultural_Heritage__KIK_IRPA___Brussels__Belgium__KIK_IRPA_n__11056147,ajouré[sculpture]; polychromé; cuit[céramique],hauteur: 15.5 cm,,,
/376/photography_ProvidedCHO_Royal_Institute_for_Cultural_Heritage__KIK_IRPA___Brussels__Belgium__KIK_IRPA_n__11056148,polychromé; cuit[céramique],hauteur: 10.5 cm,,,
/376/photography_ProvidedCHO_Royal_Institute_for_Cultural_Heritage__KIK_IRPA___Brussels__Belgium__KIK_IRPA_n__11056149,polychromé; cuit[céramique],hauteur: 12 cm,,,
/376/photography_ProvidedCHO_Royal_Institute_for_Cultural_Heritage__KIK_IRPA___Brussels__Belgium__KIK_IRPA_n__11056150,doré; polychromé; cuit[céramique]; golden,hauteur: 11 cm,,,
/376/photography_ProvidedCHO_Royal_Institute_for_Cultural_Heritage__KIK_IRPA___Brussels__Belgium__KIK_IRPA_n__11056151,polychromé; cuit[céramique],hauteur: 10.7 cm,,,
/376/photography_ProvidedCHO_Royal_Institute_for_Cultural_Heritage__KIK_IRPA___Brussels__Belgium__KIK_IRPA_n__11056152,doré; polychromé; cuit[céramique]; golden,hauteur: 10 cm,,,
/376/photography_ProvidedCHO_Royal_Institute_for_Cultural_Heritage__KIK_IRPA___Brussels__Belgium__KIK_IRPA_n__11056153,doré; polychromé; cuit[céramique]; golden,hauteur: 12 cm,,,
/376/photography_ProvidedCHO_Royal_Institute_for_Cultural_Heritage__KIK_IRPA___Brussels__Belgium__KIK_IRPA_n__11056154,doré; polychromé; cuit[céramique]; golden,hauteur: 13.5 cm,,,
/376/photography_ProvidedCHO_Royal_Institute_for_Cultural_Heritage__KIK_IRPA___Brussels__Belgium__KIK_IRPA_n__11056155,polychromé; cuit[céramique],hauteur: 16.5 cm,,,
/376/photography_ProvidedCHO_Royal_Institute_for_Cultural_Heritage__KIK_IRPA___Brussels__Belgium__KIK_IRPA_n__11056156,polychromé; cuit[céramique],hauteur: 11 cm,,,
/376/photography_ProvidedCHO_Royal_Institute_for_Cultural_Heritage__KIK_IRPA___Brussels__Belgium__KIK_IRPA_n__11056158,polychromé; cuit[céramique],hauteur: 11.3 cm; height: 11.3 cm,,,
/376/photography_ProvidedCHO_Royal_Institute_for_Cultural_Heritage__KIK_IRPA___Brussels__Belgium__KIK_IRPA_n__11056159,polychromé; cuit[céramique],hauteur: 11 cm,,,
/376/photography_ProvidedCHO_Royal_Institute_for_Cultural_Heritage__KIK_IRPA___Brussels__Belgium__KIK_IRPA_n__11056160,polychromé; cuit[céramique],hauteur: 13 cm,,,
/376/photography_ProvidedCHO_Royal_Institute_for_Cultural_Heritage__KIK_IRPA___Brussels__Belgium__KIK_IRPA_n__11056161,polychromé; cuit[céramique],hauteur: 12.5 cm,,,
/376/photography_ProvidedCHO_Royal_Institute_for_Cultural_Heritage__KIK_IRPA___Brussels__Belgium__KIK_IRPA_n__11056162,polychromé; cuit[céramique],hauteur: 13.5 cm,,,
/376/photography_ProvidedCHO_Royal_Institute_for_Cultural_Heritage__KIK_IRPA___Brussels__Belgium__KIK_IRPA_n__11056163,polychromé; cuit[céramique],hauteur: 12 cm,,,
/376/photography_ProvidedCHO_Royal_Institute_for_Cultural_Heritage__KIK_IRPA___Brussels__Belgium__KIK_IRPA_n__11056181,polychromé; cuit[céramique],,,,
/376/photography_ProvidedCHO_Royal_Institute_for_Cultural_Heritage__KIK_IRPA___Brussels__Belgium__KIK_IRPA_n__11056184,doré; peint; cuit[céramique]; painted; golden,hauteur: 15.5 cm,,,
/376/photography_ProvidedCHO_Royal_Institute_for_Cultural_Heritage__KIK_IRPA___Brussels__Belgium__KIK_IRPA_n__11056185,painted; peint; cuit[céramique],hauteur: 12 cm,,,
/376/photography_ProvidedCHO_Royal_Institute_for_Cultural_Heritage__KIK_IRPA___Brussels__Belgium__KIK_IRPA_n__11056187,polychromé; cuit[céramique],hauteur: 14.5 cm,,,
/376/photography_ProvidedCHO_Royal_Institute_for_Cultural_Heritage__KIK_IRPA___Brussels__Belgium__KIK_IRPA_n__11056188,ajouré[sculpture]; polychromé; cuit[céramique],hauteur: 14.5 cm,,,
/376/photography_ProvidedCHO_Royal_Institute_for_Cultural_Heritage__KIK_IRPA___Brussels__Belgium__KIK_IRPA_n__11056189,enameling technique; polychromé; cuit[céramique]; technique d'émaillage,,,,
/376/photography_ProvidedCHO_Royal_Institute_for_Cultural_Heritage__KIK_IRPA___Brussels__Belgium__KIK_IRPA_n__11056191,polychromé; cuit[céramique],hauteur: 16 cm,,,
/376/photography_ProvidedCHO_Royal_Institute_for_Cultural_Heritage__KIK_IRPA___Brussels__Belgium__KIK_IRPA_n__11056192,doré; polychromé; cuit[céramique]; golden,,,,
/376/photography_ProvidedCHO_Royal_Institute_for_Cultural_Heritage__KIK_IRPA___Brussels__Belgium__KIK_IRPA_n__11056193,polychromé; cuit[céramique],hauteur: 14 cm,,,
/376/photography_ProvidedCHO_Royal_Institute_for_Cultural_Heritage__KIK_IRPA___Brussels__Belgium__KIK_IRPA_n__11056194,polychromé; cuit[céramique],hauteur: 12.3 cm,,,
/376/photography_ProvidedCHO_Royal_Institute_for_Cultural_Heritage__KIK_IRPA___Brussels__Belgium__KIK_IRPA_n__11056195,polychromé; cuit[céramique],hauteur: 12.5 cm,,,
/376/photography_ProvidedCHO_Royal_Institute_for_Cultural_Heritage__KIK_IRPA___Brussels__Belgium__KIK_IRPA_n__11056197,painted; peint; cuit[céramique],hauteur: 12.5 cm,,,
/376/photography_ProvidedCHO_Royal_Institute_for_Cultural_Heritage__KIK_IRPA___Brussels__Belgium__KIK_IRPA_n__11056207,painted; peint; cuit[céramique],hauteur: 11 cm,,,
/376/photography_ProvidedCHO_Royal_Institute_for_Cultural_Heritage__KIK_IRPA___Brussels__Belgium__KIK_IRPA_n__11056208,painted; peint; cuit[céramique],hauteur: 11.7 cm,,,
/376/photography_ProvidedCHO_Royal_Institute_for_Cultural_Heritage__KIK_IRPA___Brussels__Belgium__KIK_IRPA_n__11056209,polychromé; cuit[céramique],hauteur: 10 cm,,,
/376/photography_ProvidedCHO_Royal_Institute_for_Cultural_Heritage__KIK_IRPA___Brussels__Belgium__KIK_IRPA_n__11056210,polychromé; cuit[céramique],hauteur: 12 cm,,,
/376/photography_ProvidedCHO_Royal_Institute_for_Cultural_Heritage__KIK_IRPA___Brussels__Belgium__KIK_IRPA_n__11056212,polychromé; cuit[céramique],hauteur: 5 cm,,,
/376/photography_ProvidedCHO_Royal_Institute_for_Cultural_Heritage__KIK_IRPA___Brussels__Belgium__KIK_IRPA_n__11056214,technique de sculpture; polychromé; cuit[céramique],hauteur: 15 cm,,,
/376/photography_ProvidedCHO_Royal_Institute_for_Cultural_Heritage__KIK_IRPA___Brussels__Belgium__KIK_IRPA_n__11056215,ajouré[sculpture]; polychromé; cuit[céramique],hauteur: 12 cm,,,
/376/photography_ProvidedCHO_Royal_Institute_for_Cultural_Heritage__KIK_IRPA___Brussels__Belgium__KIK_IRPA_n__11056216,polychromé; cuit[céramique],hauteur: 13 cm,,,
/376/photography_ProvidedCHO_Royal_Institute_for_Cultural_Heritage__KIK_IRPA___Brussels__Belgium__KIK_IRPA_n__11056218,ajouré[sculpture]; peint; cuit[céramique]; painted,hauteur: 15.5 cm,,,
/376/photography_ProvidedCHO_Royal_Institute_for_Cultural_Heritage__KIK_IRPA___Brussels__Belgium__KIK_IRPA_n__11056220,painted; technique de sculpture; peint; cuit[céramique],hauteur: 11 cm,,,
/376/photography_ProvidedCHO_Royal_Institute_for_Cultural_Heritage__KIK_IRPA___Brussels__Belgium__KIK_IRPA_n__11056221,polychromé; cuit[céramique],hauteur: 16.5 cm,,,
/376/photography_ProvidedCHO_Royal_Institute_for_Cultural_Heritage__KIK_IRPA___Brussels__Belgium__KIK_IRPA_n__11056227,polychromé; cuit[céramique],hauteur: 13.5 cm,,,
/376/photography_ProvidedCHO_Royal_Institute_for_Cultural_Heritage__KIK_IRPA___Brussels__Belgium__KIK_IRPA_n__11056228,technique de sculpture; polychromé; cuit[céramique],hauteur: 11 cm,,,
/376/photography_ProvidedCHO_Royal_Institute_for_Cultural_Heritage__KIK_IRPA___Brussels__Belgium__KIK_IRPA_n__11056229,polychromé; cuit[céramique],hauteur: 15.5 cm,,,
/376/photography_ProvidedCHO_Royal_Institute_for_Cultural_Heritage__KIK_IRPA___Brussels__Belgium__KIK_IRPA_n__11056230,technique de sculpture; polychromé; cuit[céramique]; ajouré[sculpture],hauteur: 12.5 cm,,,
/376/photography_ProvidedCHO_Royal_Institute_for_Cultural_Heritage__KIK_IRPA___Brussels__Belgium__KIK_IRPA_n__11056234,polychromé; cuit[céramique],hauteur: 15.5 cm,,,
/376/photography_ProvidedCHO_Royal_Institute_for_Cultural_Heritage__KIK_IRPA___Brussels__Belgium__KIK_IRPA_n__11056235,polychromé; cuit[céramique],hauteur: 15.5 cm,,,
/376/photography_ProvidedCHO_Royal_Institute_for_Cultural_Heritage__KIK_IRPA___Brussels__Belgium__KIK_IRPA_n__11056236,polychromé; cuit[céramique],hauteur: 18 cm,,,
/376/photography_ProvidedCHO_Royal_Institute_for_Cultural_Heritage__KIK_IRPA___Brussels__Belgium__KIK_IRPA_n__11056237,polychromé; cuit[céramique],hauteur: 12.5 cm,,,
/376/photography_ProvidedCHO_Royal_Institute_for_Cultural_Heritage__KIK_IRPA___Brussels__Belgium__KIK_IRPA_n__11056239,enameling technique; polychromé; cuit[céramique]; technique d'émaillage,hauteur: 15 cm,,,
/376/photography_ProvidedCHO_Royal_Institute_for_Cultural_Heritage__KIK_IRPA___Brussels__Belgium__KIK_IRPA_n__11056241,polychromé; cuit[céramique],hauteur: 11.5 cm; height: 11.5 cm,,,
/376/photography_ProvidedCHO_Royal_Institute_for_Cultural_Heritage__KIK_IRPA___Brussels__Belgium__KIK_IRPA_n__11056243,enameling technique; polychromé; cuit[céramique]; technique d'émaillage,hauteur: 13.7 cm,,,
/376/photography_ProvidedCHO_Royal_Institute_for_Cultural_Heritage__KIK_IRPA___Brussels__Belgium__KIK_IRPA_n__11056245,polychromé; cuit[céramique],hauteur: 14.5 cm,,,
/376/photography_ProvidedCHO_Royal_Institute_for_Cultural_Heritage__KIK_IRPA___Brussels__Belgium__KIK_IRPA_n__11056246,polychromé; cuit[céramique],hauteur: 11.7 cm,,,
/376/photography_ProvidedCHO_Royal_Institute_for_Cultural_Heritage__KIK_IRPA___Brussels__Belgium__KIK_IRPA_n__11056247,polychromé; cuit[céramique],hauteur: 9 cm,,,
/376/photography_ProvidedCHO_Royal_Institute_for_Cultural_Heritage__KIK_IRPA___Brussels__Belgium__KIK_IRPA_n__11056248,polychromé; cuit[céramique],hauteur: 14.5 cm,,,
/376/photography_ProvidedCHO_Royal_Institute_for_Cultural_Heritage__KIK_IRPA___Brussels__Belgium__KIK_IRPA_n__11056250,polychromé; cuit[céramique],hauteur: 12.5 cm,,,
/376/photography_ProvidedCHO_Royal_Institute_for_Cultural_Heritage__KIK_IRPA___Brussels__Belgium__KIK_IRPA_n__11056251,polychromé; cuit[céramique],hauteur: 12.5 cm,,,
/376/photography_ProvidedCHO_Royal_Institute_for_Cultural_Heritage__KIK_IRPA___Brussels__Belgium__KIK_IRPA_n__11056252,polychromé; cuit[céramique],hauteur: 12 cm,,,
/376/photography_ProvidedCHO_Royal_Institute_for_Cultural_Heritage__KIK_IRPA___Brussels__Belgium__KIK_IRPA_n__11061357,polychromé; cuit[céramique],hauteur: 10 cm  diamètre: 5.7 cm,,,
/376/photography_ProvidedCHO_Royal_Institute_for_Cultural_Heritage__KIK_IRPA___Brussels__Belgium__KIK_IRPA_n__11061359,polychromé; cuit[céramique],largeur: 13 cm,,,
/376/photography_ProvidedCHO_Royal_Institute_for_Cultural_Heritage__KIK_IRPA___Brussels__Belgium__KIK_IRPA_n__11061431,ajouré[sculpture]; cuit[céramique],hauteur: 40 cm,,,
/376/photography_ProvidedCHO_Royal_Institute_for_Cultural_Heritage__KIK_IRPA___Brussels__Belgium__KIK_IRPA_n__11061447,enameling technique; painted; peint; cuit[céramique]; technique d'émaillage,hauteur: 35 cm,,,
/376/photography_ProvidedCHO_Royal_Institute_for_Cultural_Heritage__KIK_IRPA___Brussels__Belgium__KIK_IRPA_n__11061460,doré; polychromé; cuit[céramique]; golden,hauteur: 11 cm  diamètre: 13.5 cm; height: 11 cm diameter: 13.5 cm,,,
/376/photography_ProvidedCHO_Royal_Institute_for_Cultural_Heritage__KIK_IRPA___Brussels__Belgium__KIK_IRPA_n__11061461,polychromé; cuit[céramique],hauteur: 15.5 cm,,,
/376/photography_ProvidedCHO_Royal_Institute_for_Cultural_Heritage__KIK_IRPA___Brussels__Belgium__KIK_IRPA_n__11061462,polychromé; cuit[céramique],hauteur: 11 cm,,,
/376/photography_ProvidedCHO_Royal_Institute_for_Cultural_Heritage__KIK_IRPA___Brussels__Belgium__KIK_IRPA_n__11061463,polychromé; cuit[céramique],hauteur: 10 cm,,,
/376/photography_ProvidedCHO_Royal_Institute_for_Cultural_Heritage__KIK_IRPA___Brussels__Belgium__KIK_IRPA_n__11061464,polychromé; cuit[céramique],hauteur: 13 cm  diamètre: 15.5 cm; height: 13 cm diameter: 15.5 cm,,,
/376/photography_ProvidedCHO_Royal_Institute_for_Cultural_Heritage__KIK_IRPA___Brussels__Belgium__KIK_IRPA_n__11061465,ajouré[sculpture]; polychromé; cuit[céramique],hauteur: 15 cm  diamètre: 15.5 cm; height: 15 cm diameter: 15.5 cm,,,
/376/photography_ProvidedCHO_Royal_Institute_for_Cultural_Heritage__KIK_IRPA___Brussels__Belgium__KIK_IRPA_n__11061466,polychromé; cuit[céramique],hauteur: 10 cm  diamètre: 15 cm,,,
/376/photography_ProvidedCHO_Royal_Institute_for_Cultural_Heritage__KIK_IRPA___Brussels__Belgium__KIK_IRPA_n__11061467,modelé[technique]; polychromé; cuit[céramique],hauteur: 20 cm,,,
/376/photography_ProvidedCHO_Royal_Institute_for_Cultural_Heritage__KIK_IRPA___Brussels__Belgium__KIK_IRPA_n__11061468,polychromé; cuit[céramique],hauteur: 16.5 cm,,,
/376/photography_ProvidedCHO_Royal_Institute_for_Cultural_Heritage__KIK_IRPA___Brussels__Belgium__KIK_IRPA_n__11061471,polychromé; cuit[céramique],hauteur: 12 cm  diamètre: 14.5 cm; height: 12 cm diameter: 14.5 cm,,,
/376/photography_ProvidedCHO_Royal_Institute_for_Cultural_Heritage__KIK_IRPA___Brussels__Belgium__KIK_IRPA_n__11061473,doré; polychromé; cuit[céramique]; golden,hauteur: 11.5 cm  diamètre: 12.5 cm; height: 11.5 cm diameter: 12.5 cm,,,
/376/photography_ProvidedCHO_Royal_Institute_for_Cultural_Heritage__KIK_IRPA___Brussels__Belgium__KIK_IRPA_n__11061476,polychromé; cuit[céramique],hauteur: 12.5 cm  diamètre: 14 cm; height: 12.5 cm diameter: 14 cm,,,
/376/photography_ProvidedCHO_Royal_Institute_for_Cultural_Heritage__KIK_IRPA___Brussels__Belgium__KIK_IRPA_n__11061481,polychromé; cuit[céramique],hauteur: 11.7 cm,,,
/376/photography_ProvidedCHO_Royal_Institute_for_Cultural_Heritage__KIK_IRPA___Brussels__Belgium__KIK_IRPA_n__11061490,polychromé; cuit[céramique],hauteur: 12 cm,,,
/376/photography_ProvidedCHO_Royal_Institute_for_Cultural_Heritage__KIK_IRPA___Brussels__Belgium__KIK_IRPA_n__11061491,polychromé; cuit[céramique],hauteur: 9.6 cm  diamètre: 15.5 cm,,,
/376/photography_ProvidedCHO_Royal_Institute_for_Cultural_Heritage__KIK_IRPA___Brussels__Belgium__KIK_IRPA_n__11061492,polychromé; cuit[céramique],hauteur: 9.6 cm  diamètre: 15.5 cm,,,
/376/photography_ProvidedCHO_Royal_Institute_for_Cultural_Heritage__KIK_IRPA___Brussels__Belgium__KIK_IRPA_n__11063048,polychromé; cuit[céramique],hauteur: 34.6 cm  diamètre: 8 cm,,,
/376/photography_ProvidedCHO_Royal_Institute_for_Cultural_Heritage__KIK_IRPA___Brussels__Belgium__KIK_IRPA_n__11063233,camaine [painting]; painted; camaïeu[peinture]; peint; cuit[céramique],,,,
/376/photography_ProvidedCHO_Royal_Institute_for_Cultural_Heritage__KIK_IRPA___Brussels__Belgium__KIK_IRPA_n__11063398,enameling technique; polychromé; cuit[céramique]; technique d'émaillage,hauteur: 25 cm,,,
/376/photography_ProvidedCHO_Royal_Institute_for_Cultural_Heritage__KIK_IRPA___Brussels__Belgium__KIK_IRPA_n__11063515,technique de sculpture; polychromé; cuit[céramique],hauteur: 27.3 cm,,,
/376/photography_ProvidedCHO_Royal_Institute_for_Cultural_Heritage__KIK_IRPA___Brussels__Belgium__KIK_IRPA_n__11063517,polychromé; cuit[céramique],hauteur: 27.3 cm,,,
/376/photography_ProvidedCHO_Royal_Institute_for_Cultural_Heritage__KIK_IRPA___Brussels__Belgium__KIK_IRPA_n__11063523,polychromé; cuit[céramique],,,,
/376/photography_ProvidedCHO_Royal_Institute_for_Cultural_Heritage__KIK_IRPA___Brussels__Belgium__KIK_IRPA_n__11063965,technique de sculpture; polychromé; cuit[céramique],hauteur: 34.5 cm,,,
/376/photography_ProvidedCHO_Royal_Institute_for_Cultural_Heritage__KIK_IRPA___Brussels__Belgium__KIK_IRPA_n__11064313,polychromé; cuit[céramique],hauteur: 12 cm,,,
/376/photography_ProvidedCHO_Royal_Institute_for_Cultural_Heritage__KIK_IRPA___Brussels__Belgium__KIK_IRPA_n__112790,baking [pottery]; bakken[aardewerk],hoogte: 11.5 cm,,,
/376/photography_ProvidedCHO_Royal_Institute_for_Cultural_Heritage__KIK_IRPA___Brussels__Belgium__KIK_IRPA_n__112920,baking [pottery]; bakken[aardewerk],Height: 16 cm; hoogte: 16 cm,,,
/376/photography_ProvidedCHO_Royal_Institute_for_Cultural_Heritage__KIK_IRPA___Brussels__Belgium__KIK_IRPA_n__115372,baking [pottery]; bakken[aardewerk],Height: 10 cm; hoogte: 10 cm,,,
/376/photography_ProvidedCHO_Royal_Institute_for_Cultural_Heritage__KIK_IRPA___Brussels__Belgium__KIK_IRPA_n__115373,baking [pottery]; bakken[aardewerk],hoogte: 22.2 cm,,,
/376/photography_ProvidedCHO_Royal_Institute_for_Cultural_Heritage__KIK_IRPA___Brussels__Belgium__KIK_IRPA_n__132811,bakken[aardewerk]; geschilderd; glazuren; glaze; baking [pottery]; painted,hoogte: 13.2 cm,,,
/376/photography_ProvidedCHO_Royal_Institute_for_Cultural_Heritage__KIK_IRPA___Brussels__Belgium__KIK_IRPA_n__132828,bakken[aardewerk]; geschilderd; glazuren; glaze; baking [pottery]; painted,hoogte: 11.8 cm,,,
/376/photography_ProvidedCHO_Royal_Institute_for_Cultural_Heritage__KIK_IRPA___Brussels__Belgium__KIK_IRPA_n__132840,bakken[aardewerk]; geschilderd; glazuren; glaze; baking [pottery]; painted,Height: 11 cm; hoogte: 11 cm,,,
/376/photography_ProvidedCHO_Royal_Institute_for_Cultural_Heritage__KIK_IRPA___Brussels__Belgium__KIK_IRPA_n__132849,bakken[aardewerk]; geschilderd; glazuren; glaze; baking [pottery]; painted,hoogte: 11.4 cm,,,
/376/photography_ProvidedCHO_Royal_Institute_for_Cultural_Heritage__KIK_IRPA___Brussels__Belgium__KIK_IRPA_n__132850,bakken[aardewerk]; geschilderd; glazuren; glaze; baking [pottery]; painted,hoogte: 11.9 cm,,,
/376/photography_ProvidedCHO_Royal_Institute_for_Cultural_Heritage__KIK_IRPA___Brussels__Belgium__KIK_IRPA_n__132863,bakken[aardewerk]; geschilderd; glazuren; glaze; baking [pottery]; painted,hoogte: 12.9 cm,,,
/376/photography_ProvidedCHO_Royal_Institute_for_Cultural_Heritage__KIK_IRPA___Brussels__Belgium__KIK_IRPA_n__132875,bakken[aardewerk]; geschilderd; glazuren; glaze; baking [pottery]; painted,hoogte: 12.3 cm,,,
/376/photography_ProvidedCHO_Royal_Institute_for_Cultural_Heritage__KIK_IRPA___Brussels__Belgium__KIK_IRPA_n__132880,baking [pottery]; bakken[aardewerk],hoogte: 12.3 cm,,,
/376/photography_ProvidedCHO_Royal_Institute_for_Cultural_Heritage__KIK_IRPA___Brussels__Belgium__KIK_IRPA_n__132882,bakken[aardewerk]; geschilderd; glazuren; glaze; baking [pottery]; painted,Height: 13 cm; hoogte: 13 cm,,,
/376/photography_ProvidedCHO_Royal_Institute_for_Cultural_Heritage__KIK_IRPA___Brussels__Belgium__KIK_IRPA_n__132905,bakken[aardewerk]; geschilderd; glazuren; glaze; baking [pottery]; painted,hoogte: 9.8 cm,,,
/376/photography_ProvidedCHO_Royal_Institute_for_Cultural_Heritage__KIK_IRPA___Brussels__Belgium__KIK_IRPA_n__132932,bakken[aardewerk]; geschilderd; glazuren; glaze; baking [pottery]; painted,hoogte: 12.2 cm,,,
/376/photography_ProvidedCHO_Royal_Institute_for_Cultural_Heritage__KIK_IRPA___Brussels__Belgium__KIK_IRPA_n__132933,bakken[aardewerk]; geschilderd; glazuren; glaze; baking [pottery]; painted,Height: 26.1 cm; hoogte: 26.1 cm,,,
/376/photography_ProvidedCHO_Royal_Institute_for_Cultural_Heritage__KIK_IRPA___Brussels__Belgium__KIK_IRPA_n__132935,bakken[aardewerk]; geschilderd; glazuren; glaze; baking [pottery]; painted,hoogte: 11.7 cm,,,
/376/photography_ProvidedCHO_Royal_Institute_for_Cultural_Heritage__KIK_IRPA___Brussels__Belgium__KIK_IRPA_n__132936,bakken[aardewerk]; geschilderd; glazuren; glaze; baking [pottery]; painted,hoogte: 12.6 cm,,,
/376/photography_ProvidedCHO_Royal_Institute_for_Cultural_Heritage__KIK_IRPA___Brussels__Belgium__KIK_IRPA_n__132938,bakken[aardewerk]; geschilderd; glazuren; glaze; baking [pottery]; painted,hoogte: 8.4 cm,,,
/376/photography_ProvidedCHO_Royal_Institute_for_Cultural_Heritage__KIK_IRPA___Brussels__Belgium__KIK_IRPA_n__132939,bakken[aardewerk]; geschilderd; glazuren; glaze; baking [pottery]; painted,hoogte: 10.7 cm,,,
/376/photography_ProvidedCHO_Royal_Institute_for_Cultural_Heritage__KIK_IRPA___Brussels__Belgium__KIK_IRPA_n__132981,bakken[aardewerk]; geschilderd; glazuren; glaze; baking [pottery]; painted,hoogte: 8.6 cm,,,
/376/photography_ProvidedCHO_Royal_Institute_for_Cultural_Heritage__KIK_IRPA___Brussels__Belgium__KIK_IRPA_n__132982,bakken[aardewerk]; geschilderd; glazuren; glaze; baking [pottery]; painted,hoogte: 7.5 cm,,,
/376/photography_ProvidedCHO_Royal_Institute_for_Cultural_Heritage__KIK_IRPA___Brussels__Belgium__KIK_IRPA_n__132983,bakken[aardewerk]; geschilderd; glazuren; glaze; baking [pottery]; painted,hoogte: 8.3 cm,,,
/376/photography_ProvidedCHO_Royal_Institute_for_Cultural_Heritage__KIK_IRPA___Brussels__Belgium__KIK_IRPA_n__132984,bakken[aardewerk]; geschilderd; glazuren; glaze; baking [pottery]; painted,hoogte: 10.8 cm,,,
/376/photography_ProvidedCHO_Royal_Institute_for_Cultural_Heritage__KIK_IRPA___Brussels__Belgium__KIK_IRPA_n__132985,bakken[aardewerk]; geschilderd; glazuren; glaze; baking [pottery]; painted,hoogte: 12.8 cm,,,
/376/photography_ProvidedCHO_Royal_Institute_for_Cultural_Heritage__KIK_IRPA___Brussels__Belgium__KIK_IRPA_n__132986,bakken[aardewerk]; geschilderd; glazuren; glaze; baking [pottery]; painted,hoogte: 13.6 cm,,,
/376/photography_ProvidedCHO_Royal_Institute_for_Cultural_Heritage__KIK_IRPA___Brussels__Belgium__KIK_IRPA_n__132987,bakken[aardewerk]; geschilderd; glazuren; glaze; baking [pottery]; painted,hoogte: 12.4 cm,,,
/376/photography_ProvidedCHO_Royal_Institute_for_Cultural_Heritage__KIK_IRPA___Brussels__Belgium__KIK_IRPA_n__132988,bakken[aardewerk]; geschilderd; glazuren; glaze; baking [pottery]; painted,hoogte: 12.5 cm,,,
/376/photography_ProvidedCHO_Royal_Institute_for_Cultural_Heritage__KIK_IRPA___Brussels__Belgium__KIK_IRPA_n__133033,bakken[aardewerk]; geschilderd; glazuren; glaze; baking [pottery]; painted,hoogte: 13.3 cm,,,
/376/photography_ProvidedCHO_Royal_Institute_for_Cultural_Heritage__KIK_IRPA___Brussels__Belgium__KIK_IRPA_n__133040,bakken[aardewerk]; geschilderd; glazuren; glaze; baking [pottery]; painted,hoogte: 10.3 cm,,,
/376/photography_ProvidedCHO_Royal_Institute_for_Cultural_Heritage__KIK_IRPA___Brussels__Belgium__KIK_IRPA_n__151602,baking [pottery]; bakken[aardewerk],hoogte: 8 cm,,,
/376/photography_ProvidedCHO_Royal_Institute_for_Cultural_Heritage__KIK_IRPA___Brussels__Belgium__KIK_IRPA_n__20013004,cuit[céramique],hauteur: 10 cm  diamètre: 4.5 cm,,,
/376/photography_ProvidedCHO_Royal_Institute_for_Cultural_Heritage__KIK_IRPA___Brussels__Belgium__KIK_IRPA_n__20014386,cuit[céramique],hauteur: 12 cm  diamètre: 6 cm,,,
/376/photography_ProvidedCHO_Royal_Institute_for_Cultural_Heritage__KIK_IRPA___Brussels__Belgium__KIK_IRPA_n__20014388,molded; painted; peint; cuit[céramique]; moulé,hauteur: 13 cm  diamètre: 3.8 cm,,,
/376/photography_ProvidedCHO_Royal_Institute_for_Cultural_Heritage__KIK_IRPA___Brussels__Belgium__KIK_IRPA_n__20014408,cuit[céramique],hauteur: 11 cm  diamètre: 5.5 cm; height: 11 cm diameter: 5.5 cm,,,
/376/photography_ProvidedCHO_Royal_Institute_for_Cultural_Heritage__KIK_IRPA___Brussels__Belgium__KIK_IRPA_n__20014409,cuit[céramique],hauteur: 11 cm  diamètre: 5.5 cm; height: 11 cm diameter: 5.5 cm,,,
/376/photography_ProvidedCHO_Royal_Institute_for_Cultural_Heritage__KIK_IRPA___Brussels__Belgium__KIK_IRPA_n__20014411,cuit[céramique],hauteur: 12 cm  diamètre: 5 cm,,,
/376/photography_ProvidedCHO_Royal_Institute_for_Cultural_Heritage__KIK_IRPA___Brussels__Belgium__KIK_IRPA_n__20014416,cuit[céramique],hauteur: 15.5 cm,,,
/376/photography_ProvidedCHO_Royal_Institute_for_Cultural_Heritage__KIK_IRPA___Brussels__Belgium__KIK_IRPA_n__20014439,cuit[céramique],hauteur: 11 cm  diamètre: 5.2 cm,,,
/376/photography_ProvidedCHO_Royal_Institute_for_Cultural_Heritage__KIK_IRPA___Brussels__Belgium__KIK_IRPA_n__20014442,cuit[céramique],hauteur: 9.5 cm  diamètre: 4.3 cm,,,
/376/photography_ProvidedCHO_Royal_Institute_for_Cultural_Heritage__KIK_IRPA___Brussels__Belgium__KIK_IRPA_n__20014468,cuit[céramique],hauteur: 8.5 cm  diamètre: 4 cm,,,
/376/photography_ProvidedCHO_Royal_Institute_for_Cultural_Heritage__KIK_IRPA___Brussels__Belgium__KIK_IRPA_n__20014469,polychromé; cuit[céramique],hauteur: 12 cm  diamètre: 6.5 cm,,,
/376/photography_ProvidedCHO_Royal_Institute_for_Cultural_Heritage__KIK_IRPA___Brussels__Belgium__KIK_IRPA_n__20014470,cuit[céramique],hauteur: 4.5 cm  diamètre: 4 cm,,,
/376/photography_ProvidedCHO_Royal_Institute_for_Cultural_Heritage__KIK_IRPA___Brussels__Belgium__KIK_IRPA_n__20014472,cuit[céramique],hauteur: 10 cm  diamètre: 4.5 cm,,,
/376/photography_ProvidedCHO_Royal_Institute_for_Cultural_Heritage__KIK_IRPA___Brussels__Belgium__KIK_IRPA_n__20014473,cuit[céramique],hauteur: 17.5 cm  diamètre: 7 cm,,,
/376/photography_ProvidedCHO_Royal_Institute_for_Cultural_Heritage__KIK_IRPA___Brussels__Belgium__KIK_IRPA_n__20014478,cuit[céramique],hauteur: 17 cm  diamètre: 7 cm,,,
/376/photography_ProvidedCHO_Royal_Institute_for_Cultural_Heritage__KIK_IRPA___Brussels__Belgium__KIK_IRPA_n__20014482,polychromé; cuit[céramique],hauteur: 15.5 cm  diamètre: 8 cm,,,
/376/photography_ProvidedCHO_Royal_Institute_for_Cultural_Heritage__KIK_IRPA___Brussels__Belgium__KIK_IRPA_n__20014487,cuit[céramique],hauteur: 10.3 cm  diamètre: 5 cm,,,
/376/photography_ProvidedCHO_Royal_Institute_for_Cultural_Heritage__KIK_IRPA___Brussels__Belgium__KIK_IRPA_n__20014489,cuit[céramique],hauteur: 14 cm  diamètre: 4.5 cm,,,
/376/photography_ProvidedCHO_Royal_Institute_for_Cultural_Heritage__KIK_IRPA___Brussels__Belgium__KIK_IRPA_n__20014505,cuit[céramique],hauteur: 24 cm  diamètre: 9 cm,,,
/376/photography_ProvidedCHO_Royal_Institute_for_Cultural_Heritage__KIK_IRPA___Brussels__Belgium__KIK_IRPA_n__20014508,cuit[céramique],hauteur: 11.5 cm  diamètre: 12.8 cm; height: 11.5 cm diameter: 12.8 cm,,,
/376/photography_ProvidedCHO_Royal_Institute_for_Cultural_Heritage__KIK_IRPA___Brussels__Belgium__KIK_IRPA_n__20014529,cuit[céramique],hauteur: 17 cm  diamètre: 8.5 cm,,,
/376/photography_ProvidedCHO_Royal_Institute_for_Cultural_Heritage__KIK_IRPA___Brussels__Belgium__KIK_IRPA_n__20014532,polychromé; cuit[céramique],hauteur: 27 cm  diamètre: 7 cm,,,
/376/photography_ProvidedCHO_Royal_Institute_for_Cultural_Heritage__KIK_IRPA___Brussels__Belgium__KIK_IRPA_n__20016766,cuit[céramique],hauteur: 10.5 cm  diamètre: 4.5 cm,,,
/376/photography_ProvidedCHO_Royal_Institute_for_Cultural_Heritage__KIK_IRPA___Brussels__Belgium__KIK_IRPA_n__20016767,cuit[céramique],hauteur: 10.5 cm  diamètre: 6 cm,,,
/376/photography_ProvidedCHO_Royal_Institute_for_Cultural_Heritage__KIK_IRPA___Brussels__Belgium__KIK_IRPA_n__20016768,cuit[céramique],hauteur: 11.5 cm  diamètre: 5.3 cm; height: 11.5 cm diameter: 5.3 cm,,,
/376/photography_ProvidedCHO_Royal_Institute_for_Cultural_Heritage__KIK_IRPA___Brussels__Belgium__KIK_IRPA_n__20016791,cuit[céramique],hauteur: 11 cm  diamètre: 4.5 cm,,,
/376/photography_ProvidedCHO_Royal_Institute_for_Cultural_Heritage__KIK_IRPA___Brussels__Belgium__KIK_IRPA_n__20016792,cuit[céramique],hauteur: 11 cm  diamètre: 6 cm,,,
/376/photography_ProvidedCHO_Royal_Institute_for_Cultural_Heritage__KIK_IRPA___Brussels__Belgium__KIK_IRPA_n__20016793,cuit[céramique],hauteur: 11 cm  diamètre: 5.8 cm,,,
/376/photography_ProvidedCHO_Royal_Institute_for_Cultural_Heritage__KIK_IRPA___Brussels__Belgium__KIK_IRPA_n__20016794,cuit[céramique],hauteur: 13 cm  diamètre: 6 cm,,,
/376/photography_ProvidedCHO_Royal_Institute_for_Cultural_Heritage__KIK_IRPA___Brussels__Belgium__KIK_IRPA_n__20017040,cuit[céramique],hauteur: 8.5 cm  diamètre: 5.5 cm; height: 8.5 cm diameter: 5.5 cm,,,
/376/photography_ProvidedCHO_Royal_Institute_for_Cultural_Heritage__KIK_IRPA___Brussels__Belgium__KIK_IRPA_n__20017076,cuit[céramique],hauteur: 10.5 cm  diamètre: 4.5 cm,,,
/376/photography_ProvidedCHO_Royal_Institute_for_Cultural_Heritage__KIK_IRPA___Brussels__Belgium__KIK_IRPA_n__20017077,cuit[céramique],diameter: 14 cm; diamètre: 14 cm,,,
/376/photography_ProvidedCHO_Royal_Institute_for_Cultural_Heritage__KIK_IRPA___Brussels__Belgium__KIK_IRPA_n__20017078,cuit[céramique],hauteur: 11 cm  diamètre: 6 cm,,,
/376/photography_ProvidedCHO_Royal_Institute_for_Cultural_Heritage__KIK_IRPA___Brussels__Belgium__KIK_IRPA_n__20017082,cuit[céramique],hauteur: 16 cm  diamètre: 3.2 cm,,,
/376/photography_ProvidedCHO_Royal_Institute_for_Cultural_Heritage__KIK_IRPA___Brussels__Belgium__KIK_IRPA_n__20017083,cuit[céramique],hauteur: 12.5 cm  diamètre: 6.5 cm; height: 12.5 cm diameter: 6.5 cm,,,
/376/photography_ProvidedCHO_Royal_Institute_for_Cultural_Heritage__KIK_IRPA___Brussels__Belgium__KIK_IRPA_n__20017084,cuit[céramique],hauteur: 13 cm  diamètre: 5.4 cm,,,
/376/photography_ProvidedCHO_Royal_Institute_for_Cultural_Heritage__KIK_IRPA___Brussels__Belgium__KIK_IRPA_n__20017085,cuit[céramique],hauteur: 10.8 cm  diamètre: 6 cm,,,
/376/photography_ProvidedCHO_Royal_Institute_for_Cultural_Heritage__KIK_IRPA___Brussels__Belgium__KIK_IRPA_n__20017088,cuit[céramique],hauteur: 10.5 cm  diamètre: 5.2 cm,,,
/376/photography_ProvidedCHO_Royal_Institute_for_Cultural_Heritage__KIK_IRPA___Brussels__Belgium__KIK_IRPA_n__20017091,cuit[céramique],hauteur: 13 cm  diamètre: 5.6 cm,,,
/376/photography_ProvidedCHO_Royal_Institute_for_Cultural_Heritage__KIK_IRPA___Brussels__Belgium__KIK_IRPA_n__20017092,cuit[céramique],hauteur: 13 cm  diamètre: 5.6 cm,,,
/376/photography_ProvidedCHO_Royal_Institute_for_Cultural_Heritage__KIK_IRPA___Brussels__Belgium__KIK_IRPA_n__20017093,cuit[céramique],hauteur: 11.5 cm  diamètre: 6 cm,,,
/376/photography_ProvidedCHO_Royal_Institute_for_Cultural_Heritage__KIK_IRPA___Brussels__Belgium__KIK_IRPA_n__20017094,cuit[céramique],diameter: 15.3 cm; diamètre: 15.3 cm,,,
/376/photography_ProvidedCHO_Royal_Institute_for_Cultural_Heritage__KIK_IRPA___Brussels__Belgium__KIK_IRPA_n__20017099,cuit[céramique],hauteur: 13 cm  diamètre: 6.2 cm,,,
/376/photography_ProvidedCHO_Royal_Institute_for_Cultural_Heritage__KIK_IRPA___Brussels__Belgium__KIK_IRPA_n__20017107,cuit[céramique],hauteur: 24 cm  diamètre: 7.8 cm,,,
/376/photography_ProvidedCHO_Royal_Institute_for_Cultural_Heritage__KIK_IRPA___Brussels__Belgium__KIK_IRPA_n__20017113,cuit[céramique],hauteur: 10 cm  diamètre: 5.2 cm  longueur: 11.5 cm; height: 10 cm in diameter: 5.2 cm in length: 11.5 cm,,,
/376/photography_ProvidedCHO_Royal_Institute_for_Cultural_Heritage__KIK_IRPA___Brussels__Belgium__KIK_IRPA_n__20017116,cuit[céramique],hauteur: 8.8 cm  diamètre: 5.5 cm; height: 8.8 cm diameter: 5.5 cm,,,
/376/photography_ProvidedCHO_Royal_Institute_for_Cultural_Heritage__KIK_IRPA___Brussels__Belgium__KIK_IRPA_n__20017123,cuit[céramique],hauteur: 12 cm  diamètre: 5.5 cm; height: 12 cm diameter: 5.5 cm,,,
/376/photography_ProvidedCHO_Royal_Institute_for_Cultural_Heritage__KIK_IRPA___Brussels__Belgium__KIK_IRPA_n__20017124,cuit[céramique],hauteur: 12.5 cm  diamètre: 6 cm,,,
/376/photography_ProvidedCHO_Royal_Institute_for_Cultural_Heritage__KIK_IRPA___Brussels__Belgium__KIK_IRPA_n__20017125,cuit[céramique],hauteur: 10.5 cm  diamètre: 6 cm,,,
/376/photography_ProvidedCHO_Royal_Institute_for_Cultural_Heritage__KIK_IRPA___Brussels__Belgium__KIK_IRPA_n__20017126,cuit[céramique],hauteur: 12 cm  diamètre: 5.8 cm,,,
/376/photography_ProvidedCHO_Royal_Institute_for_Cultural_Heritage__KIK_IRPA___Brussels__Belgium__KIK_IRPA_n__20017127,cuit[céramique],hauteur: 13 cm  diamètre: 6.3 cm,,,
/376/photography_ProvidedCHO_Royal_Institute_for_Cultural_Heritage__KIK_IRPA___Brussels__Belgium__KIK_IRPA_n__20017234,cuit[céramique],hauteur: 12 cm  diamètre: 5.5 cm; height: 12 cm diameter: 5.5 cm,,,
/376/photography_ProvidedCHO_Royal_Institute_for_Cultural_Heritage__KIK_IRPA___Brussels__Belgium__KIK_IRPA_n__20017235,cuit[céramique],diameter: 15.5 cm; diamètre: 15.5 cm,,,
/376/photography_ProvidedCHO_Royal_Institute_for_Cultural_Heritage__KIK_IRPA___Brussels__Belgium__KIK_IRPA_n__20017236,cuit[céramique],hauteur: 12 cm  diamètre: 5.5 cm; height: 12 cm diameter: 5.5 cm,,,
/376/photography_ProvidedCHO_Royal_Institute_for_Cultural_Heritage__KIK_IRPA___Brussels__Belgium__KIK_IRPA_n__20017237,cuit[céramique],diameter: 16 cm; diamètre: 16 cm,,,
/376/photography_ProvidedCHO_Royal_Institute_for_Cultural_Heritage__KIK_IRPA___Brussels__Belgium__KIK_IRPA_n__20017238,cuit[céramique],hauteur: 10 cm  diamètre: 4.5 cm,,,
/376/photography_ProvidedCHO_Royal_Institute_for_Cultural_Heritage__KIK_IRPA___Brussels__Belgium__KIK_IRPA_n__20017239,cuit[céramique],diameter: 15.5 cm; diamètre: 15.5 cm,,,
/376/photography_ProvidedCHO_Royal_Institute_for_Cultural_Heritage__KIK_IRPA___Brussels__Belgium__KIK_IRPA_n__20017242,cuit[céramique],hauteur: 21.9 cm  diamètre: 3.8 cm; height: 21.9 cm diameter: 3.8 cm,,,
/376/photography_ProvidedCHO_Royal_Institute_for_Cultural_Heritage__KIK_IRPA___Brussels__Belgium__KIK_IRPA_n__20017243,cuit[céramique],hauteur: 9 cm  diamètre: 3.6 cm,,,
/376/photography_ProvidedCHO_Royal_Institute_for_Cultural_Heritage__KIK_IRPA___Brussels__Belgium__KIK_IRPA_n__20017244,cuit[céramique],hauteur: 11.5 cm  diamètre: 6 cm,,,
/376/photography_ProvidedCHO_Royal_Institute_for_Cultural_Heritage__KIK_IRPA___Brussels__Belgium__KIK_IRPA_n__20017245,cuit[céramique],hauteur: 12 cm  diamètre: 5.4 cm,,,
/376/photography_ProvidedCHO_Royal_Institute_for_Cultural_Heritage__KIK_IRPA___Brussels__Belgium__KIK_IRPA_n__20017246,cuit[céramique],hauteur: 12 cm  diamètre: 5.1 cm,,,
/376/photography_ProvidedCHO_Royal_Institute_for_Cultural_Heritage__KIK_IRPA___Brussels__Belgium__KIK_IRPA_n__20017248,cuit[céramique],hauteur: 13 cm  diamètre: 5.7 cm,,,
/376/photography_ProvidedCHO_Royal_Institute_for_Cultural_Heritage__KIK_IRPA___Brussels__Belgium__KIK_IRPA_n__20017249,cuit[céramique],hauteur: 12.5 cm  diamètre: 5 cm; height: 12.5 cm diameter: 5 cm,,,
/376/photography_ProvidedCHO_Royal_Institute_for_Cultural_Heritage__KIK_IRPA___Brussels__Belgium__KIK_IRPA_n__20017251,cuit[céramique],hauteur: 15 cm  diamètre: 2.6 cm,,,
/376/photography_ProvidedCHO_Royal_Institute_for_Cultural_Heritage__KIK_IRPA___Brussels__Belgium__KIK_IRPA_n__20017253,cuit[céramique],hauteur: 20 cm  diamètre: 7.5 cm,,,
/376/photography_ProvidedCHO_Royal_Institute_for_Cultural_Heritage__KIK_IRPA___Brussels__Belgium__KIK_IRPA_n__20017258,cuit[céramique],hauteur: 18.9 cm  diamètre: 4.5 cm,,,
/376/photography_ProvidedCHO_Royal_Institute_for_Cultural_Heritage__KIK_IRPA___Brussels__Belgium__KIK_IRPA_n__20017259,cuit[céramique],hauteur: 8.5 cm  diamètre: 4.8 cm,,,
/376/photography_ProvidedCHO_Royal_Institute_for_Cultural_Heritage__KIK_IRPA___Brussels__Belgium__KIK_IRPA_n__20017260,cuit[céramique],hauteur: 12 cm  diamètre: 4.3 cm,,,
/376/photography_ProvidedCHO_Royal_Institute_for_Cultural_Heritage__KIK_IRPA___Brussels__Belgium__KIK_IRPA_n__20017261,cuit[céramique],hauteur: 15.5 cm  diamètre: 4 cm,,,
/376/photography_ProvidedCHO_Royal_Institute_for_Cultural_Heritage__KIK_IRPA___Brussels__Belgium__KIK_IRPA_n__20017264,cuit[céramique],hauteur: 12 cm,,,
/376/photography_ProvidedCHO_Royal_Institute_for_Cultural_Heritage__KIK_IRPA___Brussels__Belgium__KIK_IRPA_n__20017269,cuit[céramique],hauteur: 15 cm  diamètre: 5 cm,,,
/376/photography_ProvidedCHO_Royal_Institute_for_Cultural_Heritage__KIK_IRPA___Brussels__Belgium__KIK_IRPA_n__20017271,cuit[céramique],hauteur: 25 cm  diamètre: 5.5 cm; height: 25 cm diameter: 5.5 cm,,,
/376/photography_ProvidedCHO_Royal_Institute_for_Cultural_Heritage__KIK_IRPA___Brussels__Belgium__KIK_IRPA_n__20017272,cuit[céramique],hauteur: 17 cm  diamètre: 7 cm,,,
/376/photography_ProvidedCHO_Royal_Institute_for_Cultural_Heritage__KIK_IRPA___Brussels__Belgium__KIK_IRPA_n__20017274,cuit[céramique],,,,
/376/photography_ProvidedCHO_Royal_Institute_for_Cultural_Heritage__KIK_IRPA___Brussels__Belgium__KIK_IRPA_n__20017275,cuit[céramique],,,,
/376/photography_ProvidedCHO_Royal_Institute_for_Cultural_Heritage__KIK_IRPA___Brussels__Belgium__KIK_IRPA_n__20017938,cuit[céramique],hauteur: 11.5 cm  diamètre: 5 cm,,,
/376/photography_ProvidedCHO_Royal_Institute_for_Cultural_Heritage__KIK_IRPA___Brussels__Belgium__KIK_IRPA_n__20017941,cuit[céramique],hauteur: 20 cm  diamètre: 3 cm,,,
/376/photography_ProvidedCHO_Royal_Institute_for_Cultural_Heritage__KIK_IRPA___Brussels__Belgium__KIK_IRPA_n__20017944,polychromé; cuit[céramique],hauteur: 18 cm  diamètre: 5 cm,,,
/376/photography_ProvidedCHO_Royal_Institute_for_Cultural_Heritage__KIK_IRPA___Brussels__Belgium__KIK_IRPA_n__20017955,cuit[céramique],hauteur: 11.3 cm  diamètre: 4.5 cm; height: 11.3 cm diameter: 4.5 cm,,,
/376/photography_ProvidedCHO_Royal_Institute_for_Cultural_Heritage__KIK_IRPA___Brussels__Belgium__KIK_IRPA_n__20017956,cuit[céramique],diameter: 16 cm; diamètre: 16 cm,,,
/376/photography_ProvidedCHO_Royal_Institute_for_Cultural_Heritage__KIK_IRPA___Brussels__Belgium__KIK_IRPA_n__20017957,cuit[céramique],hauteur: 12.5 cm  diamètre: 7 cm,,,
/376/photography_ProvidedCHO_Royal_Institute_for_Cultural_Heritage__KIK_IRPA___Brussels__Belgium__KIK_IRPA_n__20017959,cuit[céramique],hauteur: 9.5 cm  diamètre: 4 cm,,,
/376/photography_ProvidedCHO_Royal_Institute_for_Cultural_Heritage__KIK_IRPA___Brussels__Belgium__KIK_IRPA_n__20017960,cuit[céramique],hauteur: 13 cm  diamètre: 4.5 cm,,,
/1088/item_A4WJF2RZEWP6F2G763E7IOI5LJ43PG3P,http://data.europeana.eu/concept/1757; http://vocab.getty.edu/aat/300010662; gedreht (Material/Technik); handgemalt (Material/Technik); gegossen (Material/Technik),"Breite: 5,8 cm (285_1b (Kanne Deckel)); Breite: 16,5 cm (285_1a (Kanne Korpus)); Durchmesser: 7 cm (285_1a (Kanne Korpus)); Höhe: 18 cm (285_1a (Kanne Korpus)); Tiefe: 10,5 cm (285_1a (Kanne Korpus)); Höhe: 4,7 cm (285_1b (Kanne Deckel))",,,
/1088/item_EOX44VYIG7RJV7UIGCUJTJBB7OJ3LGGT,http://data.europeana.eu/concept/1757; http://vocab.getty.edu/aat/300010662; gedreht (Material/Technik); handgemalt (Material/Technik); gegossen (Material/Technik),"Höhe: 7,9 cm (77_2 (Tasse)); Höhe: 5,3 cm (77_1b (Deckel)); Höhe: 6,2 cm (77_2 (Tasse)); Höhe: 7,5 cm (77_1b (Deckel)); Durchmesser: 10,2 cm (77_1a (Korpus Kanne)); Höhe: 14,5 cm (77_1a (Korpus Kanne)); Breite: 18,6 cm (77_1a (Korpus Kanne)); Höhe: 5,8 cm (77_2 (Tasse))",,,
/1088/item_G7GKGGFZMWJRNF7TXP4GZDHCNLTVDKSC,http://data.europeana.eu/concept/1757; http://vocab.getty.edu/aat/300010662; handgemalt (Material/Technik); gegossen (Material/Technik),"Breite: 8,7 cm (486_4a (Zuckerdose Korpus)); Durchmesser: 13,3 cm (486_5b (Untertasse)); Höhe: 7,9 cm (486_4a (Zuckerdose Korpus)); Höhe: 2,8 cm (486_2 (ovale Platte)); Höhe: 5 cm (486_1b (Kanne Deckel)); Tiefe: 31,5 cm (486_2 (ovale Platte)); Höhe: 2,8 cm (486_5b (Untertasse)); Breite: 7,5 cm (486_3 (Milchgießer)); Breite: 11 cm (486_5a (Tasse)); Höhe: 2,8 cm (486_6b (Untertasse)); Breite: 40 cm (486_2 (ovale Platte)); Tiefe: 10 cm (486_3 (Milchgießer)); Höhe: 14 cm (486_3 (Milchgießer)); Durchmesser: 13,5 cm (486_6b (Untertasse)); Höhe: 9 cm (486_6a (Tasse)); Höhe: 5 cm (486_4b (Zuckerdose Deckel)); Breite: 13,2 cm (486_1a (Kanne Korpus)); Tiefe: 9,5 cm (486_1a (Kanne Korpus)); Tiefe: 8,4 cm (486_5a (Tasse)); Höhe: 9 cm (486_5a (Tasse)); Tiefe: 8,4 cm (486_4a (Zuckerdose Korpus)); Tiefe: 8,3 cm (486_6a (Tasse)); Durchmesser: 9 cm (486_4b (Zuckerdose Deckel)); Höhe: 18 cm (486_1a (Kanne Korpus)); Durchmesser: 5 cm (486_1b (Kanne Deckel)); Breite: 11 cm (486_6a (Tasse))",,,
/1088/item_OUUPC5DC3HRGLLKA2VFEDLYX33BSFAR7,http://data.europeana.eu/concept/1757; http://vocab.getty.edu/aat/300010662; gedreht (Material/Technik); handgemalt (Material/Technik); gegossen (Material/Technik),"Tiefe: 10 cm (423_1a (Kanne Korpus)); Höhe: 5,8 cm (423_1b (Kanne Deckel)); Durchmesser: 7 cm (423_1b (Kanne Deckel)); Breite: 16 cm (423_1a (Kanne Korpus)); Höhe: 19 cm (423_1a (Kanne Korpus))",,,
/1088/item_XYKDIKFIWSPYPOZWUZKJEHAAIF4IFHYF,http://data.europeana.eu/concept/1757; http://vocab.getty.edu/aat/300010662; https://d-nb.info/gnd/4008167-9; handgemalt (Material/Technik); gegossen (Material/Technik); gedreht (Material/Technik),"Durchmesser: 7 cm (73_1a (Tasse)); Höhe: 2,5 cm (73_1b (Untertasse)); Tiefe: 10,2 cm (73_7a (Kanne Korpus)); Durchmesser: 6 cm (73_7b (Kanne Deckel)); Durchmesser: 14,2 cm (73_1b (Untertasse)); Höhe: 16,5 cm (73_7a (Kanne Korpus)); Breite: 9 cm (73_1a (Tasse)); Breite: 16 cm (73_7a (Kanne Korpus)); Höhe: 7,5 cm (73_1a (Tasse)); Durchmesser: 23,3 cm (73_6 (Teller)); Durchmesser: 7 cm (73_7a (Kanne Korpus)); Höhe: 3,3 cm (73_6 (Teller)); Höhe: 4,2 cm (73_7b (Kanne Deckel))",,,
/1014/item_CDRGHQLAUELS5EUXPSTBA62Z2ZYQJSNJ,Porzellan (Material/Technik); Filz (Material/Technik); Chrom (Material/Technik),,,,
/1091/item_5IDIGUSPAWIGXOCWWUNLACVTVGMGRGAU,Alpacca versilbert (Material/Technik),Gesamthöhe: 22 mm; Durchmesser: 187 mm,,,
/1091/item_M3IODGMYNM4ROHN3HERA5GYNNIOFBQHG,18/8 Chromnickelstahl (Material/Technik),110 x 115 mm; Durchmesser: 70 mm,,,
/1091/item_PDODBDXX5NJ4QDWWNR4YAMXY5XPM2RBV,18/8 Chromnickelstahl (Material/Technik),118 x 115 mm; Durchmesser: 75 mm,,,
/1091/item_SCBYAGBA2KAX2UWCFXTK62KXN6LOPKVK,"Edelstahl, Holz (Material/Technik)",Objektmaß: 140 x 130 x 68 mm,,,
/1176/item_2CIPYFG6RBAIL5UEUFPOKZCURF2CLUQO,http://data.europeana.eu/concept/1757; http://vocab.getty.edu/aat/300010662,,,LVR-Freilichtmuseum Kommern,
/1176/item_2HOXJAW6H4YOBYPU2ZFNJHW45A47LPEH,https://d-nb.info/gnd/4021190-3; https://d-nb.info/gnd/4127840-9,,,LVR-Freilichtmuseum Kommern,
/1176/item_2IVWGIIAFDXSRF7WP5N6LUC62PDDT4MG,http://data.europeana.eu/concept/2747; https://d-nb.info/gnd/4064881-3; Textilfaser (Material); https://d-nb.info/gnd/4057504-4; http://vocab.getty.edu/aat/300014041,"Gesamt (zusammengefaltet): Breite: 22,5 cm; Tiefe: 1 cm; Höhe: 34,5 cm
Gesamt (aufgestellt): Breite: 22,5 cm; Tiefe: 22,5 cm; Höhe: 34,5 cm",,LVR-Freilichtmuseum Kommern,
/1176/item_3COF4JKW3B4F5YMGRJDGSM2A3RPGRAKG,gebrannt (Technik); https://d-nb.info/gnd/4127840-9,Gesamt: Höhe: 19 cm,,LVR-Freilichtmuseum Kommern,
/1176/item_3MMV3NRC53MEKYTMLHFXIYW6FMVI7G4B,http://data.europeana.eu/concept/1796; http://vocab.getty.edu/aat/300014570; Textilfaser (Material),Gesamt: Breite: 34 cm; Tiefe: 7 cm; Höhe: 25 cm,,LVR-Freilichtmuseum Kommern,
/1176/item_444ZPKDPP7TEUXS7KCACLFD2FJAR5WJZ,https://d-nb.info/gnd/4021190-3; https://d-nb.info/gnd/4127840-9,,,LVR-Freilichtmuseum Kommern,
/1176/item_54QIGQVCAXVTB2UBNSF6QBFSJJIZ4MWJ,https://d-nb.info/gnd/4021190-3; https://d-nb.info/gnd/4127840-9,Gesamt: Höhe: 18 cm,,LVR-Freilichtmuseum Kommern,
/1176/item_5AQVJVPBEW2BKF6C7HV5HQUUVIJCA6OV,http://data.europeana.eu/concept/1757; http://vocab.getty.edu/aat/300010662; https://d-nb.info/gnd/4021190-3,"Teil (Kaffeekanne): Höhe: 22,8 cm; Durchmesser: 13 cm (Durchmesser (max.))
Teil (Zuckerdose): Höhe: 12,5 cm; Durchmesser: 10,5 cm (Durchmesser (max.))
Teil (Milchkännchen): Höhe: 9 cm; Durchmesser: 9,5 cm (Durchmesser (max.))
Teil (Tasse): Höhe: 6,6 cm; Durchmesser: 8,7 cm (Durchmesser (max.))
Teil (Untertasse): Durchmesser: 14,3 cm
Teil (Kuchenteller): Durchmesser: 18,8 cm",,LVR-Freilichtmuseum Kommern,
/1176/item_5KCPGSOCFAIL33ZX3AIIN6BP6ZP3EWV5,http://data.europeana.eu/concept/229; http://data.europeana.eu/concept/1766; http://vocab.getty.edu/aat/300010900; https://d-nb.info/gnd/4152058-0,"Gesamt: Höhe: 28,5 cm; Bodendurchmesser: 18,5 cm",,LVR-Freilichtmuseum Kommern,
/1176/item_5MGFEGGEU5HPC3QGTIKSPYJHQJWNWRHX,https://d-nb.info/gnd/4021190-3; https://d-nb.info/gnd/4127840-9,Gesamt: Höhe: 25 cm,,LVR-Freilichtmuseum Kommern,
/1176/item_5VGGCUI7G2LEHV7G6KHRHKPB7S3Z3L55,https://d-nb.info/gnd/4021190-3; https://d-nb.info/gnd/4127840-9,Gesamt: Höhe: 16 cm; Durchmesser: 9 cm,,LVR-Freilichtmuseum Kommern,
/1176/item_6XJEAHF64CHZ3AFBQH3SCPC2TSOCBPYM,http://data.europeana.eu/concept/1772; https://d-nb.info/gnd/4138919-0; http://vocab.getty.edu/aat/300010946,"Gesamt: Höhe: 20 cm; Bodendurchmesser: 12,5 cm",,LVR-Freilichtmuseum Kommern,
/1176/item_A4ZSBHYDNRZ3IDUHHPP24PNQH7B2YFXF,https://d-nb.info/gnd/4021190-3; https://d-nb.info/gnd/4127840-9,"Teil (Kaffeetasse): Höhe: 7,5 cm; Durchmesser: 8,5 cm
Teil (Kaffeekanne): Höhe: 21 cm; Bodendurchmesser: 12,5 cm
Teil (Untertasse): Höhe: 1,6 cm; Durchmesser: 14,6 cm
Teil (Kuchenteller): Höhe: 1,6 cm; Durchmesser: 19 cm
Teil (Milchkännchen): Höhe: 8,8 cm; Bodendurchmesser: 7 cm",,LVR-Freilichtmuseum Kommern,
/1176/item_AR4BCWBHFAI7UPRSL45UU77RHCUVL4SU,https://d-nb.info/gnd/4021190-3; https://d-nb.info/gnd/4127840-9; bedruckt (Technik); https://d-nb.info/gnd/4219617-6http://d-nb.info/gnd/4473873-0,Gesamt: Höhe: 22 cm,,LVR-Freilichtmuseum Kommern,
/1176/item_ATGF6BEIHCHLVZKAUFHV6CKN4ZMQPEAA,https://d-nb.info/gnd/4021190-3; https://d-nb.info/gnd/4127840-9; bedruckt (Technik); https://d-nb.info/gnd/4219617-6http://d-nb.info/gnd/4473873-0,,,LVR-Freilichtmuseum Kommern,
/1176/item_BOLDWUNOJILKWW2GGGICW5C47EYSMM4I,http://data.europeana.eu/concept/1766; http://vocab.getty.edu/aat/300010900,Gesamt: Tiefe: 29 cm; Höhe: 29 cm,,LVR-Freilichtmuseum Kommern,
/1176/item_BZKVMFFXIRXMIPR46JNTIFBMIJD63UWA,http://data.europeana.eu/concept/229; http://data.europeana.eu/concept/1767; http://vocab.getty.edu/aat/300053104; http://vocab.getty.edu/aat/300011002; https://d-nb.info/gnd/4152058-0,Gesamt: Breite: 47 cm; Höhe: 25 cm,,LVR-Freilichtmuseum Kommern,
/1176/item_C4NZYFTT7B3NN2X5DO3VDUZIVV4PAOW5,https://d-nb.info/gnd/4021190-3; https://d-nb.info/gnd/4127840-9; bedruckt (Technik); https://d-nb.info/gnd/4219617-6http://d-nb.info/gnd/4473873-0,,,LVR-Freilichtmuseum Kommern,
/1176/item_DIOYGL6IQMHJEB6AHSN5EIZ2KACL33WF,http://data.europeana.eu/concept/1766; http://vocab.getty.edu/aat/300010900,"Gesamt: Breite: 33,5 cm; Tiefe: 23 cm; Höhe: 15 cm",,LVR-Freilichtmuseum Kommern,
/1176/item_DLOPC5XPWJJDV56GPR6TPNHWPDKXNIJR,https://d-nb.info/gnd/4021190-3; https://d-nb.info/gnd/4127840-9,,,LVR-Freilichtmuseum Kommern,
/1176/item_EOSFIDCHM7GQUDVUMCODEJHSV3CSULQC,Textilfaser (Material); http://vocab.getty.edu/aat/300010900; https://d-nb.info/gnd/4152058-0; http://data.europeana.eu/concept/229; http://data.europeana.eu/concept/1766,Gesamt: Höhe: 23 cm; Durchmesser: 24 cm (Durchmesser (Oberseite)),,LVR-Freilichtmuseum Kommern,
/1176/item_FFCQJWMDYMRBG4DYJSJYZNFXVT44NXAB,http://data.europeana.eu/concept/31; http://data.europeana.eu/concept/1766; http://vocab.getty.edu/aat/300053104; http://vocab.getty.edu/aat/300010900; https://d-nb.info/gnd/4021190-3; http://vocab.getty.edu/aat/300235507,Gesamt: Höhe: 24 cm,,LVR-Freilichtmuseum Kommern,
/1176/item_FMHHMCX32V76MZUYGSALBNV4EBTYTH6H,http://data.europeana.eu/concept/1766; http://data.europeana.eu/concept/1757; http://vocab.getty.edu/aat/300010662; http://vocab.getty.edu/aat/300010900,"Gesamt: Höhe: 19,5 cm",,LVR-Freilichtmuseum Kommern,
/1176/item_GBLODPWEMMTHNBFUNJFTL445STUSJ5HP,https://d-nb.info/gnd/4021190-3; https://d-nb.info/gnd/4127840-9; bedruckt (Technik); https://d-nb.info/gnd/4219617-6http://d-nb.info/gnd/4473873-0,Gesamt: Höhe: 14 cm,,LVR-Freilichtmuseum Kommern,
/1176/item_IZVJEAXQ3FBH2TJNZUV7NCUHFXGUQYTB,gebrannt (Technik); https://d-nb.info/gnd/4127840-9,Gesamt: Höhe: 13 cm,,LVR-Freilichtmuseum Kommern,
/1176/item_KAJMPFBFJVENVR4C4KS6XAHOYMIHTIDD,http://data.europeana.eu/concept/1757; http://vocab.getty.edu/aat/300010662,"Gesamt: Höhe: 19,5 cm",,LVR-Freilichtmuseum Kommern,
/1176/item_LAZ6REHF36GZJOH7HB6AJRNLPPMRASLV,https://d-nb.info/gnd/4021190-3; https://d-nb.info/gnd/4127840-9,"Gesamt: Höhe: 21 cm; Bodendurchmesser: 12,5 cm",,LVR-Freilichtmuseum Kommern,
/1176/item_MQ6RNEJ5ASEUQEF67UJT6VP2RCW76EAU,https://d-nb.info/gnd/4021190-3; https://d-nb.info/gnd/4127840-9,Gesamt: Durchmesser: 9 cm,,LVR-Freilichtmuseum Kommern,
/1176/item_MYOZJFYGAR4OJRCPP7PIOIMBT6OJENNH,http://data.europeana.eu/concept/2090; https://d-nb.info/gnd/4124801-6; http://vocab.getty.edu/aat/300014109,"Gesamt: Breite: 15 cm; Tiefe: 20,5 cm",,LVR-Freilichtmuseum Kommern,
/1176/item_OLIK7GXHBEKOWWN6HI3X5TYODSKU7BW7,http://data.europeana.eu/concept/1757; http://vocab.getty.edu/aat/300010662; https://d-nb.info/gnd/4021190-3,Gesamt: Höhe: 21 cm; Durchmesser: 8 cm,,LVR-Freilichtmuseum Kommern,
/1176/item_P5WZHLPDR2CQWNZR5QERR7WEEGFBMPMG,http://data.europeana.eu/concept/1796; http://vocab.getty.edu/aat/300014570; Textilfaser (Material); http://vocab.getty.edu/aat/300014565,Gesamt: Breite: 30 cm; Tiefe: 8 cm; Höhe: 33 cm,,LVR-Freilichtmuseum Kommern,
/1176/item_P64523SB2ZTH3UYTTZ52WNGUEFBNQVCP,https://d-nb.info/gnd/4021190-3; https://d-nb.info/gnd/4127840-9; bedruckt (Technik); https://d-nb.info/gnd/4219617-6http://d-nb.info/gnd/4473873-0,Gesamt: Höhe: 27 cm,,LVR-Freilichtmuseum Kommern,
/1176/item_QCBUQ5MDIMYGZPN5MKGOUU464PM4CODX,https://d-nb.info/gnd/4021190-3; https://d-nb.info/gnd/4127840-9,"Gesamt: Höhe: 19,5 cm; Bodendurchmesser: 7 cm",,LVR-Freilichtmuseum Kommern,
/1176/item_QNIW36XFQEC54IRLZ7G7GZUVEKXY4FXC,https://d-nb.info/gnd/4021190-3; https://d-nb.info/gnd/4127840-9; bedruckt (Technik); https://d-nb.info/gnd/4219617-6http://d-nb.info/gnd/4473873-0,,,LVR-Freilichtmuseum Kommern,
/1176/item_QQOJFCIUKW7JOO4OAKQ5TJPKR7H4KHZH,https://d-nb.info/gnd/4021190-3; https://d-nb.info/gnd/4127840-9; bedruckt (Technik); https://d-nb.info/gnd/4219617-6http://d-nb.info/gnd/4473873-0,"Gesamt: Durchmesser: 20,5 cm",,LVR-Freilichtmuseum Kommern,
/1176/item_SBS3MQTBR6JV7EH3NIZ64DT4ZJWFRDMW,https://d-nb.info/gnd/4021190-3; https://d-nb.info/gnd/4127840-9; https://d-nb.info/gnd/4219617-6http://d-nb.info/gnd/4473873-0,,,LVR-Freilichtmuseum Kommern,
/1176/item_TMJMJNQNNLHJGRPDVEVTRGODN42VM2SK,https://d-nb.info/gnd/4021190-3; https://d-nb.info/gnd/4127840-9; https://d-nb.info/gnd/4219617-6http://d-nb.info/gnd/4473873-0,Gesamt: Höhe: 21 cm,,LVR-Freilichtmuseum Kommern,
/1176/item_TNTUBS4ZRBJ3JT42ZS4TRX3FBDVE6OWZ,Filz (Material); http://vocab.getty.edu/aat/300011914; http://vocab.getty.edu/aat/300010900; https://d-nb.info/gnd/4127840-9; http://data.europeana.eu/concept/1766; http://data.europeana.eu/concept/1816,"Gesamt: Höhe: 25 cm; Durchmesser: 12,5 cm",,LVR-Freilichtmuseum Kommern,
/1176/item_TQKN2KKHQEWWC3QSWSHRWXM4LDM5RT7P,Filz (Material); https://d-nb.info/gnd/4127840-9; http://vocab.getty.edu/aat/300011914; http://vocab.getty.edu/aat/300010900; https://d-nb.info/gnd/4021190-3; http://data.europeana.eu/concept/1766; http://data.europeana.eu/concept/1816,Gesamt: Höhe: 25 cm; Durchmesser: 12 cm,,LVR-Freilichtmuseum Kommern,
/1176/item_UEIFEGAMEZC2IULOJZJQZT6KKK3WW5WA,https://d-nb.info/gnd/4021190-3; https://d-nb.info/gnd/4127840-9; bedruckt (Technik); https://d-nb.info/gnd/4219617-6http://d-nb.info/gnd/4473873-0,Gesamt: Höhe: 21 cm,,LVR-Freilichtmuseum Kommern,
/1176/item_WNLB47UWRSMBQDLCAI27RJBTTKXHH3HN,http://data.europeana.eu/concept/1766; http://data.europeana.eu/concept/1816; https://d-nb.info/gnd/4021190-3; http://vocab.getty.edu/aat/300011914; https://d-nb.info/gnd/4127840-9; http://vocab.getty.edu/aat/300010900,"Gesamt: Höhe: 22,5 cm; Bodendurchmesser: 19 cm",,LVR-Freilichtmuseum Kommern,
/1176/item_WQ2VR7VZF6CXXEHX3JGPQ4FES7WQL4JA,http://data.europeana.eu/concept/1766; http://data.europeana.eu/concept/1757; http://vocab.getty.edu/aat/300010662; Filz (Material); http://vocab.getty.edu/aat/300010900,Gesamt: Höhe: 20 cm; Durchmesser: 16 cm (Durchmesser (max.)),,LVR-Freilichtmuseum Kommern,
/1176/item_YOFIZUU6M4R32FASS2UR6R5VRNTSVGP6,https://d-nb.info/gnd/4021190-3; https://d-nb.info/gnd/4127840-9,,,LVR-Freilichtmuseum Kommern,
/1176/item_YPZ6ZDF3MZMRGQ6ITUHXGIBGN24GURH2,https://d-nb.info/gnd/4021190-3; https://d-nb.info/gnd/4127840-9,Gesamt: Höhe: 14 cm,,LVR-Freilichtmuseum Kommern,
/1176/item_ZFHAPAXEFSLLD565O6DKYXESJGHFPMZ7,http://vocab.getty.edu/aat/300223016,"Gesamt: Breite: 16,5 cm; Tiefe: 16,5 cm; Höhe: 11 cm",,LVR-Freilichtmuseum Kommern,
/1176/item_ZGLS5PJMXGBWLQXEYWGANV3UJWLIYGZQ,https://d-nb.info/gnd/4021190-3; https://d-nb.info/gnd/4127840-9,"Gesamt: Höhe: 18,2 cm; Bodendurchmesser: 15,5 cm",,LVR-Freilichtmuseum Kommern,
/1176/item_ZIIB6WVHTHH4O7FDM4FMFQL35TXWLUYG,http://data.europeana.eu/concept/1766; http://vocab.getty.edu/aat/300010900,"Gesamt: Breite: 22 cm; Tiefe: 17,5 cm; Höhe: 20,5 cm",,LVR-Freilichtmuseum Kommern,
/1176/item_ZLDQO45EAB37BN25D3K4WI7Q4624CUX2,https://d-nb.info/gnd/4021190-3; https://d-nb.info/gnd/4127840-9,Gesamt: Höhe: 24 cm,,LVR-Freilichtmuseum Kommern,
/1333/BOTANYXAMDX79587,,,,,
/1333/BOTANYXWAGX1103084,,,,,
/1332/BOTANYXLX3363135,,,,,
/1332/BOTANYXLX3363189,,,,,
/1332/BOTANYXWAGX1103083,,,,,
/1324/BOTANYXLX3363132,,,,,
/1324/BOTANYXLX3363236,,,,,
/1324/BOTANYXLX3798542,,,,,
/1324/BOTANYXWAGX1103080,,,,,
/1323/BOTANYXLX3363193,,,,,
/1311/BOTANYXAMDX79579,,,,,
/1310/BOTANYXLX2700712,,,,,
/1292/BOTANYXLX3363131,,,,,
/1292/BOTANYXLX3363210,,,,,
/1292/BOTANYXWAGX1103072,,,,,
/1291/BOTANYXAMDX79582,,,,,
/957/GMLC_343_001,Longueur : 0.2 m ; Largeur : 0 m ; Hauteur : 0.17 m,,,Mobilier national,
/957/GMLC_343_002,Longueur : 0.09 m ; Largeur : 0 m ; Hauteur : 0.16 m,,,Mobilier national,
/957/GMLC_343_003,Longueur : 0.1 m ; Largeur : 0 m ; Hauteur : 0.16 m,,,Mobilier national,
/957/GMLC_343_004,Longueur : 0.1 m ; Largeur : 0 m ; Hauteur : 0.17 m,,,Mobilier national,
/957/GMLC_732_002,Longueur : 0.22 m ; Largeur : 0.13 m ; Hauteur : 0.12 m,,,Mobilier national,
/957/GMLC_750_004,Longueur : 0.15 m ; Largeur : 0 m ; Hauteur : 0.14 m,,,Mobilier national,
/957/GMLC_752_001,Longueur : 0.16 m ; Largeur : 0 m ; Hauteur : 0.18 m,,,Mobilier national,
/957/GMLC_752_002,Longueur : 0.16 m ; Largeur : 0.1 m ; Hauteur : 0.09 m,,,Mobilier national,
/957/GMLC_752_003,Longueur : 0.12 m ; Largeur : 0 m ; Hauteur : 0.14 m,,,Mobilier national,
/957/GMLC_752_004,Longueur : 0.39 m ; Largeur : 0 m ; Hauteur : 0.03 m,,,Mobilier national,
/957/GML_10489_000,Longueur : 0 m ; Largeur : 0.25 m ; Hauteur : 0.255 m,,,Mobilier national,
/192/item_CYSF5ACYMH7EQHCVQESJAWDYL76M5YUG,"Kupfer innen verzinnt, Holz, Messing (Material/Technik); Kupfer innen verzinnt, Holz, Messing (Material)","Höhe: 14 cm, Durchmesser: 14 cm, Stückzahl: 1, Griff 17 cm",,Freilichtmuseum Roscheider Hof,
/192/item_HSZIYBB3O6E5HFRUOTM3TZRRO6AYZI3N,ZInkguss (Material); ZInkguss (Material/Technik),"Länge: 27 cm, Höhe: 21 cm, Durchmesser: 20 cm, Stückzahl: 1",,Freilichtmuseum Roscheider Hof,
/2058611/_kimnet_cho_0afb8665_b984_724a_90d5_ca0b804f85a9,,,,,Museen Muttenz
/2058611/_kimnet_cho_550f39f2_c51e_6742_a785_2a12065739db,,,,,Museen Muttenz
/2058611/_kimnet_cho_65c2cda9_edcc_ff4c_87ce_f835f531bc4b,,,,,Museen Muttenz
/2058611/_kimnet_cho_b5a4cd7c_17d0_c948_a402_308bd622e0c4,,,,,Museen Muttenz
/206/item_5M24DFIULOWOYIOF4MK4TOPBQG3AO6DK,,,,,
/1236/item_22G3PTPCIR4C6HFZBG4JM6ECVKX3DUDH,gebrannt (Material/Technik); https://d-nb.info/gnd/4046851-3; glasiert (Material/Technik); geformt (Material/Technik); http://data.europeana.eu/concept/1757,"Höhe: 8.0 cm (Deckel); Breite: 12.0 cm, Durchmesser: 8.5 cm",,Badisches Landesmuseum,
/1236/item_23OQ4QMWDX6VP6NOIJNVZG6BFMOTUNRD,https://d-nb.info/gnd/4410323-2; https://d-nb.info/gnd/4127928-1,"Höhe: 10.7 cm, Breite: 12.3 cm, Länge: 19.3 cm",,Badisches Landesmuseum,
/1236/item_26TJJPNFQTNA43LV3PG6XBP7IQMMH3DU,http://data.europeana.eu/concept/1757; https://d-nb.info/gnd/4438236-4; https://d-nb.info/gnd/4046851-3; glasiert (Material/Technik); gebrannt (Material/Technik); bemalt (Material/Technik); gegossen (Material/Technik),"Höhe: 21.0 cm, Breite: 14.0 cm (Gesamt); Höhe: 4.5 cm, Durchmesser: 7.4 cm (Deckel)",,Badisches Landesmuseum,
/1236/item_2AX6BIUSCHTISEBPWDKCNTDF4KA2EZKH,https://d-nb.info/gnd/4410323-2; https://d-nb.info/gnd/4127928-1,"Durchmesser: 6.4 cm (Standring); Höhe: 19.5 cm, Durchmesser: 11.0 cm (Gesamt); Durchmesser: 6.8 cm (Hals)",,Badisches Landesmuseum,
/1236/item_33CMNHRNSPSP4ON2NEZ6SRYGN5BVTLW6,gebrannt (Material/Technik); gegossen (Material/Technik); glasiert (Material/Technik),"Höhe: 7.5 cm, Länge: 10.5 cm, Durchmesser: 7.5 cm",,Badisches Landesmuseum,
/1236/item_3W2WHFP7CFOA4AHSPZ7MQVWZ36IDHSQ4,http://data.europeana.eu/concept/1757; https://d-nb.info/gnd/4046851-3; glasiert (Material/Technik); gebrannt (Material/Technik); bemalt (Material/Technik); gegossen (Material/Technik),"Durchmesser: 7.4 cm (Standring); Höhe: 3.0 cm, Durchmesser: 14.0 cm (Untertasse)",,Badisches Landesmuseum,
/1236/item_4EFY4R2OCZROGYVGIQ6X5R5FJVR4PZ7S,http://data.europeana.eu/concept/1771; http://data.europeana.eu/concept/1757; https://d-nb.info/gnd/4438236-4; https://d-nb.info/gnd/4046851-3; glasiert (Material/Technik); gebrannt (Material/Technik); bemalt (Material/Technik); gegossen (Material/Technik); https://d-nb.info/gnd/4157819-3,"Höhe: 4.7 cm, Durchmesser: 7.5 cm",,Badisches Landesmuseum,
/1236/item_4FAIOKYXIA2UE3CYHU7FT5LOEM33CNH3,gebrannt (Material/Technik); gegossen (Material/Technik); glasiert (Material/Technik),"Höhe: 7.0 cm, Länge: 9.5 cm, Durchmesser: 7.2 cm",,Badisches Landesmuseum,
/1236/item_4LANF6V2H6CRDNNR33SVK3OVRAZJARMH,gebrannt (Material/Technik); https://d-nb.info/gnd/4046851-3; gegossen (Material/Technik); glasiert (Material/Technik); http://data.europeana.eu/concept/1757,"Länge: 21.0 cm, Durchmesser: 13.5 cm; Höhe: 5.0 cm, Durchmesser: 9.0 cm (Deckel); Höhe: 16.0 cm (Gesamt)",,Badisches Landesmuseum,
/1236/item_4PDEXJIDDS4U5WKDMJUHQ77H4S75P2PH,https://d-nb.info/gnd/4410323-2; https://d-nb.info/gnd/4127928-1,"Höhe: 24.0 cm, Durchmesser: 12.5 cm",,Badisches Landesmuseum,
/1236/item_5A36Z3ZS4ABVHHT3J4KB77BRQ6ZYXYS5,gebrannt (Material/Technik); glasiert (Material/Technik); geformt (Material/Technik),"Durchmesser: 23.2 cm, Höhe: 4.1 cm",,Badisches Landesmuseum,
/1236/item_5F4OARJUY4IGUR7733NZMVZHIQFYB6PH,http://data.europeana.eu/concept/1771; http://data.europeana.eu/concept/1757; https://d-nb.info/gnd/4438236-4; https://d-nb.info/gnd/4046851-3; glasiert (Material/Technik); gebrannt (Material/Technik); bemalt (Material/Technik); gegossen (Material/Technik); https://d-nb.info/gnd/4157819-3,"Höhe: 4.4 cm, Durchmesser: 7.6 cm",,Badisches Landesmuseum,
/1236/item_5H43I5J3Y6QW5LJCR2YA7HZ2EPUKGZYI,bemalt (Material/Technik); https://d-nb.info/gnd/4046851-3; glasiert (Material/Technik); http://data.europeana.eu/concept/1757,"Höhe: 12.1 cm, Breite: 11.2 cm, Tiefe: 8.0 cm",,Badisches Landesmuseum,
/1236/item_6HAOC6VKRKTVBDZ64OMJMUKT6R767U5W,http://data.europeana.eu/concept/1771; http://data.europeana.eu/concept/1757; https://d-nb.info/gnd/4438236-4; https://d-nb.info/gnd/4046851-3; glasiert (Material/Technik); geformt (Material/Technik); gebrannt (Material/Technik); bemalt (Material/Technik); https://d-nb.info/gnd/4157819-3,"Höhe: 14.5 cm, Durchmesser: 9.5 cm (Gefäß); Durchmesser: 5.5 cm (Standring); Höhe: 2.5 cm, Durchmesser: 5.0 cm (Deckel); Höhe: 16.0 cm (Gesamt)",,Badisches Landesmuseum,
/1236/item_6IYO7J62JDLXADXY7SIZVSGZNQLVVHLD,http://data.europeana.eu/concept/1771; http://data.europeana.eu/concept/229; http://data.europeana.eu/concept/1757; https://d-nb.info/gnd/4152058-0; https://d-nb.info/gnd/4046851-3; glasiert (Material/Technik); gebrannt (Material/Technik); bemalt (Material/Technik); gegossen (Material/Technik); https://d-nb.info/gnd/4157819-3,"Durchmesser: 4.1 cm (Standring); Höhe: 4.9 cm, Durchmesser: 8.7 cm (Gesamt)",,Badisches Landesmuseum,
/1236/item_6KM3YFCJETAJFHZNS3CXJNNBAOWDCZZD,gebrannt (Material/Technik); https://d-nb.info/gnd/4046851-3; gegossen (Material/Technik); glasiert (Material/Technik); http://data.europeana.eu/concept/1757,"Durchmesser: 13.2 cm, Länge: 23.0 cm; Höhe: 17.5 cm (Gesamt)",,Badisches Landesmuseum,
/1236/item_6NLZ7NBIAZU5D5ECXZGNP3BRA3BTC73B,http://data.europeana.eu/concept/1757; https://d-nb.info/gnd/4046851-3; glasiert (Material/Technik); gebrannt (Material/Technik); bemalt (Material/Technik); gegossen (Material/Technik),"Durchmesser: 7.2 cm (Standring); Höhe: 3.0 cm, Durchmesser: 13.8 cm (Gesamt)",,Badisches Landesmuseum,
/1236/item_6UF4ID6O6A2I3AOI6VHPREBJRFW3UJ5A,gebrannt (Material/Technik); https://d-nb.info/gnd/4046851-3; glasiert (Material/Technik); geformt (Material/Technik); http://data.europeana.eu/concept/1757,"Durchmesser: 15.7 cm, Höhe: 1.7 cm (Untertasse); Höhe: 4.4 cm, Breite: 11.5 cm, Durchmesser: 9.8 cm (Tasse)",,Badisches Landesmuseum,
/1236/item_6VFQIK2EVHHUTNJNCWNQORCMB6G7CS3G,http://data.europeana.eu/concept/1757; https://d-nb.info/gnd/4438236-4; https://d-nb.info/gnd/4046851-3; glasiert (Material/Technik); gebrannt (Material/Technik); bemalt (Material/Technik); gegossen (Material/Technik),"Höhe: 3.9 cm, Durchmesser: 26.5 cm",,Badisches Landesmuseum,
/1236/item_6WKJIJCJQTGPXAPACN7SN7ZHAVVBQYCJ,http://data.europeana.eu/concept/1757; https://d-nb.info/gnd/4046851-3; glasiert (Material/Technik); gebrannt (Material/Technik); bemalt (Material/Technik); gegossen (Material/Technik),"Höhe: 7.0 cm, Durchmesser: 6.8 cm (Gesamt); Durchmesser: 3.8 cm (Standring)",,Badisches Landesmuseum,
/1236/item_6ZC3APXOIEFRLUUHW4USQ64UZJ2I2T5Y,gebrannt (Material/Technik); https://d-nb.info/gnd/4046851-3; gegossen (Material/Technik); glasiert (Material/Technik); http://data.europeana.eu/concept/1757,"Höhe: 12.0 cm, Länge: 25.0 cm, Durchmesser: 16.0 cm; Höhe: 4.5 cm, Durchmesser: 8.2 cm (Deckel)",,Badisches Landesmuseum,
/1236/item_7DSYGMLLRR4OS32EIKVP4SJKF2VUX5FZ,gebrannt (Material/Technik); https://d-nb.info/gnd/4046851-3; glasiert (Material/Technik); geformt (Material/Technik); http://data.europeana.eu/concept/1757,"Durchmesser: 23.6 cm, Höhe: 2.3 cm",,Badisches Landesmuseum,
/1236/item_7UCOI5H4D54LP3V7CJYCFYOF22KBNDTB,gebrannt (Material/Technik); https://d-nb.info/gnd/4046851-3; gegossen (Material/Technik); glasiert (Material/Technik); http://data.europeana.eu/concept/1757,"Höhe: 12.5 cm (Gesamt); Durchmesser: 15.0 cm, Länge: 23.5 cm",,Badisches Landesmuseum,
/1236/item_7W74H2C5HQSUKKHTMBBYPNYKCGITYBMS,gebrannt (Material/Technik); https://d-nb.info/gnd/4046851-3; glasiert (Material/Technik); geformt (Material/Technik); http://data.europeana.eu/concept/1757,"Höhe: 14.5 cm, Durchmesser: 10.2 cm, Länge: 17.3 cm",,Badisches Landesmuseum,
/1236/item_7YQ3W3LDB7DLFIRZE4EFB6NXVZBM4EBA,http://data.europeana.eu/concept/1757; https://d-nb.info/gnd/4046851-3; glasiert (Material/Technik); gebrannt (Material/Technik); bemalt (Material/Technik); gegossen (Material/Technik),"Höhe: 6.0 cm, Durchmesser: 11.7 cm (Deckel); Höhe: 11.5 cm (Gesamt); Durchmesser: 7.5 cm (Standring); Durchmesser: 11.5 cm (Rand)",,Badisches Landesmuseum,
/1236/item_A5AWJXVR335X7DSFHQY4UJPVPIBP664P,http://data.europeana.eu/concept/1757; https://d-nb.info/gnd/4046851-3; glasiert (Material/Technik); gebrannt (Material/Technik); bemalt (Material/Technik); gegossen (Material/Technik),"Höhe: 8.5 cm, Durchmesser: 18.0 cm",,Badisches Landesmuseum,
/1236/item_A6XUOB662N3J3Y4HAM4TL465RMAWCRLO,https://d-nb.info/gnd/4410323-2; https://d-nb.info/gnd/4127928-1,"Breite: 13.1 cm, Tiefe: 8.2 cm; Höhe: 18.0 cm, Durchmesser: 9.5 cm (Gesamt)",,Badisches Landesmuseum,
/1236/item_AI3IUBWCPYLJ7K4OFNH57NYDBTH7JO76,http://data.europeana.eu/concept/1771; http://data.europeana.eu/concept/1757; https://d-nb.info/gnd/4438236-4; https://d-nb.info/gnd/4046851-3; glasiert (Material/Technik); gebrannt (Material/Technik); bemalt (Material/Technik); gegossen (Material/Technik); https://d-nb.info/gnd/4157819-3,"Höhe: 2.9 cm, Durchmesser: 13.0 cm",,Badisches Landesmuseum,
/1236/item_AMY5DBYYFMKOAAEB22LD3NGS3UEGLCBX,http://data.europeana.eu/concept/1757; https://d-nb.info/gnd/4046851-3; glasiert (Material/Technik); gebrannt (Material/Technik); bemalt (Material/Technik); gegossen (Material/Technik),Höhe: 7.0 cm (Tasse); Durchmesser: 3.8 cm (Standring); Durchmesser: 6.8 cm (Lippenrand),,Badisches Landesmuseum,
/1236/item_ARNDUSCGCHPPXZZZXNIN2KYJKMKIFQ2V,https://d-nb.info/gnd/4410323-2; https://d-nb.info/gnd/4127928-1,"Höhe: 10.0 cm, Durchmesser: 11.0 cm",,Badisches Landesmuseum,
/1236/item_BG66V4R6WSWRWZ4CZHEC3BOCQSVA3XLO,http://data.europeana.eu/concept/1757; https://d-nb.info/gnd/4046851-3; glasiert (Material/Technik); gebrannt (Material/Technik); bemalt (Material/Technik); gegossen (Material/Technik),"Höhe: 2.8 cm, Durchmesser: 13.8 cm (Gesamt); Durchmesser: 7.3 cm (Standring)",,Badisches Landesmuseum,
/1236/item_BUVJXR6M43C6NQQOVSIPRF5NMG3QWIX5,https://d-nb.info/gnd/4127928-1; glasiert (Material/Technik),"Durchmesser: 7.7 cm (Standring); Höhe: 23.0 cm, Durchmesser: 11.3 cm (Gesamt); Durchmesser: 7.8 cm (Hals)",,Badisches Landesmuseum,
/1236/item_BVX6U77AJ4ALEHW2GTPMOYFYUJA3OLSL,http://data.europeana.eu/concept/1757; https://d-nb.info/gnd/4046851-3; geformt (Material/Technik); bemalt (Material/Technik); gebrannt (Material/Technik); gegossen (Material/Technik),,,Badisches Landesmuseum,
/1236/item_C44GHCKWUOGTUYAAGEYNH4RFXEM2RF43,gebrannt (Material/Technik); gegossen (Material/Technik); glasiert (Material/Technik),"Höhe: 12.0 cm, Länge: 25.0 cm, Durchmesser: 16.0 cm; Höhe: 4.5 cm, Durchmesser: 8.2 cm (Deckel)",,Badisches Landesmuseum,
/1236/item_CC3EVLILQUQCMX3EDNPFWYTPW24CAFMP,http://data.europeana.eu/concept/1757; https://d-nb.info/gnd/4046851-3; glasiert (Material/Technik); gebrannt (Material/Technik); bemalt (Material/Technik); gegossen (Material/Technik),"Höhe: 13.4 cm, Breite: 7.3 cm, Tiefe: 4.9 cm (Gesamt); Höhe: 3.0 cm, Durchmesser: 3.9 cm (Deckel)",,Badisches Landesmuseum,
/1236/item_CM2CMDWJ4AUYIOGM5W35Y5GGJQK7FI72,http://data.europeana.eu/concept/1757; https://d-nb.info/gnd/4046851-3; glasiert (Material/Technik); https://d-nb.info/gnd/4722912-3; gebrannt (Material/Technik); bemalt (Material/Technik); gegossen (Material/Technik),"Höhe: 12.5 cm, Breite: 15.0 cm, Tiefe: 10.0 cm (Gesamt); Höhe: 3.5 cm, Durchmesser: 6.5 cm (Deckel)",,Badisches Landesmuseum,
/1236/item_CS4KWBZOCPJT3NS2ZUBIXMXCYPWOLUGQ,http://data.europeana.eu/concept/1757; https://d-nb.info/gnd/4046851-3; glasiert (Material/Technik); gebrannt (Material/Technik); bemalt (Material/Technik); gegossen (Material/Technik),"Höhe: 2.7 cm, Durchmesser: 14.0 cm",,Badisches Landesmuseum,
/1236/item_DFENZVJKOLE45GUL4WJCNXGAQYHVEWTP,http://data.europeana.eu/concept/1757; https://d-nb.info/gnd/4438236-4; https://d-nb.info/gnd/4046851-3; glasiert (Material/Technik); gebrannt (Material/Technik); bemalt (Material/Technik); gegossen (Material/Technik),"Höhe: 2.5 cm, Durchmesser: 6.7 cm (Deckel); Höhe: 16.4 cm, Breite: 13.8 cm, Tiefe: 11.0 cm (Gesamt)",,Badisches Landesmuseum,
/1236/item_DH72KRWULMX5DXXGMVXQHHOUHB2DZEOJ,http://data.europeana.eu/concept/1771; http://data.europeana.eu/concept/1757; https://d-nb.info/gnd/4438236-4; https://d-nb.info/gnd/4046851-3; glasiert (Material/Technik); gebrannt (Material/Technik); bemalt (Material/Technik); gegossen (Material/Technik); https://d-nb.info/gnd/4157819-3,"Höhe: 4.6 cm, Durchmesser: 7.5 cm",,Badisches Landesmuseum,
/1236/item_DLN5LY4FCUH5P632VWXBIPUANAZ2UPGU,http://data.europeana.eu/concept/1773; https://d-nb.info/gnd/4190888-0,Höhe: 21.5 cm,,Badisches Landesmuseum,
/1236/item_DMGB2DXVC562IY7DRESSZJYJHH2A5KKF,gebrannt (Material/Technik); https://d-nb.info/gnd/4046851-3; glasiert (Material/Technik); geformt (Material/Technik); http://data.europeana.eu/concept/1757,"Höhe: 1.8 cm, Durchmesser: 14.0 cm (Untertasse); Höhe: 6.2 cm, Breite: 9.9 cm, Durchmesser: 7.5 cm (Tasse)",,Badisches Landesmuseum,
/1236/item_DVXSUE6TPKNROWZJUFHWHHEOTZKMPDR3,http://data.europeana.eu/concept/1771; http://data.europeana.eu/concept/1766; http://data.europeana.eu/concept/1757; https://d-nb.info/gnd/4038860-8; https://d-nb.info/gnd/4438236-4; https://d-nb.info/gnd/4046851-3; glasiert (Material/Technik); gebrannt (Material/Technik); bemalt (Material/Technik); gegossen (Material/Technik); https://d-nb.info/gnd/4157819-3,"Höhe: 3.9 cm, Durchmesser: 8.0 cm (Deckel); Durchmesser: 8.0 cm (Fuß); Höhe: 22.5 cm, Durchmesser: 15.5 cm (Gesamt)",,Badisches Landesmuseum,
/1236/item_ETIYVMJNLHMXL4ANP3RPPPBCDVQAIGDY,http://data.europeana.eu/concept/1771; http://data.europeana.eu/concept/1757; https://d-nb.info/gnd/4438236-4; https://d-nb.info/gnd/4046851-3; glasiert (Material/Technik); gebrannt (Material/Technik); bemalt (Material/Technik); gegossen (Material/Technik); https://d-nb.info/gnd/4157819-3,"Höhe: 2.9 cm, Durchmesser: 12.9 cm",,Badisches Landesmuseum,
/1236/item_ETTYKCXE53TLYJM4FVH5JRTPJRS55XFB,https://d-nb.info/gnd/4410323-2; https://d-nb.info/gnd/4127928-1,"Höhe: 21.2 cm, Durchmesser: 12.0 cm",,Badisches Landesmuseum,
/1236/item_EVOO4NZKYXTUASC4VVNGI63XKN2BB3AB,gebrannt (Material/Technik); https://d-nb.info/gnd/4046851-3; glasiert (Material/Technik); geformt (Material/Technik); http://data.europeana.eu/concept/1757,"Höhe: 1.8 cm, Durchmesser: 15.0 cm (Untertasse); Höhe: 2.3 cm, Durchmesser: 19.5 cm (Teller); Höhe: 5.0 cm, Breite: 11.0 cm, Durchmesser: 10.0 cm (Tasse)",,Badisches Landesmuseum,
/1236/item_EZBDQYDTF7BROGXBP6Q6CEP7AE3XC3Y5,gebrannt (Material/Technik); https://d-nb.info/gnd/4046851-3; glasiert (Material/Technik); geformt (Material/Technik); http://data.europeana.eu/concept/1757,"Durchmesser: 22.9 cm, Höhe: 5.9 cm",,Badisches Landesmuseum,
/1236/item_F7ZLSR3TEIGBORE6L75VT7X33PVF4QGD,gebrannt (Material/Technik); bemalt (Material/Technik); https://d-nb.info/gnd/4046851-3; glasiert (Material/Technik); http://data.europeana.eu/concept/1757,"Durchmesser: 7.5 cm (Fuß); Höhe: 6.0 cm, Durchmesser: 7.1 cm (Deckel); Höhe: 20.0 cm, Durchmesser: 16.0 cm (Kanne)",,Badisches Landesmuseum,
/1236/item_FOA4SOYXDC3OYNAPW6QM46JFTQZWHSZJ,http://data.europeana.eu/concept/1757; https://d-nb.info/gnd/4046851-3; glasiert (Material/Technik); gebrannt (Material/Technik); bemalt (Material/Technik); gegossen (Material/Technik),"Durchmesser: 3.6 cm (Standring); Höhe: 7.0 cm, Durchmesser: 6.7 cm (Tasse)",,Badisches Landesmuseum,
/1236/item_FOCHWN7EGF7BXBLTYCHMXZPXOIAQGMWR,gebrannt (Material/Technik); https://d-nb.info/gnd/4046851-3; gegossen (Material/Technik); glasiert (Material/Technik); http://data.europeana.eu/concept/1757,"Höhe: 13.5 cm, Durchmesser: 20.5 cm, Höhe: 24.5 cm; Höhe: 5.0 cm, Durchmesser: 21.5 cm (Deckel)",,Badisches Landesmuseum,
/1236/item_FZPKWORBGP6TSFCHT5PXT2NQMMXUHUOS,http://data.europeana.eu/concept/1757; https://d-nb.info/gnd/4046851-3; glasiert (Material/Technik); gebrannt (Material/Technik); bemalt (Material/Technik); gegossen (Material/Technik),"Höhe: 3.8 cm, Durchmesser: 6.0 cm (Deckel); Durchmesser: 5.0 cm (Standring); Höhe: 15.8 cm, Breite: 13.1 cm (Gesamt)",,Badisches Landesmuseum,
/1236/item_GFU775YPHO4P62JUOH2KVZZPMQRERZ7X,http://data.europeana.eu/concept/1757; https://d-nb.info/gnd/4046851-3; https://d-nb.info/gnd/4707892-3,"Höhe: 16.0 cm, Durchmesser: 11.3 cm",,Badisches Landesmuseum,
/1236/item_GHQMGAQTQ45X6XOHCFWM2D3CMRLEOM2H,http://data.europeana.eu/concept/1757; https://d-nb.info/gnd/4046851-3; glasiert (Material/Technik); gebrannt (Material/Technik); bemalt (Material/Technik); gegossen (Material/Technik),"Durchmesser: 3.8 cm (Standring); Höhe: 7.0 cm, Durchmesser: 6.9 cm (Gesamt)",,Badisches Landesmuseum,
/1236/item_GQYMSOG7N5Z7VJZ7CWBYYWTZETOH57SU,https://d-nb.info/gnd/4127928-1,"Höhe: 25.5 cm, Durchmesser: 12.8 cm",,Badisches Landesmuseum,
/1236/item_GSVQWNFSDMW5UTAODBJF23ROQSG7WP3W,http://data.europeana.eu/concept/1771; http://data.europeana.eu/concept/1757; https://d-nb.info/gnd/4438236-4; https://d-nb.info/gnd/4046851-3; glasiert (Material/Technik); gebrannt (Material/Technik); bemalt (Material/Technik); gegossen (Material/Technik); https://d-nb.info/gnd/4157819-3,"Höhe: 4.7 cm, Durchmesser: 7.4 cm",,Badisches Landesmuseum,
/1236/item_GSXKV6NJPJVMMFMCSK3LEPFHZA4EWUTI,https://d-nb.info/gnd/4127840-9; Mattglasur (Material/Technik); Farbglasur (Material/Technik); gegossen (Material/Technik); https://d-nb.info/gnd/4021190-3,"Höhe: 12.7 cm, Durchmesser: 16.3 cm",,Badisches Landesmuseum,
/1236/item_HD7A46ERNYJOTUSPGDRQUGW7ZGMKSYR5,gebrannt (Material/Technik); https://d-nb.info/gnd/4046851-3; glasiert (Material/Technik); geformt (Material/Technik); http://data.europeana.eu/concept/1757,"Höhe: 18.8 cm (Gesamt); Höhe: 16.6 cm, Durchmesser: 12.2 cm, Breite: 22.7 cm (Kanne); Höhe: 4.7 cm, Durchmesser: 6.8 cm (Deckel)",,Badisches Landesmuseum,
/1236/item_HGJT6TDUKQVZSXJQ4IKZFW7UB2F6BDZN,http://data.europeana.eu/concept/1771; http://data.europeana.eu/concept/1757; https://d-nb.info/gnd/4438236-4; https://d-nb.info/gnd/4046851-3; glasiert (Material/Technik); geformt (Material/Technik); gebrannt (Material/Technik); bemalt (Material/Technik); https://d-nb.info/gnd/4157819-3,"Höhe: 24.4 cm (Gesamt); Höhe: 19.8 cm, Durchmesser: 16.0 cm (Gefäß); Höhe: 6.0 cm, Durchmesser: 8.3 cm (Deckel); Durchmesser: 8.0 cm (Standring)",,Badisches Landesmuseum,
/1236/item_HOT7SA3F34IRXMYPTV7H77INPPY55MAE,gebrannt (Material/Technik); https://d-nb.info/gnd/4046851-3; glasiert (Material/Technik); geformt (Material/Technik); http://data.europeana.eu/concept/1757,"Durchmesser: 24.3 cm, Höhe: 2.4 cm",,Badisches Landesmuseum,
/1236/item_HRFS5UJPEV4EINAZJGQ2ZUIN22R6S2KE,gebrannt (Material/Technik); https://d-nb.info/gnd/4046851-3; gegossen (Material/Technik); glasiert (Material/Technik); http://data.europeana.eu/concept/1757,"Höhe: 7.6 cm, Durchmesser: 9.5 cm, Länge: 11.5 cm",,Badisches Landesmuseum,
/1236/item_I22N2KDHBVXGHLMLEQ3AL6NWV3UBCTEY,https://d-nb.info/gnd/4410323-2; https://d-nb.info/gnd/4127928-1,"Durchmesser: 5.7 cm (Standring); Höhe: 17.5 cm, Durchmesser: 9.0 cm (Gesamt); Durchmesser: 5.9 cm (Hals)",,Badisches Landesmuseum,
/1236/item_I36Q7VDBNTXVZ3CDBVCDHWLBMHULV5VS,gebrannt (Material/Technik); https://d-nb.info/gnd/4046851-3; gegossen (Material/Technik); glasiert (Material/Technik); http://data.europeana.eu/concept/1757,"Länge: 12.0 cm, Höhe: 5.5 cm, Breite: 5.2 cm",,Badisches Landesmuseum,
/1236/item_I3LFRZAGKWJ7ABCUXK5OFBNNTAGSVFQR,gebrannt (Material/Technik); https://d-nb.info/gnd/4046851-3; gegossen (Material/Technik); glasiert (Material/Technik); http://data.europeana.eu/concept/1757,"Länge: 20.0 cm, Höhe: 9.7 cm, Breite: 11.5 cm",,Badisches Landesmuseum,
/1236/item_I5YKIQAYDGVN737Z2HPLDHMQBL6KN2E7,gebrannt (Material/Technik); https://d-nb.info/gnd/4046851-3; glasiert (Material/Technik); geformt (Material/Technik); http://data.europeana.eu/concept/1757,"Breite: 19.0 cm, Länge: 32.0 cm, Höhe: 3.7 cm",,Badisches Landesmuseum,
/1236/item_I7U3XMSO64X3TKQ3XS74CVHT3J75PM7D,http://data.europeana.eu/concept/1757; https://d-nb.info/gnd/4438236-4; https://d-nb.info/gnd/4046851-3; glasiert (Material/Technik); gebrannt (Material/Technik); bemalt (Material/Technik); gegossen (Material/Technik),"Durchmesser: 7.5 cm (Standring); Höhe: 2.8 cm, Durchmesser: 14.0 cm (Gesamt)",,Badisches Landesmuseum,
/1236/item_IFGVIT7EUI64TLZY5RD7CO7E4JY677P7,http://data.europeana.eu/concept/1757; https://d-nb.info/gnd/4438236-4; https://d-nb.info/gnd/4046851-3; glasiert (Material/Technik); https://d-nb.info/gnd/4722912-3; gebrannt (Material/Technik),"Höhe: 11.5 cm, Tiefe: 10.3 cm, Breite: 18.0 cm",,Badisches Landesmuseum,
/1236/item_IPPG4RSSXQDDF3EFQMX4DSLRFJE3IBAS,gebrannt (Material/Technik); https://d-nb.info/gnd/4046851-3; gegossen (Material/Technik); glasiert (Material/Technik); http://data.europeana.eu/concept/1757,Höhe: 16.0 cm (Gesamt),,Badisches Landesmuseum,
/1236/item_IRQ6KQCUODB53JFTTZVG6OANRA366OFJ,http://data.europeana.eu/concept/1771; http://data.europeana.eu/concept/1757; https://d-nb.info/gnd/4438236-4; https://d-nb.info/gnd/4046851-3; glasiert (Material/Technik); geformt (Material/Technik); gebrannt (Material/Technik); bemalt (Material/Technik); https://d-nb.info/gnd/4157819-3,"Höhe: 8.4 cm (Gesamt); Durchmesser: 8.0 cm (Deckel); Durchmesser: 4.9 cm (Standring); Höhe: 6.5 cm, Durchmesser: 7.2 cm (Zuckerdose)",,Badisches Landesmuseum,
/1236/item_IT7NVKRBAXBVTMXLOQOODP2ZWHS4MT2R,http://data.europeana.eu/concept/1757; https://d-nb.info/gnd/4046851-3; glasiert (Material/Technik); gebrannt (Material/Technik); bemalt (Material/Technik); gegossen (Material/Technik),"Durchmesser: 7.6 cm (Standring); Höhe: 2.8 cm, Durchmesser: 14.1 cm (Gesamt)",,Badisches Landesmuseum,
/1236/item_J4BQC5WP5QCU55E2YUNF33B4RICN4WHP,https://d-nb.info/gnd/4410323-2; https://d-nb.info/gnd/4127928-1,"Durchmesser: 8.1 cm (Standring); Höhe: 25.0 cm, Durchmesser: 12.3 cm",,Badisches Landesmuseum,
/1236/item_JAUTQKAH5PJLCV5WFBO3HDQBTRDUIBCO,http://data.europeana.eu/concept/1771; http://data.europeana.eu/concept/1757; https://d-nb.info/gnd/4438236-4; https://d-nb.info/gnd/4046851-3; glasiert (Material/Technik); gebrannt (Material/Technik); bemalt (Material/Technik); gegossen (Material/Technik); https://d-nb.info/gnd/4157819-3,"Höhe: 2.6 cm, Durchmesser: 13.0 cm",,Badisches Landesmuseum,
/1236/item_JD4QXNFG5NAV4QLPRQRRICQJCCWB6CLH,gebrannt (Material/Technik); glasiert (Material/Technik); geformt (Material/Technik),"Durchmesser: 23.6 cm, Höhe: 2.3 cm",,Badisches Landesmuseum,
/1236/item_JHQALPB5KWVW2YMBLT5A53YQKI5AOZEI,https://d-nb.info/gnd/4127928-1; https://d-nb.info/gnd/4410323-2,"Höhe: 17.5 cm, Durchmesser: 9.0 cm",,Badisches Landesmuseum,
/1236/item_JQZSHIOJLELUQRPDIBINKZQ2W32ERS5L,https://d-nb.info/gnd/4410323-2; https://d-nb.info/gnd/4127928-1,"Höhe: 10.8 cm, Durchmesser: 10.0 cm (Gesamt)",,Badisches Landesmuseum,
/1236/item_K4GIDVVVTC5FG3FFLP53YTHDJKY3VWWA,gebrannt (Material/Technik); glasiert (Material/Technik); geformt (Material/Technik),"Höhe: 1.7 cm, Durchmesser: 11.5 cm (Untertasse); Höhe: 3.5 cm, Breite: 9.0 cm, Durchmesser: 7.5 cm (Tasse)",,Badisches Landesmuseum,
/1236/item_K66S52MDOV3BINCOK7CXWV6MBLECOLE3,gebrannt (Material/Technik); https://d-nb.info/gnd/4046851-3; glasiert (Material/Technik); geformt (Material/Technik); http://data.europeana.eu/concept/1757,"Durchmesser: 23.2 cm, Höhe: 4.1 cm",,Badisches Landesmuseum,
/1236/item_KE755P5TRJXDFV5MFQP5N4W3PPCE3RZ5,http://data.europeana.eu/concept/1757; https://d-nb.info/gnd/4046851-3; glasiert (Material/Technik); gebrannt (Material/Technik); bemalt (Material/Technik); gegossen (Material/Technik),"Höhe: 2.8 cm, Durchmesser: 13.9 cm",,Badisches Landesmuseum,
/1236/item_KFRDXMKYPCZPCGXO25HSA5ASVMMUOWR3,gebrannt (Material/Technik); https://d-nb.info/gnd/4046851-3; glasiert (Material/Technik); geformt (Material/Technik); http://data.europeana.eu/concept/1757,"Höhe: 1.7 cm, Durchmesser: 11.5 cm (Untertasse); Höhe: 3.5 cm, Breite: 9.0 cm, Durchmesser: 7.5 cm (Tasse)",,Badisches Landesmuseum,
/1236/item_KGQAK73N73Q5XEFFQDWU2YVJW5J3QZBT,https://d-nb.info/gnd/4410323-2; https://d-nb.info/gnd/4127928-1,"Höhe: 11.8 cm, Breite: 18.7 cm, Tiefe: 10.1 cm",,Badisches Landesmuseum,
/1236/item_KHHJOG6EXDDQVKERCEKFF6HJKJTCVN3N,http://data.europeana.eu/concept/1757; https://d-nb.info/gnd/4046851-3; glasiert (Material/Technik); gebrannt (Material/Technik); bemalt (Material/Technik); gegossen (Material/Technik),"Durchmesser: 8.5 cm (Rand, oben); Höhe: 4.9 cm (Tasse); Durchmesser: 4.0 cm (Standring)",,Badisches Landesmuseum,
/1236/item_KJCLTAIK2IBUTCVOETLFDHMGJ3VDXNTQ,gebrannt (Material/Technik); https://d-nb.info/gnd/4046851-3; glasiert (Material/Technik); geformt (Material/Technik); http://data.europeana.eu/concept/1757,"Durchmesser: 19.3 cm, Höhe: 1.9 cm",,Badisches Landesmuseum,
/1236/item_KMZ2M3PWWIJDDAI7MTAHTKZKJCMCQZY2,http://data.europeana.eu/concept/1771; http://data.europeana.eu/concept/1757; https://d-nb.info/gnd/4438236-4; https://d-nb.info/gnd/4046851-3; glasiert (Material/Technik); gebrannt (Material/Technik); bemalt (Material/Technik); gegossen (Material/Technik); https://d-nb.info/gnd/4157819-3,"Höhe: 6.4 cm, Durchmesser: 5.8 cm (Tasse); Höhe: 2.5 cm, Durchmesser: 11.8 cm (Untertasse)",,Badisches Landesmuseum,
/1236/item_KRHRO34BT6GEXSQA2YHY5JLXKRVC4CRA,http://data.europeana.eu/concept/1757; https://d-nb.info/gnd/4046851-3; glasiert (Material/Technik); gebrannt (Material/Technik); bemalt (Material/Technik); gegossen (Material/Technik),"Durchmesser: 3.7 cm (Standring); Höhe: 7.0 cm, Durchmesser: 6.8 cm (Gesamt)",,Badisches Landesmuseum,
/1236/item_KSHZHNNFS3IEACZNL36PLF7PKF6NIVI6,gebrannt (Material/Technik); https://d-nb.info/gnd/4046851-3; glasiert (Material/Technik); geformt (Material/Technik); http://data.europeana.eu/concept/1757,"Durchmesser: 20.8 cm, Höhe: 2.0 cm",,Badisches Landesmuseum,
/1236/item_KTRQYV3LL5IMUFD3DNCPRDXPSKYT7XGB,https://d-nb.info/gnd/4410323-2; https://d-nb.info/gnd/4127928-1,"Höhe: 14.5 cm, Breite: 18.0 cm, Tiefe: 10.0 cm",,Badisches Landesmuseum,
/1236/item_KV2I3SCNXVWKIME7NC236DKB4OILKPRH,https://d-nb.info/gnd/4410323-2; https://d-nb.info/gnd/4127928-1,"Höhe: 9.5 cm, Durchmesser: 9.0 cm",,Badisches Landesmuseum,
/1236/item_KZOSPWZDJ2DPD6NGSDYPLDM7YZR7ZKLI,http://data.europeana.eu/concept/1771; http://data.europeana.eu/concept/1757; https://d-nb.info/gnd/4438236-4; https://d-nb.info/gnd/4046851-3; glasiert (Material/Technik); gebrannt (Material/Technik); bemalt (Material/Technik); gegossen (Material/Technik); https://d-nb.info/gnd/4157819-3,"Höhe: 2.9 cm, Durchmesser: 13.0 cm (Untertasse); Höhe: 4.4 cm, Durchmesser: 7.6 cm (Koppchen)",,Badisches Landesmuseum,
/1236/item_L5QBLZU6HTJ5ZWWEMCJUI524QDPLVU44,gebrannt (Material/Technik); glasiert (Material/Technik); geformt (Material/Technik),"Höhe: 4.5 cm, Durchmesser: 8.0 cm; Höhe: 3.0 cm, Durchmesser: 8.5 cm (Deckel)",,Badisches Landesmuseum,
/1236/item_L62Z23GMHKZTTZAQC26QHTDX5V7LEUP4,gebrannt (Material/Technik); https://d-nb.info/gnd/4046851-3; glasiert (Material/Technik); geformt (Material/Technik); http://data.europeana.eu/concept/1757,"Höhe: 3.0 cm, Durchmesser: 6.0 cm (Deckel); Höhe: 7.0 cm (Gesamt); Durchmesser: 9.5 cm",,Badisches Landesmuseum,
/1236/item_L73GRH4FWWJUHQWOTPFPRCI6HME4EVKJ,bemalt (Material/Technik); https://d-nb.info/gnd/4046851-3; glasiert (Material/Technik); http://data.europeana.eu/concept/1757,"Höhe: 19.0 cm, Breite: 12.0 cm, Tiefe: 9.0 cm",,Badisches Landesmuseum,
/1236/item_L7QLG6CH6XTAV26PJ2RNIO5G6JY2RMSS,http://data.europeana.eu/concept/1757; https://d-nb.info/gnd/4046851-3; glasiert (Material/Technik); gebrannt (Material/Technik); bemalt (Material/Technik); gegossen (Material/Technik),"Höhe: 9.0 cm, Durchmesser: 18.5 cm",,Badisches Landesmuseum,
/1236/item_LDIY6ZVKDPEM5I2L5DMUT2KODWH3RZHV,gebrannt (Material/Technik); https://d-nb.info/gnd/4046851-3; gegossen (Material/Technik); glasiert (Material/Technik); http://data.europeana.eu/concept/1757,"Durchmesser: 13.0 cm, Länge: 19.5 cm; Höhe: 11.0 cm (Gesamt)",,Badisches Landesmuseum,
/1236/item_LE6FVADOOSNWGMZOGXN6JQRE63MCA42C,http://data.europeana.eu/concept/1757; https://d-nb.info/gnd/4046851-3; glasiert (Material/Technik); gebrannt (Material/Technik); bemalt (Material/Technik); gegossen (Material/Technik),"Höhe: 2.9 cm, Durchmesser: 13.8 cm (Gesamt); Durchmesser: 7.5 cm (Standring)",,Badisches Landesmuseum,
/1236/item_LLKD37DNFKHE5M4EZAGVQEPPGA46A74T,gebrannt (Material/Technik); https://d-nb.info/gnd/4046851-3; glasiert (Material/Technik); geformt (Material/Technik); http://data.europeana.eu/concept/1757,"Höhe: 2.0 cm, Durchmesser: 15.0 cm (Untertasse); Höhe: 5.0 cm, Durchmesser: 10.0 cm, Breite: 12.0 cm (Tasse)",,Badisches Landesmuseum,
/1236/item_LLXROC5TCR2Q3CVMK4YABH6YH2KAWW3F,gebrannt (Material/Technik); https://d-nb.info/gnd/4046851-3; gegossen (Material/Technik); glasiert (Material/Technik); http://data.europeana.eu/concept/1757,Durchmesser: 6.5 cm; Höhe: 3.0 cm (Deckel); Breite: 13.5 cm (Kanne); Höhe: 13.0 cm (Gesamt),,Badisches Landesmuseum,
/1236/item_LXGA2WSOCXNIIQTQPL6BWFPPMYK5UHUO,gebrannt (Material/Technik); gegossen (Material/Technik); glasiert (Material/Technik),"Höhe: 9.4 cm, Länge: 12.7 cm, Durchmesser: 10.0 cm",,Badisches Landesmuseum,
/1236/item_MD2KZHC7CSQTTTGZ5GWD4IX33BGYSSYV,http://data.europeana.eu/concept/1757; https://d-nb.info/gnd/4046851-3; glasiert (Material/Technik); gebrannt (Material/Technik); bemalt (Material/Technik); gegossen (Material/Technik),"Höhe: 4.0 cm, Breite: 13.2 cm, Länge: 17.7 cm",,Badisches Landesmuseum,
/1236/item_MIH3E6YMD6VDZZ2IZHZHA3A7AG56ZVP7,gebrannt (Material/Technik); https://d-nb.info/gnd/4046851-3; gegossen (Material/Technik); glasiert (Material/Technik); http://data.europeana.eu/concept/1757,"Höhe: 8.4 cm, Durchmesser: 8.4 cm, Länge: 10.7 cm",,Badisches Landesmuseum,
/1236/item_MWARZKB7D4KIXNJH7EVC72CQZMUJK7BQ,gebrannt (Material/Technik); https://d-nb.info/gnd/4046851-3; glasiert (Material/Technik); geformt (Material/Technik); http://data.europeana.eu/concept/1757,"Höhe: 2.0 cm, Durchmesser: 15.0 cm (Untertasse); Höhe: 4.9 cm, Durchmesser: 10.0 cm, Breite: 12.0 cm (Tasse)",,Badisches Landesmuseum,
/1236/item_MWUFCYS775G7PNUDLMVISZJQXCMZNQ6G,gebrannt (Material/Technik); https://d-nb.info/gnd/4046851-3; glasiert (Material/Technik); geformt (Material/Technik); http://data.europeana.eu/concept/1757,"Durchmesser: 23.5 cm, Höhe: 3.5 cm",,Badisches Landesmuseum,
/1236/item_NXGWZ2O7XJMYYSYTPOWXQ3XAPSVHAPFF,https://d-nb.info/gnd/4438236-4; https://d-nb.info/gnd/4146207-5; glasiert (Material/Technik); geformt (Material/Technik); gebrannt (Material/Technik); bemalt (Material/Technik),Höhe: 8.1 cm (Gesamt); Durchmesser: 7.5 cm (Standring); Durchmesser: 17.0 cm (Rand),,Badisches Landesmuseum,
/1236/item_OOX7PW2BDNTN7636XGRONQ2MXCV2QUPG,bemalt (Material/Technik); vergoldet (Material/Technik); https://d-nb.info/gnd/4046851-3; glasiert (Material/Technik); http://data.europeana.eu/concept/1757,,,Badisches Landesmuseum,
/1236/item_ORQTYFUBHFL5LTKXIQNJMRRIXAMYYWK4,gebrannt (Material/Technik); https://d-nb.info/gnd/4046851-3; glasiert (Material/Technik); geformt (Material/Technik); http://data.europeana.eu/concept/1757,"Höhe: 17.0 cm, Durchmesser: 22.0 cm, Breite: 27.0 cm; Höhe: 7.0 cm, Durchmesser: 23.2 cm (Deckel)",,Badisches Landesmuseum,
/1236/item_OZ3LTCDIPH6OKOJZASL4TLN35RKC6O3L,gebrannt (Material/Technik); https://d-nb.info/gnd/4046851-3; glasiert (Material/Technik); geformt (Material/Technik); http://data.europeana.eu/concept/1757,"Breite: 10.0 cm, Länge: 13.2 cm, Höhe: 7.0 cm (Deckel); Breite: 16.6 cm, Tiefe: 13.5 cm, Höhe: 8.0 cm",,Badisches Landesmuseum,
/1236/item_PHGB4L6J57K2CYAKM3G3KIHCIA3ATXYK,gegossen (Schalenguss) (Material/Technik); https://d-nb.info/gnd/4014002-7; gepresst (Material/Technik); https://d-nb.info/gnd/4001573-7; http://data.europeana.eu/concept/1768; http://data.europeana.eu/concept/1767,"Tiefe: 10.7 cm, Höhe: 8.0 cm, Breite: 12.2 cm (Gesamt); Höhe: 2.0 cm, Durchmesser: 7.2 cm (Deckel)",,Badisches Landesmuseum,
/1236/item_PLK7UPLF334YVZTZH4BDYNVED2W426AG,gebrannt (Material/Technik); https://d-nb.info/gnd/4046851-3; glasiert (Material/Technik); geformt (Material/Technik); http://data.europeana.eu/concept/1757,"Höhe: 1.8 cm, Durchmesser: 15.3 cm (Untertasse); Höhe: 5.1 cm, Breite: 13.7 cm, Durchmesser: 10.0 cm (Tasse)",,Badisches Landesmuseum,
/1236/item_PNAQIAGDDLPYDLIP44ON6D6B2WPYAYKS,https://d-nb.info/gnd/4410323-2; https://d-nb.info/gnd/4127928-1,"Höhe: 11.6 cm (Ohne Deckel); Breite: 7.9 cm, Tiefe: 4.9 cm, Höhe: 13.6 cm",,Badisches Landesmuseum,
/1236/item_PT3UJDWW4JVSSDPOH2CZ2UJIQ2BZIXPP,http://data.europeana.eu/concept/1771; http://data.europeana.eu/concept/1757; https://d-nb.info/gnd/4438236-4; https://d-nb.info/gnd/4046851-3; glasiert (Material/Technik); gebrannt (Material/Technik); bemalt (Material/Technik); gegossen (Material/Technik); https://d-nb.info/gnd/4157819-3,"Breite: 11.8 cm, Höhe: 10.2 cm (Gesamt); Höhe: 7.6 cm (Ohne Deckel); Durchmesser: 4.2 cm (Standring)",,Badisches Landesmuseum,
/1236/item_PWJREGUOAYDMQKYFHDTVHP4OATURZODF,http://data.europeana.eu/concept/1757; https://d-nb.info/gnd/4046851-3; glasiert (Material/Technik); gebrannt (Material/Technik); bemalt (Material/Technik); gegossen (Material/Technik),Durchmesser: 3.6 cm (Standring); Durchmesser: 7.0 cm (Lippenrand); Höhe: 7.0 cm (Tasse),,Badisches Landesmuseum,
/1236/item_PYX2R5GJFNDYAJ5RCZ47DYKWSPSPOUGB,http://data.europeana.eu/concept/1757; https://d-nb.info/gnd/4438236-4; https://d-nb.info/gnd/4046851-3; glasiert (Material/Technik); gebrannt (Material/Technik); bemalt (Material/Technik); gegossen (Material/Technik),Durchmesser: 8.4 cm (Lippenrand); Durchmesser: 4.0 cm (Standring); Höhe: 4.9 cm (Gesamt),,Badisches Landesmuseum,
/1236/item_Q37POQZTYWTOZWAE6EWHSSNGN3DFBDBD,http://data.europeana.eu/concept/1771; http://data.europeana.eu/concept/1757; https://d-nb.info/gnd/4046851-3; glasiert (Material/Technik); gebrannt (Material/Technik); bemalt (Material/Technik); gegossen (Material/Technik); https://d-nb.info/gnd/4157819-3,"Höhe: 4.6 cm, Durchmesser: 7.5 cm",,Badisches Landesmuseum,
/1236/item_QBAY5TS76IWY3TL2T456GBH3XXBRX6P3,gebrannt (Material/Technik); https://d-nb.info/gnd/4046851-3; glasiert (Material/Technik); geformt (Material/Technik); http://data.europeana.eu/concept/1757,"Durchmesser: 19.4 cm, Höhe: 2.2 cm",,Badisches Landesmuseum,
/1236/item_QCTGZ36MG62AVC6MOTXFBYGBJWNO7UWM,http://data.europeana.eu/concept/1757; https://d-nb.info/gnd/4046851-3; glasiert (Material/Technik); gebrannt (Material/Technik); bemalt (Material/Technik); gegossen (Material/Technik),"Höhe: 10.8 cm, Breite: 19.7 cm (Gesamt); Höhe: 2.0 cm, Durchmesser: 5.0 cm (Deckel); Durchmesser: 5.6 cm (Standring)",,Badisches Landesmuseum,
/1236/item_QH3YCPKVCWWKL367JIRGXY2TOVMG45II,http://data.europeana.eu/concept/1757; https://d-nb.info/gnd/4046851-3; glasiert (Material/Technik); gebrannt (Material/Technik); bemalt (Material/Technik); gegossen (Material/Technik),"Durchmesser: 7.5 cm (Standring); Höhe: 3.0 cm, Durchmesser: 14.0 cm (Gesamt)",,Badisches Landesmuseum,
/1236/item_QH6ZKWEBLX3MQKQGFUEKOAF5LGLDD266,http://data.europeana.eu/concept/1771; http://data.europeana.eu/concept/229; http://data.europeana.eu/concept/1757; https://d-nb.info/gnd/4152058-0; https://d-nb.info/gnd/4046851-3; glasiert (Material/Technik); gebrannt (Material/Technik); bemalt (Material/Technik); gegossen (Material/Technik); https://d-nb.info/gnd/4157819-3,"Durchmesser: 7.4 cm (Standring); Höhe: 2.9 cm, Durchmesser: 14.0 cm (Gesamt)",,Badisches Landesmuseum,
/1236/item_QWCGEOFIWSWIUC5O5K66M7GPPZPQ7SEI,http://data.europeana.eu/concept/1757; https://d-nb.info/gnd/4046851-3; glasiert (Material/Technik); gebrannt (Material/Technik); bemalt (Material/Technik); gegossen (Material/Technik),"Durchmesser: 7.5 cm (Standring); Höhe: 3.0 cm, Durchmesser: 14.0 cm (Untertasse)",,Badisches Landesmuseum,
/1236/item_R74FNAWJXZABOO7PSZ4ZE34ULY3OGNLP,https://d-nb.info/gnd/4410323-2; https://d-nb.info/gnd/4127928-1,"Höhe: 18.0 cm, Durchmesser: 11.2 cm (Gesamt); Durchmesser: 7.5 cm (Standring); Durchmesser: 7.4 cm (Hals)",,Badisches Landesmuseum,
/1236/item_RBLSOFTDFLZ7RJBBZ4AW5JNO2KJHEWYX,gebrannt (Material/Technik); https://d-nb.info/gnd/4030270-2; geformt (Material/Technik); http://data.europeana.eu/concept/31,"Durchmesser: 12.0 cm (Bauch); Höhe: 9.0 cm, Länge: 20.5 cm",,Badisches Landesmuseum,
/1236/item_REF6Z6VY6ZNRDROX2OUIGHGX3S6L7524,gebrannt (Material/Technik); https://d-nb.info/gnd/4046851-3; glasiert (Material/Technik); geformt (Material/Technik); http://data.europeana.eu/concept/1757,"Durchmesser: 20.7 cm, Höhe: 3.1 cm",,Badisches Landesmuseum,
/1236/item_RMODH4XFTNCRFDSTJFMAAM3S5IBWP3ZS,http://data.europeana.eu/concept/1771; http://data.europeana.eu/concept/1757; https://d-nb.info/gnd/4438236-4; https://d-nb.info/gnd/4046851-3; glasiert (Material/Technik); bemalt (Material/Technik); gebrannt (Material/Technik); gegossen (Material/Technik); https://d-nb.info/gnd/4157819-3,"Breite: 8.5 cm, Länge: 11.1 cm (Zuckerdose); Höhe: 4.1 cm (Ohne Deckel); Höhe: 8.3 cm (Gesamt)",,Badisches Landesmuseum,
/1236/item_ROXQXFJYLVROELILGFWBXQPE3GHYTY2Y,gebrannt (Material/Technik); https://d-nb.info/gnd/4046851-3; glasiert (Material/Technik); geformt (Material/Technik); http://data.europeana.eu/concept/1757,"Höhe: 6.4 cm, Breite: 9.6 cm, Durchmesser: 7.6 cm (Tasse); Höhe: 1.8 cm, Durchmesser: 13.6 cm (Untertasse)",,Badisches Landesmuseum,
/1236/item_STAHI57SXLQSLR6GQBXCDYNLJEL6UXGK,gebrannt (Material/Technik); https://d-nb.info/gnd/4046851-3; gegossen (Material/Technik); glasiert (Material/Technik); http://data.europeana.eu/concept/1757,"Höhe: 16.6 cm, Durchmesser: 10.5 cm, Länge: 16.7 cm",,Badisches Landesmuseum,
/1236/item_T56APCUFHNCJ2V7GB6XNZYSKAH46T6NU,https://d-nb.info/gnd/4410323-2; https://d-nb.info/gnd/4127928-1,"Höhe: 2.8 cm, Durchmesser: 12.9 cm (Untertasse); Höhe: 4.6 cm, Durchmesser: 7.5 cm (Tasse)",,Badisches Landesmuseum,
/1236/item_T6QGI3LWSZ4KJTCXQA7B42PJHCJQ3SZW,https://d-nb.info/gnd/4410323-2; https://d-nb.info/gnd/4127928-1,"Breite: 15.3 cm, Tiefe: 8.5 cm; Höhe: 9.7 cm, Durchmesser: 9.2 cm (Gesamt)",,Badisches Landesmuseum,
/1236/item_TPXQ5Q4YXS7TVSEKFVXCKDM36KAIM25T,gebrannt (Material/Technik); https://d-nb.info/gnd/4046851-3; gegossen (Material/Technik); glasiert (Material/Technik); http://data.europeana.eu/concept/1757,"Höhe: 16.6 cm, Durchmesser: 10.5 cm, Länge: 16.7 cm",,Badisches Landesmuseum,
/1236/item_TRKVXC7BO3FG54U42BMROITN5UBORNAS,gebrannt (Material/Technik); https://d-nb.info/gnd/4046851-3; gegossen (Material/Technik); glasiert (Material/Technik); http://data.europeana.eu/concept/1757,"Höhe: 8.0 cm, Durchmesser: 10.3 cm, Länge: 12.5 cm",,Badisches Landesmuseum,
/1236/item_TVGJ636KRGAG5MKKKTJ5KQJ3FRH3STLF,gebrannt (Material/Technik); https://d-nb.info/gnd/4046851-3; gegossen (Material/Technik); glasiert (Material/Technik); http://data.europeana.eu/concept/1757,"Länge: 21.0 cm, Höhe: 9.5 cm, Breite: 13.5 cm",,Badisches Landesmuseum,
/1236/item_TZATNTNSQM4TKYMIYCGN35YC4IMNRHIN,gebrannt (Material/Technik); https://d-nb.info/gnd/4046851-3; gegossen (Material/Technik); glasiert (Material/Technik); http://data.europeana.eu/concept/1757,"Höhe: 3.5 cm, Durchmesser: 5.6 cm (Deckel); Länge: 13.5 cm, Durchmesser: 11.5 cm; Höhe: 16.0 cm (Gesamt)",,Badisches Landesmuseum,
/1236/item_UMK4ZRVFQKV3MTSOUNPMZJWNYSQR72I5,gebrannt (Material/Technik); https://d-nb.info/gnd/4046851-3; gegossen (Material/Technik); glasiert (Material/Technik); http://data.europeana.eu/concept/1757,"Höhe: 12.0 cm (Gesamt); Breite: 23.3 cm, Durchmesser: 20.5 cm",,Badisches Landesmuseum,
/1236/item_URXYHAOUBZZGUFGYIL2ZR2JKQU7FXFXH,http://data.europeana.eu/concept/1771; http://data.europeana.eu/concept/1766; https://d-nb.info/gnd/4038860-8; https://d-nb.info/gnd/4127928-1; glasiert (Material/Technik); gebrannt (Material/Technik); gegossen (Material/Technik); https://d-nb.info/gnd/4157819-3,"Höhe: 19.5 cm, Durchmesser: 14.0 cm",,Badisches Landesmuseum,
/1236/item_VBOYZVJ2ZBVIL4AX6RYN5AKU2SJXN7VB,http://data.europeana.eu/concept/1771; http://data.europeana.eu/concept/1757; https://d-nb.info/gnd/4438236-4; https://d-nb.info/gnd/4046851-3; glasiert (Material/Technik); geformt (Material/Technik); gebrannt (Material/Technik); bemalt (Material/Technik); gegossen (Material/Technik); https://d-nb.info/gnd/4157819-3,"Höhe: 5.0 cm, Durchmesser: 6.7 cm (Deckel); Höhe: 20.0 cm, Durchmesser: 16.0 cm (Gefäß); Durchmesser: 7.6 cm (Fuß)",,Badisches Landesmuseum,
/1236/item_VG42MTAOJYBDIQMKZPHTN322AO6YYCJS,http://data.europeana.eu/concept/1757; https://d-nb.info/gnd/4046851-3; glasiert (Material/Technik); gebrannt (Material/Technik); bemalt (Material/Technik); gegossen (Material/Technik),"Durchmesser: 3.6 cm (Standring); Höhe: 7.0 cm, Durchmesser: 6.8 cm (Gesamt)",,Badisches Landesmuseum,
/1236/item_VLLPQNCRTYO3M6UGDF6XS43PFN2YOX2A,gebrannt (Material/Technik); https://d-nb.info/gnd/4046851-3; glasiert (Material/Technik); geformt (Material/Technik); http://data.europeana.eu/concept/1757,Höhe: 7.5 cm (Gesamt); Durchmesser: 10.3 cm,,Badisches Landesmuseum,
/1236/item_VP6HVLUYPEPLKSVVI7VU2R3SSHWUWVK7,http://data.europeana.eu/concept/1771; http://data.europeana.eu/concept/1757; https://d-nb.info/gnd/4438236-4; https://d-nb.info/gnd/4046851-3; glasiert (Material/Technik); gebrannt (Material/Technik); bemalt (Material/Technik); gegossen (Material/Technik); https://d-nb.info/gnd/4157819-3,"Höhe: 4.6 cm, Durchmesser: 7.4 cm",,Badisches Landesmuseum,
/1236/item_WLWOACKWOFL2IB4B22QQBHKMWPU4OWU6,gebrannt (Material/Technik); https://d-nb.info/gnd/4046851-3; glasiert (Material/Technik); geformt (Material/Technik); http://data.europeana.eu/concept/1757,"Höhe: 4.0 cm, Durchmesser: 11.5 cm (Deckel); Höhe: 9.0 cm, Durchmesser: 10.0 cm",,Badisches Landesmuseum,
/1236/item_WUGM2RYHIKPRPUJEBO7VYIA6M5M4XM2O,https://d-nb.info/gnd/4410323-2; https://d-nb.info/gnd/4127928-1,Höhe: 20.2 cm,,Badisches Landesmuseum,
/1236/item_WVK7KFWU3E2MQ45MLD53U5LDH4OAUBWP,gebrannt (Material/Technik); https://d-nb.info/gnd/4046851-3; gegossen (Material/Technik); glasiert (Material/Technik); http://data.europeana.eu/concept/1757,"Höhe: 17.0 cm (Gesamt); Durchmesser: 13.5 cm, Länge: 21.0 cm",,Badisches Landesmuseum,
/1236/item_XL3IBKI4OC2QETIJKEJQICLTON2HF34Y,https://d-nb.info/gnd/4146207-5; glasiert (Material/Technik); gebrannt (Material/Technik); bemalt (Material/Technik); gegossen (Material/Technik),"Höhe: 12.4 cm, Durchmesser: 16.2 cm (Gefäß); Höhe: 7.0 cm, Durchmesser: 3.8 cm (Deckel)",,Badisches Landesmuseum,
/1236/item_XU5DONIJWST6BOZJYQUTYOBEJU3Q6CWL,http://data.europeana.eu/concept/1757; https://d-nb.info/gnd/4046851-3; Vergoldete Bronze (Material/Technik); glasiert (Material/Technik); geformt (Material/Technik); bemalt (Material/Technik); gebrannt (Material/Technik); ziseliert (Material/Technik); gegossen (Material/Technik),"Höhe: 12.5 cm, Durchmesser: 21.0 cm (Untersatz); Höhe: 37.5 cm, Höhe: 26.5 cm (Gesamt)",,Badisches Landesmuseum,
/1236/item_XVSVVGVDTMNTAFVXELWSNLDWQERJ35KO,gebrannt (Material/Technik); https://d-nb.info/gnd/4046851-3; gegossen (Material/Technik); glasiert (Material/Technik); http://data.europeana.eu/concept/1757,"Höhe: 14.0 cm, Breite: 25.7 cm, Durchmesser: 21.7 cm",,Badisches Landesmuseum,
/1236/item_Y5R7AGRMOZBNZAP4G4M4GKFF65I73YKE,http://data.europeana.eu/concept/1767; https://d-nb.info/gnd/4014002-7; gepresst (Material/Technik); gegossen (Material/Technik),"Höhe: 22.6 cm; Höhe: 14.0 cm, Durchmesser: 20.0 cm, Breite: 21.3 cm, Tiefe: 21.3 cm (Gesamt)",,Badisches Landesmuseum,
/1236/item_YKNHFFUW2YCR4FX4EO2JZ5IWVMG2BGFV,http://data.europeana.eu/concept/1757; https://d-nb.info/gnd/4046851-3; glasiert (Material/Technik); geformt (Material/Technik); gebrannt (Material/Technik); gegossen (Material/Technik),"Höhe: 5.0 cm, Durchmesser: 7.0 cm (Deckel); Durchmesser: 6.7 cm (Standring); Höhe: 23.5 cm (Gesamt)",,Badisches Landesmuseum,
/1236/item_Z7VWFDG5NSVT6OKRTWVFECBOPYLUFEL5,http://data.europeana.eu/concept/1757; https://d-nb.info/gnd/4046851-3; glasiert (Material/Technik); gebrannt (Material/Technik); bemalt (Material/Technik); gegossen (Material/Technik),Durchmesser: 8.4 cm (Lippenrand); Höhe: 4.9 cm (Tasse); Durchmesser: 4.0 cm (Standring),,Badisches Landesmuseum,
/1236/item_ZBELDIIJMSNDBIAYCHOPRGDJNROXW2UV,http://data.europeana.eu/concept/1757; https://d-nb.info/gnd/4438236-4; https://d-nb.info/gnd/4046851-3; glasiert (Material/Technik); gebrannt (Material/Technik); bemalt (Material/Technik); gegossen (Material/Technik),"Höhe: 1.9 cm, Durchmesser: 12.3 cm",,Badisches Landesmuseum,
/1236/item_ZCMX3KAIXK46TTOFKNDCB4UM65KFKRCX,http://data.europeana.eu/concept/1771; http://data.europeana.eu/concept/1757; https://d-nb.info/gnd/4438236-4; https://d-nb.info/gnd/4046851-3; glasiert (Material/Technik); gebrannt (Material/Technik); bemalt (Material/Technik); gegossen (Material/Technik); https://d-nb.info/gnd/4157819-3,"Höhe: 2.8 cm, Durchmesser: 13.0 cm",,Badisches Landesmuseum,
/1236/item_ZIP5CFSE74EFC57H4CWF2LN4FAHO2GQZ,gebrannt (Material/Technik); https://d-nb.info/gnd/4046851-3; glasiert (Material/Technik); geformt (Material/Technik); http://data.europeana.eu/concept/1757,"Durchmesser: 19.3 cm, Höhe: 2.3 cm",,Badisches Landesmuseum,
/1236/item_ZNLYNESYX6OVNXXQ6VUCPQ3JXGROMJIB,gebrannt (Material/Technik); gegossen (Material/Technik); glasiert (Material/Technik),"Höhe: 15.5 cm, Länge: 20.0 cm, Durchmesser: 15.5 cm",,Badisches Landesmuseum,
/1236/item_ZQXFKJZFSZZHETJ5IXNFGGDO23WMRLSH,https://d-nb.info/gnd/4410323-2; https://d-nb.info/gnd/4127928-1,"Breite: 27.0 cm, Länge: 28.3 cm, Höhe: 4.5 cm",,Badisches Landesmuseum,
/1236/item_ZWE3HVLDYRZ5ZFHYNLLGCP244WG27ZGX,gebrannt (Material/Technik); https://d-nb.info/gnd/4046851-3; glasiert (Material/Technik); geformt (Material/Technik); http://data.europeana.eu/concept/1757,"Durchmesser: 22.2 cm, Höhe: 6.0 cm",,Badisches Landesmuseum,
/1228/item_ATTOOYLUY6NZGAUQIXOSDNGZNLFFBJCR,,,,LVR-Institut für Landeskunde und Regionalgeschichte,
/1228/item_CE6GSDOSN35TORK4AIL57MS5R6DKVEGJ,,,,LVR-Institut für Landeskunde und Regionalgeschichte,
/1228/item_D7UE4OW6YUMJEU4ZCZTDEONLVJQ6VTSG,,,,LVR-Institut für Landeskunde und Regionalgeschichte,
/1228/item_FYGIGXXKHS5SEL4DN2HSJMXJUVGYRUAV,,,,LVR-Institut für Landeskunde und Regionalgeschichte,
/1228/item_KM2NNWI6T4BJV4ZELEKDTQ27NHCANJ74,,,,LVR-Institut für Landeskunde und Regionalgeschichte,
/1228/item_LYYVJBLTFP7IBCCOUZOIQXQVKEM3M25Q,,,,LVR-Institut für Landeskunde und Regionalgeschichte,
/1228/item_O4MNSYLCA2CFK2TCAHB2CVJXHOAGSMRC,,,,LVR-Institut für Landeskunde und Regionalgeschichte,
/1228/item_S4EM3TIJNZDPZMSS3IJVHRYL45EN246J,,,,LVR-Institut für Landeskunde und Regionalgeschichte,
/1228/item_VTROCWKNPQBLNMXPS5N7YP6HDFV2WNDN,,,,LVR-Institut für Landeskunde und Regionalgeschichte,
/1228/item_YWQUDKSPSIDPM5QJ3ET7Q6M4SAF7RKUC,,,,LVR-Institut für Landeskunde und Regionalgeschichte,
/1220/item_4B6YE52XNBCE6GFS5LRDXA6IVEKNNSUE,Gummi (Material) (Material); http://vocab.getty.edu/aat/300014570; http://vocab.getty.edu/aat/300010797; http://vocab.getty.edu/aat/300010900; http://data.europeana.eu/concept/1796; http://data.europeana.eu/concept/1766; http://data.europeana.eu/concept/1764,Gesamt: Breite: 24 cm; Tiefe: 12 cm; Höhe: 34 cm,,LVR-Freilichtmuseum Lindlar,
/1220/item_ATWNOC4QNWA5ETFTBAD5PBMPYILPKM3I,http://data.europeana.eu/concept/1757; http://vocab.getty.edu/aat/300010662; https://d-nb.info/gnd/4021190-3; bedruckt (Technik),"Teil (Kaffeekanne): Tiefe: 23 cm; Höhe: 23 cm
Teil (Teller): Höhe: 3 cm; Durchmesser: 23,5 cm
Teil (Tasse): Höhe: 5 cm; Durchmesser: 10 cm
Teil (Untertasse): Höhe: 2 cm; Durchmesser: 14,5 cm
Teil (Kuchenteller): Höhe: 2,2 cm; Durchmesser: 19,5 cm
Teil (Suppenteller): Höhe: 5 cm; Durchmesser: 22,5 cm
Teil (Suppenterrine): Durchmesser: 32 cm",,LVR-Freilichtmuseum Lindlar,
/1220/item_CA2TLTNBXYSITVN2OUY3LPI3X4SCLAVW,http://data.europeana.eu/concept/1757; http://vocab.getty.edu/aat/300010662; https://d-nb.info/gnd/4021190-3; https://d-nb.info/gnd/4219617-6http://d-nb.info/gnd/4473873-0,Gesamt: Höhe: 22 cm; Durchmesser: 16 cm,,LVR-Freilichtmuseum Lindlar,
/1220/item_CU4K5V4XZ4PSZSI2QL5AX5R35MLPJOCM,http://data.europeana.eu/concept/1757; http://vocab.getty.edu/aat/300010662; https://d-nb.info/gnd/4021190-3; bedruckt (Technik),"Teil (Tasse): Höhe: 5,5 cm; Durchmesser: 10 cm (Durchmesser ohne Henkel)
Teil (Untertasse): Durchmesser: 15 cm
Teil (Kuchenteller): Durchmesser: 19,5 cm
Teil (Kaffeekanne mit Deckel): Höhe: 18,5 cm
Teil (Milchkännchen): Höhe: 10 cm; Durchmesser: 7,5 cm (Durchmesser ohne Henkel)
Teil (Zuckerdose): Höhe: 9 cm; Durchmesser: 10,5 cm (Durchmesser ohne Henkel)
Teil (Tortenplatte): Durchmesser: 29 cm
Teil (Blumenvase): Höhe: 30 cm; Durchmesser: 10 cm",,LVR-Freilichtmuseum Lindlar,
/1220/item_D3VYUVDJ22D6DS2FT4N5ZO5OJ355Z7CO,http://data.europeana.eu/concept/1757; http://vocab.getty.edu/aat/300010662; https://d-nb.info/gnd/4021190-3; bedruckt (Technik),"Teil (Tasse): Höhe: 5,5 cm; Durchmesser: 9 cm
Teil (Untertasse): Durchmesser: 14 cm
Teil (Kuchenteller): Durchmesser: 19,5 cm
Teil (Kaffeekanne mit Deckel): Höhe: 22 cm
Teil (Milchkännchen): Höhe: 11,5 cm; Durchmesser: 8 cm (Durchmesser ohne Henkel)
Teil (Zuckerdose): Höhe: 11 cm; Durchmesser: 10 cm (Durchmesser ohne Henkel)",,LVR-Freilichtmuseum Lindlar,
/1220/item_DAXDHZPUJJFRZVIWABKK3XOX35FQP5EM,http://data.europeana.eu/concept/1757; http://vocab.getty.edu/aat/300010662; https://d-nb.info/gnd/4021190-3; bedruckt (Technik),"Teil (Kaffeekanne): Breite: 17 cm; Tiefe: 27 cm; Höhe: 22 cm
Teil (Teller): Höhe: 2,5 cm; Durchmesser: 21 cm
Teil (Tasse): Höhe: 5,5 cm; Durchmesser: 9,5 cm
Teil (Untertasse): Höhe: 2 cm; Durchmesser: 15 cm",,LVR-Freilichtmuseum Lindlar,
/1220/item_E5ZL7W3A5ZP27LJXZAM47HQ74KNQQN3N,https://d-nb.info/gnd/4021190-3; https://d-nb.info/gnd/4127840-9; https://d-nb.info/gnd/4219617-6http://d-nb.info/gnd/4473873-0,"Teil (Kaffeetasse): Höhe: 6 cm; Durchmesser: 9,5 cm
Teil (Teetasse): Höhe: 8 cm; Durchmesser: 7,5 cm
Teil (Zuckerdose): Höhe: 8,5 cm; Durchmesser: 11,5 cm
Teil (Untertasse): Höhe: 2 cm; Durchmesser: 15,5 cm
Teil (Teller): Höhe: 1,5 cm; Durchmesser: 19 cm
Teil (Milchkännchen): Höhe: 10,5 cm; Durchmesser: 8,5 cm
Teil (Kaffeekanne): Breite: 22 cm; Tiefe: 13 cm; Höhe: 18,5 cm",,LVR-Freilichtmuseum Lindlar,
/1220/item_F2CXHFEKE34V5JJWNDIW6URO5AUQI7QN,http://data.europeana.eu/concept/229; http://data.europeana.eu/concept/1766; http://vocab.getty.edu/aat/300010900; https://d-nb.info/gnd/4152058-0,Gesamt: Höhe: 27 cm; Durchmesser: 16 cm,,LVR-Freilichtmuseum Lindlar,
/1220/item_GNUBNYK3T5UAXKMYRIKV7KFKAHAAPVAY,https://d-nb.info/gnd/4021190-3; https://d-nb.info/gnd/4127840-9,Gesamt: Höhe: 24 cm; Durchmesser: 16 cm,,LVR-Freilichtmuseum Lindlar,
/1220/item_JB6D7BCFTSEYVIT6WNAIQWGQYYPY6CKH,geheftet (Technik); http://vocab.getty.edu/aat/300014109; https://d-nb.info/gnd/4124801-6; http://data.europeana.eu/concept/2090,Gesamt: Breite: 20 cm; Höhe: 13 cm,,LVR-Freilichtmuseum Lindlar,
/1220/item_MRPVY5R6ITC3QQU5TGZWZIS2ELV5AJSW,,Gesamt: Breite: 14 cm; Höhe: 19 cm,,LVR-Freilichtmuseum Lindlar,
/1220/item_TEA47DTIF6F5GEBN6JOVNSDVCCZ3ZAIS,http://data.europeana.eu/concept/1757; http://vocab.getty.edu/aat/300010662; https://d-nb.info/gnd/4021190-3; bedruckt (Technik),"Teil (Untertasse): Höhe: 2,5 cm; Durchmesser: 15 cm
Teil (Teller): Höhe: 2 cm; Durchmesser: 19,5 cm
Teil (Tasse): Höhe: 6,5 cm; Durchmesser: 9,5 cm
Teil (Milchkännchen): Breite: 14 cm; Tiefe: 9,5 cm; Höhe: 16,5 cm
Teil (Zuckerdose): Höhe: 14 cm; Durchmesser: 8,5 cm
Teil (Kaffeekanne): Breite: 25 cm; Tiefe: 14 cm; Höhe: 24 cm
Teil (Teekanne): Breite: 25 cm; Tiefe: 14,5 cm; Höhe: 21 cm
Teil (Kuchenplatte): Höhe: 3 cm; Durchmesser: 25,5 cm",,LVR-Freilichtmuseum Lindlar,
/1220/item_V5DGU6VJ2R6MOZX5U5TOT6W5FKOZK63Z,,,,LVR-Freilichtmuseum Lindlar,
/1220/item_YH42FHXZI4PZOR6TXPEIAKFLKTPSBY5I,http://data.europeana.eu/concept/1796; http://data.europeana.eu/concept/1766; http://vocab.getty.edu/aat/300014570; http://vocab.getty.edu/aat/300010900,"Gesamt: Breite: 21,5 cm; Höhe: 30 cm; Durchmesser: 14 cm",,LVR-Freilichtmuseum Lindlar,
/1220/item_YUXMMQZ643F6MT4Z54UDSRQM54W6OI3F,,,,LVR-Freilichtmuseum Lindlar,
/1029/E00683165,,,,,Royal Botanic Garden Edinburgh Herbarium
/1029/E01280744,,,,,Royal Botanic Garden Edinburgh Herbarium
/1029/E01280746,,,,,Royal Botanic Garden Edinburgh Herbarium
/1029/E01280747,,,,,Royal Botanic Garden Edinburgh Herbarium
/1029/E01280756,,,,,Royal Botanic Garden Edinburgh Herbarium
/1029/E01280769,,,,,Royal Botanic Garden Edinburgh Herbarium
/1029/E01280771,,,,,Royal Botanic Garden Edinburgh Herbarium
/1029/E01280772,,,,,Royal Botanic Garden Edinburgh Herbarium
/1028/E01152748,,,,,Royal Botanic Garden Edinburgh Herbarium
/1028/E01280743,,,,,Royal Botanic Garden Edinburgh Herbarium
/1028/E01280745,,,,,Royal Botanic Garden Edinburgh Herbarium
/1028/E01280758,,,,,Royal Botanic Garden Edinburgh Herbarium
/1028/E01280762,,,,,Royal Botanic Garden Edinburgh Herbarium
/1028/E01280763,,,,,Royal Botanic Garden Edinburgh Herbarium
/1028/E01280764,,,,,Royal Botanic Garden Edinburgh Herbarium
/1028/E01280770,,,,,Royal Botanic Garden Edinburgh Herbarium
/1028/E01280774,,,,,Royal Botanic Garden Edinburgh Herbarium
/1028/E01280775,,,,,Royal Botanic Garden Edinburgh Herbarium
/1028/E01280776,,,,,Royal Botanic Garden Edinburgh Herbarium
/1028/E01280777,,,,,Royal Botanic Garden Edinburgh Herbarium
/1028/E01280778,,,,,Royal Botanic Garden Edinburgh Herbarium
/1027/E01280742,,,,,Royal Botanic Garden Edinburgh Herbarium
/1027/E01280752,,,,,Royal Botanic Garden Edinburgh Herbarium
/1027/E01280753,,,,,Royal Botanic Garden Edinburgh Herbarium
/1027/E01280755,,,,,Royal Botanic Garden Edinburgh Herbarium
/1027/E01280757,,,,,Royal Botanic Garden Edinburgh Herbarium
/1027/E01280760,,,,,Royal Botanic Garden Edinburgh Herbarium
/1027/E01280761,,,,,Royal Botanic Garden Edinburgh Herbarium
/1027/E01280768,,,,,Royal Botanic Garden Edinburgh Herbarium
/1026/E00683166,,,,,Royal Botanic Garden Edinburgh Herbarium
/1026/E01280741,,,,,Royal Botanic Garden Edinburgh Herbarium
/1026/E01280748,,,,,Royal Botanic Garden Edinburgh Herbarium
/1026/E01280749,,,,,Royal Botanic Garden Edinburgh Herbarium
/1026/E01280750,,,,,Royal Botanic Garden Edinburgh Herbarium
/1026/E01280751,,,,,Royal Botanic Garden Edinburgh Herbarium
/1026/E01280754,,,,,Royal Botanic Garden Edinburgh Herbarium
/1026/E01280759,,,,,Royal Botanic Garden Edinburgh Herbarium
/1026/E01280765,,,,,Royal Botanic Garden Edinburgh Herbarium
/1026/E01280766,,,,,Royal Botanic Garden Edinburgh Herbarium
/1026/E01280767,,,,,Royal Botanic Garden Edinburgh Herbarium
/1026/E01280773,,,,,Royal Botanic Garden Edinburgh Herbarium
/1026/E01280779,,,,,Royal Botanic Garden Edinburgh Herbarium
/882/NHMUKXBOTXBM013722610,,,,,
/875/NHMUKXBOTXBM013722609,,,,,
/872/NHMUKXBOTXBM013722608,,,,,
/840/NHMUKXBOTXBM013722611,,,,,
/15508/DG2003_2105,,Blatt: 760 mm x 1045 mm; Leaf: 760 mm x 1045 mm,"Albertina, Vienna, Austria; Albertina, Wien, Österreich",Public Domain Mark 1.0; Public domain Mark 1.0,
/803/item_3FSRIVSOD4EFD6Y64ACZGFME5HFPLULS,,,,Mitte Museum/Bezirksamt Mitte von Berlin,
/803/item_BLRE6NBM6LOU46SFAV5D3FBB5J3YPLAI,,"Höhe: 15,5 cm; Breite: 23,3 cm",,Mitte Museum/Bezirksamt Mitte von Berlin,
/803/item_DKG6EOK2DD3ADPJHNIY5UHCVXDZDMX4B,,"Höhe: 3,4 cm; Durchmesser: 5,2 cm",,Mitte Museum/Bezirksamt Mitte von Berlin,
/803/item_EFTOVUBVFNGGYRKZ46Q2FTJJIAIMJZRK,,"Höhe: 5 cm; Durchmesser: 8,1 cm",,Mitte Museum/Bezirksamt Mitte von Berlin,
/803/item_GNPFZBD5H3HQ3YS6L7AO23OITGCQCOEP,,"Höhe: 6,9 cm; Durchmesser: 2,4 cm",,Mitte Museum/Bezirksamt Mitte von Berlin,
/803/item_HM73JET6POM2LF5MLGLNNM5OTF3BOPJB,,"Höhe: 15,2 cm; Breite: 8 cm; Tiefe: 13,7 cm",,Mitte Museum/Bezirksamt Mitte von Berlin,
/803/item_ICUIRGEDOVQWEP6JJ3G5YMCWVSRTKWRV,,"Höhe: 12,2, cm; Breite: 12,2 cm; Tiefe: 4,6 cm",,Mitte Museum/Bezirksamt Mitte von Berlin,
/803/item_LGC3LJNWAU5DT77L5OJHULEJ6BQJ737A,,,,Mitte Museum/Bezirksamt Mitte von Berlin,
/803/item_MDJQ4GBJ5LR4AJQ7KZUG566IYCFM7ZCZ,,"Höhe: 13 cm; Breite: 11,8 cm; Tiefe: 9,7 cm",,Mitte Museum/Bezirksamt Mitte von Berlin,
/803/item_OXUYST6M45AJYF6IYJABZL42ZE7QFQMI,,,,Mitte Museum/Bezirksamt Mitte von Berlin,
/803/item_QNKQ2G5W24YAOAGED32Z4PH2WXXFGV3N,,"Höhe: 6,2 cm; Durchmesser: 9,8 cm",,Mitte Museum/Bezirksamt Mitte von Berlin,
/803/item_RLSKC64YWIPZPQNQ64YJXRZZY6PNCGYZ,,"Höhe: 18 cm; Breite: 29,3 cm; Durchmesser: 14 cm",,Mitte Museum/Bezirksamt Mitte von Berlin,
/803/item_USAHG3QR5CRUIOYU3MS4FEZILG4TRYU6,,"Höhe: 20,7 cm; Breite: 20,2 cm; Durchmesser: 10,2 cm",,Mitte Museum/Bezirksamt Mitte von Berlin,
/803/item_Z7YIIH4ZAR2FQYKMISCOHXAFBSK5SB2M,,"Höhe: 19 cm; Breite: 19,5 cm; Durchmesser: 8,3 cm",,Mitte Museum/Bezirksamt Mitte von Berlin,
/168/item_2GMMY6QV4F4S2IAOZQI5Z3OHY5UX5M3S,https://d-nb.info/gnd/4048166-9,Höhe: 499 mm (Blatt); Höhe: 409 mm (Platte); Breite: 489 mm (Platte); Breite: 670 mm (Blatt),,Herzog August Bibliothek Wolfenbüttel; Es gelten die Nutzungsbedingungen der Herzog August Bibliothek Wolfenbüttel,
/168/item_5NJ64CSFKHVMYLRVSLL2ZJB2GAWYGOMJ,https://d-nb.info/gnd/4048166-9,Höhe: 183 mm (Platte); Breite: 372 mm (Blatt); Breite: 271 mm (Platte); Höhe: 240 mm (Blatt),,Herzog August Bibliothek Wolfenbüttel; Es gelten die Nutzungsbedingungen der Herzog August Bibliothek Wolfenbüttel,
/168/item_MWRJLQ5HRHVFW2LPTI6KETJM2IPD2FCU,https://d-nb.info/gnd/4048166-9,Breite: 50 mm (Blatt); Höhe: 85 mm (Blatt),,Herzog August Bibliothek Wolfenbüttel; Es gelten die Nutzungsbedingungen der Herzog August Bibliothek Wolfenbüttel,
/168/item_PIDMF3ZSGLMLZHMHTOIAVQ33MSR2YCE7,Schabkunst (Technik),Breite: 179 mm (Platte); Höhe: 341 mm (Blatt); Breite: 219 mm (Blatt); Höhe: 250 mm (Platte),,Herzog August Bibliothek Wolfenbüttel; Es gelten die Nutzungsbedingungen der Herzog August Bibliothek Wolfenbüttel,
/648/item_TU2OLANWHVWMVBSP2H5FP3RWD7ZEHRPN,,"Höhe: 6 cm, Breite: 6 cm",,Gerda Schimpf Fotoarchiv; Gerda Schimpf photo archive; Gerda Schimpf Fotoarchiv,
/626/item_4QMHVXKB4A7GFPWTXIYC3L554TRGVVCA,Reverse film/35mm (material/technique); Umkehrfilm / 35mm (Material/Technik),5x5cm,,Mediathek des Instituts für Kunst- und Bildgeschichte der Humboldt Universität zu Berlin,
/376/photography_ProvidedCHO_Royal_Institute_for_Cultural_Heritage__KIK_IRPA___Brussels__Belgium__KIK_IRPA_n__10140635,doré; polychromé; cuit[céramique]; golden,hauteur: 27.5 cm,,,
/376/photography_ProvidedCHO_Royal_Institute_for_Cultural_Heritage__KIK_IRPA___Brussels__Belgium__KIK_IRPA_n__10140660,painted; peint; cuit[céramique],hauteur: 9.8 cm  diamètre: 8.5 cm,,,
/376/photography_ProvidedCHO_Royal_Institute_for_Cultural_Heritage__KIK_IRPA___Brussels__Belgium__KIK_IRPA_n__10140667,cuit[céramique]; émaillé; enameled,hauteur: 21.4 cm  diamètre: 20 cm,,,
/376/photography_ProvidedCHO_Royal_Institute_for_Cultural_Heritage__KIK_IRPA___Brussels__Belgium__KIK_IRPA_n__10140669,doré; peint; cuit[céramique]; painted; golden,hauteur: 11.7 cm,,,
/376/photography_ProvidedCHO_Royal_Institute_for_Cultural_Heritage__KIK_IRPA___Brussels__Belgium__KIK_IRPA_n__11056182,painted; peint; cuit[céramique],,,,
/376/photography_ProvidedCHO_Royal_Institute_for_Cultural_Heritage__KIK_IRPA___Brussels__Belgium__KIK_IRPA_n__151289,baking [pottery]; bakken[aardewerk],,,,
/376/photography_ProvidedCHO_Royal_Institute_for_Cultural_Heritage__KIK_IRPA___Brussels__Belgium__KIK_IRPA_n__151291,baking [pottery]; bakken[aardewerk],,,,
/376/photography_ProvidedCHO_Royal_Institute_for_Cultural_Heritage__KIK_IRPA___Brussels__Belgium__KIK_IRPA_n__151292,baking [pottery]; bakken[aardewerk],,,,
/376/photography_ProvidedCHO_Royal_Institute_for_Cultural_Heritage__KIK_IRPA___Brussels__Belgium__KIK_IRPA_n__151306,baking [pottery]; bakken[aardewerk]; gepolychromeerd,,,,
/376/photography_ProvidedCHO_Royal_Institute_for_Cultural_Heritage__KIK_IRPA___Brussels__Belgium__KIK_IRPA_n__151309,baking [pottery]; bakken[aardewerk]; gepolychromeerd,,,,
/376/photography_ProvidedCHO_Royal_Institute_for_Cultural_Heritage__KIK_IRPA___Brussels__Belgium__KIK_IRPA_n__151403,baking [pottery]; bakken[aardewerk]; gepolychromeerd,,,,
/376/photography_ProvidedCHO_Royal_Institute_for_Cultural_Heritage__KIK_IRPA___Brussels__Belgium__KIK_IRPA_n__151404,baking [pottery]; bakken[aardewerk]; gepolychromeerd,,,,
/376/photography_ProvidedCHO_Royal_Institute_for_Cultural_Heritage__KIK_IRPA___Brussels__Belgium__KIK_IRPA_n__151405,baking [pottery]; bakken[aardewerk]; gepolychromeerd,,,,
/376/photography_ProvidedCHO_Royal_Institute_for_Cultural_Heritage__KIK_IRPA___Brussels__Belgium__KIK_IRPA_n__151526,baking [pottery]; bakken[aardewerk],,,,
/376/photography_ProvidedCHO_Royal_Institute_for_Cultural_Heritage__KIK_IRPA___Brussels__Belgium__KIK_IRPA_n__151597,baking [pottery]; bakken[aardewerk],,,,
/266/BRXBR0000006840204,,,,,Meise Botanic Garden Herbarium
/266/BRXBR0000010010488,,,,,Meise Botanic Garden Herbarium
/266/BRXBR0000010013267,,,,,Meise Botanic Garden Herbarium
/266/BRXBR0000010013304,,,,,Meise Botanic Garden Herbarium
/266/BRXBR0000010013335,,,,,Meise Botanic Garden Herbarium
/266/BRXBR0000010013380,,,,,Meise Botanic Garden Herbarium
/266/BRXBR0000010013403,,,,,Meise Botanic Garden Herbarium
/266/BRXBR0000010013434,,,,,Meise Botanic Garden Herbarium
/266/BRXBR0000010013441,,,,,Meise Botanic Garden Herbarium
/266/BRXBR0000010013496,,,,,Meise Botanic Garden Herbarium
/266/BRXBR0000010013502,,,,,Meise Botanic Garden Herbarium
/266/BRXBR0000010013670,,,,,Meise Botanic Garden Herbarium
/266/BRXBR0000010014097,,,,,Meise Botanic Garden Herbarium
/266/BRXBR0000010014592,,,,,Meise Botanic Garden Herbarium
/266/BRXBR0000010015001,,,,,Meise Botanic Garden Herbarium
/266/BRXBR0000012436200,,,,,Meise Botanic Garden Herbarium
/266/BRXBR0000012591299,,,,,Meise Botanic Garden Herbarium
/266/BRXBR0000015229229V,,,,,Meise Botanic Garden Herbarium
/266/BRXBR0000024982337,,,,,Meise Botanic Garden Herbarium
/265/BRXBR0000006840228,,,,,Meise Botanic Garden Herbarium
/265/BRXBR0000006841249,,,,,Meise Botanic Garden Herbarium
/265/BRXBR0000010013236,,,,,Meise Botanic Garden Herbarium
/265/BRXBR0000010013281,,,,,Meise Botanic Garden Herbarium
/265/BRXBR0000010013373,,,,,Meise Botanic Garden Herbarium
/265/BRXBR0000010013632,,,,,Meise Botanic Garden Herbarium
/265/BRXBR0000010013694,,,,,Meise Botanic Garden Herbarium
/265/BRXBR0000010013717,,,,,Meise Botanic Garden Herbarium
/265/BRXBR0000010013908,,,,,Meise Botanic Garden Herbarium
/265/BRXBR0000010014653,,,,,Meise Botanic Garden Herbarium
/265/BRXBR0000010014837,,,,,Meise Botanic Garden Herbarium
/265/BRXBR0000010014899,,,,,Meise Botanic Garden Herbarium
/265/BRXBR0000012574605,,,,,Meise Botanic Garden Herbarium
/265/BRXBR0000022428967,,,,,Meise Botanic Garden Herbarium
/265/BRXBR0000024986960,,,,,Meise Botanic Garden Herbarium
/265/BRXBR0000027724590V,,,,,Meise Botanic Garden Herbarium
/264/BRXBR0000010010075,,,,,Meise Botanic Garden Herbarium
/264/BRXBR0000010013229,,,,,Meise Botanic Garden Herbarium
/264/BRXBR0000010013311,,,,,Meise Botanic Garden Herbarium
/264/BRXBR0000010013342,,,,,Meise Botanic Garden Herbarium
/264/BRXBR0000010013359,,,,,Meise Botanic Garden Herbarium
/264/BRXBR0000010013410,,,,,Meise Botanic Garden Herbarium
/264/BRXBR0000010013649,,,,,Meise Botanic Garden Herbarium
/264/BRXBR0000010013663,,,,,Meise Botanic Garden Herbarium
/264/BRXBR0000010013809,,,,,Meise Botanic Garden Herbarium
/264/BRXBR0000010013816,,,,,Meise Botanic Garden Herbarium
/264/BRXBR0000010014776,,,,,Meise Botanic Garden Herbarium
/264/BRXBR0000010014868,,,,,Meise Botanic Garden Herbarium
/264/BRXBR0000010015094,,,,,Meise Botanic Garden Herbarium
/264/BRXBR0000011151210,,,,,Meise Botanic Garden Herbarium
/264/BRXBR0000012388370,,,,,Meise Botanic Garden Herbarium
/264/BRXBR0000012574926,,,,,Meise Botanic Garden Herbarium
/264/BRXBR0000022765406,,,,,Meise Botanic Garden Herbarium
/264/BRXBR0000026185484V,,,,,Meise Botanic Garden Herbarium
/264/BRXBR0000027724613V,,,,,Meise Botanic Garden Herbarium
/263/BRXBR0000010013212,,,,,Meise Botanic Garden Herbarium
/263/BRXBR0000010013274,,,,,Meise Botanic Garden Herbarium
/263/BRXBR0000010013298,,,,,Meise Botanic Garden Herbarium
/263/BRXBR0000010013328,,,,,Meise Botanic Garden Herbarium
/263/BRXBR0000010013366,,,,,Meise Botanic Garden Herbarium
/263/BRXBR0000010013397,,,,,Meise Botanic Garden Herbarium
/263/BRXBR0000010013526,,,,,Meise Botanic Garden Herbarium
/263/BRXBR0000010013571,,,,,Meise Botanic Garden Herbarium
/263/BRXBR0000010013588,,,,,Meise Botanic Garden Herbarium
/263/BRXBR0000010013618,,,,,Meise Botanic Garden Herbarium
/263/BRXBR0000010014509,,,,,Meise Botanic Garden Herbarium
/263/BRXBR0000010014745,,,,,Meise Botanic Garden Herbarium
/263/BRXBR0000010014790,,,,,Meise Botanic Garden Herbarium
/263/BRXBR0000010441282,,,,,Meise Botanic Garden Herbarium
/263/BRXBR0000012072750,,,,,Meise Botanic Garden Herbarium
/263/BRXBR0000022413802,,,,,Meise Botanic Garden Herbarium
/263/BRXBR0000025362428V,,,,,Meise Botanic Garden Herbarium
/11608/BRXBR0000006220846,,,,,Meise Botanic Garden Herbarium
/11608/BRXBR0000006841140,,,,,Meise Botanic Garden Herbarium
/11608/BRXBR0000006898748,,,,,Meise Botanic Garden Herbarium
/11608/BRXBR0000010013182,,,,,Meise Botanic Garden Herbarium
/11608/BRXBR0000010013243,,,,,Meise Botanic Garden Herbarium
/11608/BRXBR0000010013427,,,,,Meise Botanic Garden Herbarium
/11608/BRXBR0000010013465,,,,,Meise Botanic Garden Herbarium
/11608/BRXBR0000010013489,,,,,Meise Botanic Garden Herbarium
/11608/BRXBR0000010013557,,,,,Meise Botanic Garden Herbarium
/11608/BRXBR0000010013748,,,,,Meise Botanic Garden Herbarium
/11608/BRXBR0000010013779,,,,,Meise Botanic Garden Herbarium
/11608/BRXBR0000010013786,,,,,Meise Botanic Garden Herbarium
/11608/BRXBR0000010014493,,,,,Meise Botanic Garden Herbarium
/11608/BRXBR0000010014530,,,,,Meise Botanic Garden Herbarium
/11608/BRXBR0000010014912,,,,,Meise Botanic Garden Herbarium
/11608/BRXBR0000010014998,,,,,Meise Botanic Garden Herbarium
/11608/BRXBR0000010015117,,,,,Meise Botanic Garden Herbarium
/11608/BRXBR0000011151562,,,,,Meise Botanic Garden Herbarium
/11608/BRXBR0000012494132,,,,,Meise Botanic Garden Herbarium
/11608/BRXBR0000022413819,,,,,Meise Botanic Garden Herbarium
/11608/BRXBR0000027724583V,,,,,Meise Botanic Garden Herbarium
/176/BRXBR0000005076932,,,,,Meise Botanic Garden Herbarium
/176/BRXBR0000006841225,,,,,Meise Botanic Garden Herbarium
/176/BRXBR0000010010044,,,,,Meise Botanic Garden Herbarium
/176/BRXBR0000010013168,,,,,Meise Botanic Garden Herbarium
/176/BRXBR0000010013175,,,,,Meise Botanic Garden Herbarium
/176/BRXBR0000010013199,,,,,Meise Botanic Garden Herbarium
/176/BRXBR0000010013205,,,,,Meise Botanic Garden Herbarium
/176/BRXBR0000010013250,,,,,Meise Botanic Garden Herbarium
/176/BRXBR0000010013458,,,,,Meise Botanic Garden Herbarium
/176/BRXBR0000010013472,,,,,Meise Botanic Garden Herbarium
/176/BRXBR0000010013533,,,,,Meise Botanic Garden Herbarium
/176/BRXBR0000010013601,,,,,Meise Botanic Garden Herbarium
/176/BRXBR0000010013755,,,,,Meise Botanic Garden Herbarium
/176/BRXBR0000010014110,,,,,Meise Botanic Garden Herbarium
/176/BRXBR0000010014561,,,,,Meise Botanic Garden Herbarium
/176/BRXBR0000010014622,,,,,Meise Botanic Garden Herbarium
/176/BRXBR0000010014714,,,,,Meise Botanic Garden Herbarium
/176/BRXBR0000010014882,,,,,Meise Botanic Garden Herbarium
/176/BRXBR0000010014943,,,,,Meise Botanic Garden Herbarium
/176/BRXBR0000010014974,,,,,Meise Botanic Garden Herbarium
/176/BRXBR0000010015032,,,,,Meise Botanic Garden Herbarium
/176/BRXBR0000012576289,,,,,Meise Botanic Garden Herbarium
/176/BRXBR0000024882484,,,,,Meise Botanic Garden Herbarium
/176/BRXBR0000027724606V,,,,,Meise Botanic Garden Herbarium
/225/19780466,,,,,
/1014/item_3TKQKE3OYSNGVHGTNMXVE5AA6BIGMR2U,Holz (Material/Technik); Kunststoff (Material/Technik); Kunststoffverarbeitung (Material/Technik),"Durchmesser: 10,5 cm (Standfuß); Höhe: 30 cm",,,
/1014/item_4UTO2IBSGVDCXMJVLSTBZPMLCQP37VWA,Zinn (Material/Technik); Metallguss (Material/Technik),"Höhe: 11,5 cm (mit Deckel); Durchmesser: 17,5 cm (von der Tülle bis zum Griff gemessen)",,,
/1014/item_66XK7HVYONAFD4SQXC35VNYXNDFG6465,engobiertes Steinzeug (Material/Technik); gedreht (Material/Technik),Durchmesser: 16 cm (am Boden); Höhe: 46 cm; Durchmesser: 12 cm (Öffnung),,,
/1014/item_72VEMD5O3OAI4KOZA56ZKHIVDFS6URFK,Zinn (Material/Technik); Metallguss (Material/Technik),"Höhe: 13,5 cm (mit Deckel); Durchmesser: 7,6 cm (Boden)",,,
/1014/item_GVPQQ25ZEFDXFGFKIA5BCPKTJJ5NIDX6,Metalltechnik (Material/Technik); Zinn (Material/Technik),"Höhe: 26,5 cm; Durchmesser: 9,8 cm (Boden); Durchmesser: 12 cm (gr. Dm)",,,
/1014/item_L4KLATFTYWIRWB7F6SOYSIJHTMXEKGCR,Zinn (Material/Technik); Metallguss (Material/Technik),"Höhe: 26,5 cm; Durchmesser: 13,5 cm (Dm. Boden)",,,
/1014/item_LVNECY3UCGKUHXDXQRGLMW5BTXHSLOAK,Holz (Material/Technik); Zinn (Material/Technik); Metallguss (Material/Technik),"Durchmesser: 8,2 cm (Fuß); Höhe: 21,5 cm",,,
/1014/item_M3Y2TOSLQEJZ75EKQGEBUQ2JBR5YQPMD,Keramische Techniken (Material/Technik); Porzellan (Material/Technik),"Durchmesser: 7 cm (Milchkännchen); Durchmesser: 15 cm (Untertasse); Durchmesser: 19,5 cm (Kuchenteller); Höhe: 6 cm (Zuckerdose); Höhe: 6,5 cm (Milchkännchen); Höhe: 7,5 cm (Tasse); Durchmesser: 7 cm (Tasse); Durchmesser: 8 cm (Zuckerdose); Durchmesser: 8 cm (Teekanne); Höhe: 21 cm (Teekanne)",,,
/1014/item_NXGSZLASGBEKU7UFF66WK3N6O2V7Z77B,Eisen (Material/Technik); Zinn (Material/Technik); Metallguss (Material/Technik),"Durchmesser: 10,4 cm; Höhe: 19 cm",,,
/1014/item_RDDU5HRN5AHVWAJCGF5PZGNDIOFRXXMG,Holz (Material/Technik); Zinn (Material/Technik); Metallguss (Material/Technik),"Durchmesser: 8 cm (Deckel); Durchmesser: 11,2 cm; Höhe: 21 cm",,,
/1014/item_S4J7H5ML6UE54XKLJXE6IT5BG7RRTNXG,Zinn (Material/Technik); Metallguss (Material/Technik),Durchmesser: 25 cm (über Henkel und Ausguss gemessen); Höhe: 18 cm,,,
/1014/item_SSG2KBB3DDK2Y2KHXDBSCUR5SXUGCAXQ,Holz (Material/Technik); Zinn (Material/Technik); Metallguss (Material/Technik),"Durchmesser: 10,3 cm; Durchmesser: 8 cm (Überfang); Höhe: 19,2 cm (mit Henkel)",,,
/1014/item_UF5OJ43ZNVX2BI6SKLUA6MBEF3EITB5E,Nussbaum (Material/Technik); Zinn (Material/Technik); Metallguss (Material/Technik),Durchmesser: 10 cm (Dm. Korpus); Höhe: 24 cm,,,
/1014/item_Z336SVTJL43LTPPRLRGD42IY4N53DI4B,Ivory (Material/Technik); Porzellan (Material/Technik); Brand (Keramik) (Material/Technik); Elfenbein (Material/Technik),"Höhe: 22 cm; Durchmesser: 7,5 cm (Standfuß)",,,
/1333/BOTANYXAMDX79581,,,,,
/1333/BOTANYXLX2700701,,,,,
/1333/BOTANYXLX2700711,,,,,
/1333/BOTANYXLX2700718,,,,,
/1333/BOTANYXLX2700720,,,,,
/1333/BOTANYXLX3363123,,,,,
/1333/BOTANYXLX3363128,,,,,
/1333/BOTANYXLX3363180,,,,,
/1333/BOTANYXLX3363181,,,,,
/1333/BOTANYXLX3363195,,,,,
/1333/BOTANYXLX3363214,,,,,
/1333/BOTANYXLX3363248,,,,,
/1333/BOTANYXLX3363256,,,,,
/1333/BOTANYXLX3363277,,,,,
/1333/BOTANYXLX3363280,,,,,
/1333/BOTANYXLX3363301,,,,,
/1333/BOTANYXLX3363307,,,,,
/1333/BOTANYXLX3363326,,,,,
/1333/BOTANYXLX3363346,,,,,
/1333/BOTANYXUX1399031,,,,,
/1332/BOTANYXLX2700705,,,,,
/1332/BOTANYXLX3363119,,,,,
/1332/BOTANYXLX3363155,,,,,
/1332/BOTANYXLX3363223,,,,,
/1332/BOTANYXLX3363267,,,,,
/1332/BOTANYXLX3363279,,,,,
/1332/BOTANYXLX3363282,,,,,
/1332/BOTANYXLX3363285,,,,,
/1332/BOTANYXLX3363314,,,,,
/1332/BOTANYXUX1399026,,,,,
/1324/BOTANYXLX2700706,,,,,
/1324/BOTANYXLX2700736,,,,,
/1324/BOTANYXLX2700738,,,,,
/1324/BOTANYXLX3363130,,,,,
/1324/BOTANYXLX3363143,,,,,
/1324/BOTANYXLX3363186,,,,,
/1324/BOTANYXLX3363198,,,,,
/1324/BOTANYXLX3363201,,,,,
/1324/BOTANYXLX3363208,,,,,
/1324/BOTANYXLX3363225,,,,,
/1324/BOTANYXLX3363234,,,,,
/1324/BOTANYXLX3363265,,,,,
/1324/BOTANYXLX3363310,,,,,
/1324/BOTANYXLX3363311,,,,,
/1324/BOTANYXLX3363331,,,,,
/1324/BOTANYXLX3363337,,,,,
/1324/BOTANYXLX3363343,,,,,
/1324/BOTANYXLX3363345,,,,,
/1324/BOTANYXUX1399020,,,,,
/1323/BOTANYXLX2700700,,,,,
/1323/BOTANYXLX2700713,,,,,
/1323/BOTANYXLX3363115,,,,,
/1323/BOTANYXLX3363147,,,,,
/1323/BOTANYXLX3363153,,,,,
/1323/BOTANYXLX3363188,,,,,
/1323/BOTANYXLX3363190,,,,,
/1323/BOTANYXLX3363204,,,,,
/1323/BOTANYXLX3363235,,,,,
/1323/BOTANYXLX3363241,,,,,
/1323/BOTANYXLX3363250,,,,,
/1323/BOTANYXLX3363255,,,,,
/1323/BOTANYXLX3363327,,,,,
/1323/BOTANYXLX3363332,,,,,
/1323/BOTANYXLX3363335,,,,,
/1323/BOTANYXUX1399028,,,,,
/1311/BOTANYXLX2071948,,,,,
/1311/BOTANYXLX2700722,,,,,
/1311/BOTANYXLX2700734,,,,,
/1311/BOTANYXLX3363125,,,,,
/1311/BOTANYXLX3363159,,,,,
/1311/BOTANYXLX3363164,,,,,
/1311/BOTANYXLX4231779,,,,,
/1311/BOTANYXLX4291582,,,,,
/1311/BOTANYXUX1399018,,,,,
/1311/BOTANYXUX1399027,,,,,
/1311/BOTANYXWAGX1103868,,,,,
/1310/BOTANYXLX2700733,,,,,
/1310/BOTANYXLX3363113,,,,,
/1310/BOTANYXLX3363133,,,,,
/1310/BOTANYXLX3363163,,,,,
/1310/BOTANYXLX3363169,,,,,
/1310/BOTANYXLX3363184,,,,,
/1310/BOTANYXLX3363200,,,,,
/1310/BOTANYXLX3363228,,,,,
/1310/BOTANYXLX3363243,,,,,
/1310/BOTANYXLX3363273,,,,,
/1310/BOTANYXLX3363283,,,,,
/1310/BOTANYXLX3363291,,,,,
/1310/BOTANYXLX3363329,,,,,
/1310/BOTANYXUX1399016,,,,,
/1292/BOTANYXAMDX79576,,,,,
/1292/BOTANYXLX2700698,,,,,
/1292/BOTANYXLX2700709,,,,,
/1292/BOTANYXLX2700728,,,,,
/1292/BOTANYXLX2700750,,,,,
/1292/BOTANYXLX3363157,,,,,
/1292/BOTANYXLX3363176,,,,,
/1292/BOTANYXLX3363192,,,,,
/1292/BOTANYXLX3363202,,,,,
/1292/BOTANYXLX3363207,,,,,
/1292/BOTANYXLX3363211,,,,,
/1292/BOTANYXLX3363213,,,,,
/1292/BOTANYXLX3363231,,,,,
/1292/BOTANYXLX3363305,,,,,
/1292/BOTANYXLX3363308,,,,,
/1292/BOTANYXLX3363316,,,,,
/1292/BOTANYXUX1399023,,,,,
/1292/BOTANYXWAGX1876303,,,,,
/1291/BOTANYXLX2700714,,,,,
/1291/BOTANYXLX2700717,,,,,
/1291/BOTANYXLX2700744,,,,,
/1291/BOTANYXLX3363114,,,,,
/1291/BOTANYXLX3363127,,,,,
/1291/BOTANYXLX3363137,,,,,
/1291/BOTANYXLX3363140,,,,,
/1291/BOTANYXLX3363165,,,,,
/1291/BOTANYXLX3363203,,,,,
/1291/BOTANYXLX3363209,,,,,
/1291/BOTANYXLX3363224,,,,,
/1291/BOTANYXLX3363287,,,,,
/1291/BOTANYXLX3363288,,,,,
/1291/BOTANYXLX3363296,,,,,
/1291/BOTANYXLX3363322,,,,,
/1291/BOTANYXLX3363347,,,,,
/1291/BOTANYXUX1398891,,,,,
/1291/BOTANYXUX1399029,,,,,
/1291/BOTANYXWAGX1103077,,,,,
/192/item_PSSJZEPE5JHWYAXDHEY6AOQOZEMOY5WS,Porzellan (Material); Porzellan (Material/Technik),"Länge: 26 cm, Höhe: 27 cm, Breite: 12 cm, Stückzahl: 1",,Freilichtmuseum Roscheider Hof,
/11629/HERBARXBGBMXGERMANYXBX10X0356271,,,,,"Herbarium Berolinense, Berlin (B)"
/206/item_A4SN2M2BVXO62PHC2O7ATMEIOYNPOCAI,,,,,
/206/item_BVL37GTXJ6QZAQ2CTKQRV5MX4CWQYH4V,,,,,
/206/item_CNQ66EGQIXLK2CUSC2UCK52RYVCZNFA7,,,,,
/206/item_EGBGT44UKAOEITF25ILMVZUSYW4Q7KU7,,,,,
/206/item_EPUKXXJE7G4UI2UN4JMTTJISEU6QHVM3,,,,,
/206/item_F3W27QY5GU57BAIL4XCWROZW43FFPU6C,,,,,
/206/item_HOLUCNTSAB5LKLCJNYQXADCL2KSIIQBW,,,,,
/206/item_HZ2F3A5DFIBUT7TUV32BGKMDSJOY3V5L,,,,,
/206/item_N7TGC44JE3FTRCLHPVEU2TMO6MIPMBVR,,,,,
/206/item_NENVF5LBAQ2ZR2LOL77GXAML5JZRGIVK,,,,,
/206/item_NXSSKDFQZWNWIUG36MVGJOZE5E7RYPAK,,,,,
/206/item_OK46S2HDWOZSGCG2Z4U4CUUNJKVAREC4,,,,,
/206/item_SKY3AYQEHFZPT6JJUW6WTY4LPS3OMP4D,,,,,
/206/item_THO4WVOVMRXROBCJFGOWVNYRCFFNZJT6,,,,,
/206/item_WKDNYL4ZQUIBXIAL3GEYBCFA3H4TRY5A,,,,,
/206/item_WV3VGVBMV4WS7POOPL4T2JZS3PIUZMM3,,,,,
/206/item_XV7MBYPJ3UJZEP2PRAXEOKCKF257L4A4,,,,,
/206/item_YTVGETD7XM6NITQDLE7KOBMBWYYQSWPW,,,,,
/206/item_ZIUYK5FZKCLBWA4AKHR6ZCCQDGF4R7C5,,,,,
/1236/item_YV565OXQGMD5ZP3LK6VB5DP7EFWFVKY7,gebrannt (Material/Technik); glasiert (Material/Technik); geformt (Material/Technik),"Höhe: 1.8 cm, Durchmesser: 15.0 cm (Untertasse); Höhe: 2.3 cm, Durchmesser: 19.5 cm (Teller); Höhe: 5.0 cm, Breite: 11.0 cm, Durchmesser: 10.0 cm (Tasse)",,Badisches Landesmuseum,
/829/https___bibliotheque_numerique_inha_fr_idurl_1_23265,2 feuillets ; in-4°,,"Bibliothèque de l'Institut National d'Histoire de l'Art, collections Jacques Doucet",http://creativecommons.org/publicdomain/mark/1.0/; domaine public; Institut National d'Histoire de l'Art,NUM CVP00310_19420121; Cote de l'original : VP 1942/16
/829/https___bibliotheque_numerique_inha_fr_idurl_1_23537,1 vol. (15 p.) ; in-8°,,"Bibliothèque de l'Institut National d'Histoire de l'Art, collections Jacques Doucet",http://creativecommons.org/publicdomain/mark/1.0/; domaine public; Institut National d'Histoire de l'Art,NUM CVP00526_19420605; Cote de l'original : VP 1942/227
/829/https___bibliotheque_numerique_inha_fr_idurl_1_23742,1 vol. (16 p.) ; in-8°,,"Bibliothèque de l'Institut National d'Histoire de l'Art, collections Jacques Doucet",http://creativecommons.org/publicdomain/mark/1.0/; domaine public; Institut National d'Histoire de l'Art,Cote de l'original : VP 1942/405; NUM CVP00705_19421203
/168/item_2MDUHBL3R6FT5RGRCWDYDFN4E22CRV3T,https://d-nb.info/gnd/4048166-9,Breite: 216 mm (Blatt); Höhe: 259 mm (Platte); Höhe: 341 mm (Blatt); Breite: 180 mm (Platte),,Herzog August Bibliothek Wolfenbüttel; Es gelten die Nutzungsbedingungen der Herzog August Bibliothek Wolfenbüttel,
/11651/_Botany_L_3050657,,,,,
/11651/_Botany_L_3050656,,,,,
/11654/_Botany_U_1399033,,,,,
/11654/_Botany_U_1399031,,,,,
/11654/_Botany_U_1399029,,,,,
/11654/_Botany_U_1399028,,,,,
/11654/_Botany_U_1399027,,,,,
/11654/_Botany_U_1399026,,,,,
/11654/_Botany_U_1399025,,,,,
/11654/_Botany_U_1399024,,,,,
/11654/_Botany_U_1399023,,,,,
/11654/_Botany_U_1399022,,,,,
/11654/_Botany_U_1399021,,,,,
/11654/_Botany_U_1399020,,,,,
/11654/_Botany_U_1399019,,,,,
/11654/_Botany_U_1399018,,,,,
/11654/_Botany_U_1399017,,,,,
/11654/_Botany_U_1399015,,,,,
/11654/_Botany_U_1399016,,,,,
/11654/_Botany_U_1399014,,,,,
/11654/_Botany_U_1399013,,,,,
/11654/_Botany_U_1399012,,,,,
/11654/_Botany_U_1398891,,,,,
/11654/_Botany_U_1398865,,,,,
/11652/_Botany_L_3798542,,,,,
/11652/_Botany_L_3798149,,,,,
/11652/_Botany_L_3363347,,,,,
/11652/_Botany_L_3363346,,,,,
/11652/_Botany_L_3363348,,,,,
/11652/_Botany_L_3363345,,,,,
/11652/_Botany_L_3363344,,,,,
/11652/_Botany_L_3363343,,,,,
/11652/_Botany_L_3363342,,,,,
/11652/_Botany_L_3363341,,,,,
/11652/_Botany_L_3363338,,,,,
/11652/_Botany_L_3363339,,,,,
/11652/_Botany_L_3363340,,,,,
/11652/_Botany_L_3363337,,,,,
/11652/_Botany_L_3363336,,,,,
/11652/_Botany_L_3363335,,,,,
/11652/_Botany_L_3363332,,,,,
/11652/_Botany_L_3363333,,,,,
/11652/_Botany_L_3363334,,,,,
/11652/_Botany_L_3363330,,,,,
/11652/_Botany_L_3363331,,,,,
/11652/_Botany_L_3363329,,,,,
/11652/_Botany_L_3363324,,,,,
/11652/_Botany_L_3363325,,,,,
/11652/_Botany_L_3363327,,,,,
/11652/_Botany_L_3363328,,,,,
/11652/_Botany_L_3363326,,,,,
/11652/_Botany_L_3363323,,,,,
/11652/_Botany_L_3363321,,,,,
/11652/_Botany_L_3363322,,,,,
/11652/_Botany_L_3363320,,,,,
/11652/_Botany_L_3363319,,,,,
/11652/_Botany_L_3363317,,,,,
/11652/_Botany_L_3363318,,,,,
/11652/_Botany_L_3363312,,,,,
/11652/_Botany_L_3363315,,,,,
/11652/_Botany_L_3363316,,,,,
/11652/_Botany_L_3363313,,,,,
/11652/_Botany_L_3363314,,,,,
/11652/_Botany_L_3363308,,,,,
/11652/_Botany_L_3363310,,,,,
/11652/_Botany_L_3363311,,,,,
/11652/_Botany_L_3363307,,,,,
/11652/_Botany_L_3363306,,,,,
/11652/_Botany_L_3363300,,,,,
/11652/_Botany_L_3363301,,,,,
/11652/_Botany_L_3363302,,,,,
/11652/_Botany_L_3363303,,,,,
/11652/_Botany_L_3363304,,,,,
/11652/_Botany_L_3363305,,,,,
/11652/_Botany_L_3363299,,,,,
/11652/_Botany_L_3363298,,,,,
/11652/_Botany_L_3363295,,,,,
/11652/_Botany_L_3363296,,,,,
/11652/_Botany_L_3363297,,,,,
/11652/_Botany_L_3363294,,,,,
/11652/_Botany_L_3363293,,,,,
/11652/_Botany_L_3363292,,,,,
/11652/_Botany_L_3363291,,,,,
/11652/_Botany_L_3363290,,,,,
/11652/_Botany_L_3363288,,,,,
/11652/_Botany_L_3363289,,,,,
/11652/_Botany_L_3363287,,,,,
/11652/_Botany_L_3363286,,,,,
/11652/_Botany_L_3363285,,,,,
/11652/_Botany_L_3363284,,,,,
/11652/_Botany_L_3363283,,,,,
/11652/_Botany_L_3363282,,,,,
/11652/_Botany_L_3363279,,,,,
/11652/_Botany_L_3363280,,,,,
/11652/_Botany_L_3363281,,,,,
/11652/_Botany_L_3363278,,,,,
/11652/_Botany_L_3363277,,,,,
/11652/_Botany_L_3363276,,,,,
/11652/_Botany_L_3363274,,,,,
/11652/_Botany_L_3363275,,,,,
/11652/_Botany_L_3363273,,,,,
/11652/_Botany_L_3363272,,,,,
/11652/_Botany_L_3363271,,,,,
/11652/_Botany_L_3363270,,,,,
/11652/_Botany_L_3363269,,,,,
/11652/_Botany_L_3363268,,,,,
/11652/_Botany_L_3363267,,,,,
/11652/_Botany_L_3363266,,,,,
/11652/_Botany_L_3363264,,,,,
/11652/_Botany_L_3363265,,,,,
/11652/_Botany_L_3363263,,,,,
/11652/_Botany_L_3363262,,,,,
/11652/_Botany_L_3363261,,,,,
/11652/_Botany_L_3363260,,,,,
/11652/_Botany_L_3363259,,,,,
/11652/_Botany_L_3363258,,,,,
/11652/_Botany_L_3363257,,,,,
/11652/_Botany_L_3363256,,,,,
/11652/_Botany_L_3363254,,,,,
/11652/_Botany_L_3363255,,,,,
/11652/_Botany_L_3363253,,,,,
/11652/_Botany_L_3363252,,,,,
/11652/_Botany_L_3363251,,,,,
/11652/_Botany_L_3363250,,,,,
/11652/_Botany_L_3363249,,,,,
/11652/_Botany_L_3363248,,,,,
/11652/_Botany_L_3363247,,,,,
/11652/_Botany_L_3363246,,,,,
/11652/_Botany_L_3363243,,,,,
/11652/_Botany_L_3363245,,,,,
/11652/_Botany_L_3363244,,,,,
/11652/_Botany_L_3363242,,,,,
/11652/_Botany_L_3363240,,,,,
/11652/_Botany_L_3363241,,,,,
/11652/_Botany_L_3363239,,,,,
/11652/_Botany_L_3363238,,,,,
/11652/_Botany_L_3363237,,,,,
/11652/_Botany_L_3363236,,,,,
/11652/_Botany_L_3363235,,,,,
/11652/_Botany_L_3363234,,,,,
/11652/_Botany_L_3363230,,,,,
/11652/_Botany_L_3363233,,,,,
/11652/_Botany_L_3363232,,,,,
/11652/_Botany_L_3363231,,,,,
/11652/_Botany_L_3363229,,,,,
/11652/_Botany_L_3363227,,,,,
/11652/_Botany_L_3363226,,,,,
/11652/_Botany_L_3363228,,,,,
/11652/_Botany_L_3363223,,,,,
/11652/_Botany_L_3363224,,,,,
/11652/_Botany_L_3363225,,,,,
/11652/_Botany_L_3363222,,,,,
/11652/_Botany_L_3363221,,,,,
/11652/_Botany_L_3363219,,,,,
/11652/_Botany_L_3363220,,,,,
/11652/_Botany_L_3363218,,,,,
/11652/_Botany_L_3363217,,,,,
/11652/_Botany_L_3363216,,,,,
/11652/_Botany_L_3363215,,,,,
/11652/_Botany_L_3363214,,,,,
/11652/_Botany_L_3363213,,,,,
/11652/_Botany_L_3363212,,,,,
/11652/_Botany_L_3363211,,,,,
/11652/_Botany_L_3363210,,,,,
/11652/_Botany_L_3363209,,,,,
/11652/_Botany_L_3363208,,,,,
/11652/_Botany_L_3363206,,,,,
/11652/_Botany_L_3363207,,,,,
/11652/_Botany_L_3363204,,,,,
/11652/_Botany_L_3363205,,,,,
/11652/_Botany_L_3363202,,,,,
/11652/_Botany_L_3363203,,,,,
/11652/_Botany_L_3363201,,,,,
/11652/_Botany_L_3363199,,,,,
/11652/_Botany_L_3363200,,,,,
/11652/_Botany_L_3363198,,,,,
/11652/_Botany_L_3363196,,,,,
/11652/_Botany_L_3363195,,,,,
/11652/_Botany_L_3363197,,,,,
/11652/_Botany_L_3363193,,,,,
/11652/_Botany_L_3363194,,,,,
/11652/_Botany_L_3363192,,,,,
/11652/_Botany_L_3363191,,,,,
/11652/_Botany_L_3363190,,,,,
/11652/_Botany_L_3363189,,,,,
/11652/_Botany_L_3363188,,,,,
/11652/_Botany_L_3363187,,,,,
/11652/_Botany_L_3363186,,,,,
/11652/_Botany_L_3363185,,,,,
/11652/_Botany_L_3363184,,,,,
/11652/_Botany_L_3363183,,,,,
/11652/_Botany_L_3363180,,,,,
/11652/_Botany_L_3363181,,,,,
/11652/_Botany_L_3363182,,,,,
/11652/_Botany_L_3363179,,,,,
/11652/_Botany_L_3363178,,,,,
/11652/_Botany_L_3363177,,,,,
/11652/_Botany_L_3363175,,,,,
/11652/_Botany_L_3363176,,,,,
/11652/_Botany_L_3363174,,,,,
/11652/_Botany_L_3363173,,,,,
/11652/_Botany_L_3363171,,,,,
/11652/_Botany_L_3363172,,,,,
/11652/_Botany_L_3363170,,,,,
/11652/_Botany_L_3363169,,,,,
/11652/_Botany_L_3363168,,,,,
/11652/_Botany_L_3363165,,,,,
/11652/_Botany_L_3363166,,,,,
/11652/_Botany_L_3363167,,,,,
/11652/_Botany_L_3363164,,,,,
/11652/_Botany_L_3363163,,,,,
/11652/_Botany_L_3363162,,,,,
/11652/_Botany_L_3363160,,,,,
/11652/_Botany_L_3363161,,,,,
/11652/_Botany_L_3363159,,,,,
/11652/_Botany_L_3363158,,,,,
/11652/_Botany_L_3363154,,,,,
/11652/_Botany_L_3363156,,,,,
/11652/_Botany_L_3363155,,,,,
/11652/_Botany_L_3363157,,,,,
/11652/_Botany_L_3363152,,,,,
/11652/_Botany_L_3363153,,,,,
/11652/_Botany_L_3363151,,,,,
/11652/_Botany_L_3363149,,,,,
/11652/_Botany_L_3363148,,,,,
/11652/_Botany_L_3363150,,,,,
/11652/_Botany_L_3363147,,,,,
/11652/_Botany_L_3363145,,,,,
/11652/_Botany_L_3363146,,,,,
/11652/_Botany_L_3363144,,,,,
/11652/_Botany_L_3363142,,,,,
/11652/_Botany_L_3363143,,,,,
/11652/_Botany_L_3363140,,,,,
/11652/_Botany_L_3363141,,,,,
/11652/_Botany_L_3363139,,,,,
/11652/_Botany_L_3363136,,,,,
/11652/_Botany_L_3363137,,,,,
/11652/_Botany_L_3363135,,,,,
/11652/_Botany_L_3363134,,,,,
/11652/_Botany_L_3363133,,,,,
/11652/_Botany_L_3363131,,,,,
/11652/_Botany_L_3363132,,,,,
/11652/_Botany_L_3363129,,,,,
/11652/_Botany_L_3363130,,,,,
/11652/_Botany_L_3363128,,,,,
/11652/_Botany_L_3363127,,,,,
/11652/_Botany_L_3363126,,,,,
/11652/_Botany_L_3363125,,,,,
/11652/_Botany_L_3363121,,,,,
/11652/_Botany_L_3363122,,,,,
/11652/_Botany_L_3363123,,,,,
/11652/_Botany_L_3363119,,,,,
/11652/_Botany_L_3363120,,,,,
/11652/_Botany_L_3363117,,,,,
/11652/_Botany_L_3363118,,,,,
/11652/_Botany_L_3363116,,,,,
/11652/_Botany_L_3363113,,,,,
/11652/_Botany_L_3363114,,,,,
/11652/_Botany_L_3363115,,,,,
/11650/_Botany_L_2700742,,,,,
/11650/_Botany_L_2700740,,,,,
/11650/_Botany_L_2700741,,,,,
/11650/_Botany_L_2700739,,,,,
/11650/_Botany_L_2700738,,,,,
/11650/_Botany_L_2700734,,,,,
/11650/_Botany_L_2700736,,,,,
/11650/_Botany_L_2700737,,,,,
/11650/_Botany_L_2700733,,,,,
/11650/_Botany_L_2700735,,,,,
/11650/_Botany_L_2700731,,,,,
/11650/_Botany_L_2700732,,,,,
/11650/_Botany_L_2700730,,,,,
/11650/_Botany_L_2700729,,,,,
/11650/_Botany_L_2700727,,,,,
/11650/_Botany_L_2700728,,,,,
/11650/_Botany_L_2700725,,,,,
/11650/_Botany_L_2700726,,,,,
/11650/_Botany_L_2700724,,,,,
/11650/_Botany_L_2700722,,,,,
/11650/_Botany_L_2700723,,,,,
/11650/_Botany_L_2700720,,,,,
/11650/_Botany_L_2700721,,,,,
/11650/_Botany_L_2700719,,,,,
/11650/_Botany_L_2700718,,,,,
/11650/_Botany_L_2700749,,,,,
/11650/_Botany_L_2700750,,,,,
/11650/_Botany_L_2700747,,,,,
/11650/_Botany_L_2700745,,,,,
/11650/_Botany_L_2700748,,,,,
/11650/_Botany_L_2700746,,,,,
/11650/_Botany_L_2700744,,,,,
/11650/_Botany_L_2700743,,,,,
/11650/_Botany_L_2700717,,,,,
/11650/_Botany_L_2700716,,,,,
/11650/_Botany_L_2700714,,,,,
/11650/_Botany_L_2700715,,,,,
/11650/_Botany_L_2700713,,,,,
/11650/_Botany_L_2700711,,,,,
/11650/_Botany_L_2700712,,,,,
/11650/_Botany_L_2700710,,,,,
/11650/_Botany_L_2700709,,,,,
/11650/_Botany_L_2700708,,,,,
/11650/_Botany_L_2700707,,,,,
/11650/_Botany_L_2700706,,,,,
/11650/_Botany_L_2700697,,,,,
/11650/_Botany_L_2700705,,,,,
/11650/_Botany_L_2700703,,,,,
/11650/_Botany_L_2700704,,,,,
/11650/_Botany_L_2700701,,,,,
/11650/_Botany_L_2700702,,,,,
/11650/_Botany_L_2700698,,,,,
/11650/_Botany_L_2700699,,,,,
/11650/_Botany_L_2700700,,,,,
/11650/_Botany_L_2700696,,,,,
/11650/_Botany_L_2700695,,,,,
/11650/_Botany_L_2700694,,,,,
/11649/_Botany_L_2072131,,,,,
/11649/_Botany_L_2071948,,,,,
/11649/_Botany_L_2071589,,,,,
/11647/_Botany_L_1166122,,,,,
/11647/_Botany_AMD_79588,,,,,
/11647/_Botany_AMD_79587,,,,,
/11647/_Botany_AMD_79586,,,,,
/11647/_Botany_AMD_79584,,,,,
/11647/_Botany_AMD_79585,,,,,
/11647/_Botany_AMD_79582,,,,,
/11647/_Botany_AMD_79583,,,,,
/11647/_Botany_AMD_79581,,,,,
/11647/_Botany_AMD_79580,,,,,
/11647/_Botany_AMD_79579,,,,,
/11647/_Botany_AMD_79577,,,,,
/11647/_Botany_AMD_79578,,,,,
/11647/_Botany_AMD_79576,,,,,
/11647/_Botany_AMD_79575,,,,,
/11647/_Botany_AMD_79574,,,,,
/90402/BK_17511,http://data.europeana.eu/concept/1757; verguldsel; http://vocab.getty.edu/aat/300010662; gilding (material); porcelain (material); porselein; http://vocab.getty.edu/aat/300379350,"diepte 9,1 cm; hoogte 12,8 cm; width 15.7 cm; height 12.8 cm; grondvlak diameter 5,2 cm; diameter 5.2 cm; depth 9.1 cm; breedte 15,7 cm",Rijksmuseum,Public Domain; Publiek Domein,
/90402/BI_1926_0324B_5,http://data.europeana.eu/concept/2090; http://vocab.getty.edu/aat/300014109; paper; papier,blad hoogte 193 mm; width 117 mm; height 193 mm; blad breedte 117 mm,Rijksmuseum,Public Domain; Publiek Domein,
/11628/_FOTO_AM_UNITS_ITALY_766,,,,,Archive of digital images of vascular plants from projects Dryades
/11628/_FOTO_AM_UNITS_ITALY_764,,,,,Archive of digital images of vascular plants from projects Dryades
/2048429/item_VLRTNXJKLHN3Q6H5RMF5F6AX7VPIKEOC,Farbholzschnitt (Technik); color woodcut (technique); Farbholzschnitt (Technik),"Gesamt: Höhe: 26,80 cm; Breite: 20,80 cm",,,
/2048429/item_SYRJU3K2333IMK2G6P53MO7EALXNMEKC,Farbholzschnitt (Technik); color woodcut (technique); Farbholzschnitt (Technik),"Gesamt: Höhe: 18,10 cm; Breite: 16,90 cm",,,
/2048429/item_N4D3PDFKC3AWT3Y7A7A5QNUUWZS6KEKB,Farbholzschnitt (Technik); color woodcut (technique); Farbholzschnitt (Technik),"Gesamt: Höhe: 21,00 cm; Breite: 27,00 cm",,,
/2048429/item_4J2TXVUAZ2SC2PGQLLECMLCBB3P7CJEO,Farbholzschnitt (Technik); color woodcut (technique); Farbholzschnitt (Technik),"Gesamt: Höhe: 35,60 cm; Breite: 73,50 cm; Overall: height: 35.60 cm; width: 73.50 cm; Gesamt: Höhe: 35,60 cm; Breite: 73,50 cm",,,
/11603/ZOBODAT_LANDOOE_AUSTRIA_100292806,,,,,
/11603/ZOBODAT_LANDOOE_AUSTRIA_100111130,,,,,
/1043/item_QZVX3RYBILF7FBL6GPCS52SW2EUPKV3Y,,,,Deutsches Bergbau-Museum Bochum – Leibniz-Forschungsmuseum für Georessourcen,
/1043/item_STWY7DEYHPMKKHOKEY6473G5NSMORSBL,Porzellan (Material),Höhe: 90 mm; Durchmesser: 80 mm (Maße = mit Deckel gemessen; Durchmesser ca. Angabe),,Deutsches Bergbau-Museum Bochum – Leibniz-Forschungsmuseum für Georessourcen,
/1043/item_TAC7X2H5ENT6274DSHTR6ILUWP75GPTN,Porzellan (Material),Höhe: 230 mm; Durchmesser: 73 mm (Durchmesser am Boden 73 mm; Durchmesser am Rand 68mm; max. Durchmesser 14 mm. ),,Deutsches Bergbau-Museum Bochum – Leibniz-Forschungsmuseum für Georessourcen,
/15512/https___id_kulturpool_at_eb490c50_c1d2_4bf2_89d0_3792e351d183_cho,,1 Plakat; 25 x 45 cm,"Tiroler Graphik, Innsbruck",Plakatsammlung Wirtschaftsarchiv Vorarlberg,
/957/GML_9263_002,Longueur : 0 m ; Largeur : 0 m ; Hauteur : 0.195 m,,,Mobilier national,
/09403/https___gams_uni_graz_at_o_arch_4623_CHO,,,,http://creativecommons.org/publicdomain/mark/1.0/,
/823/item_DVALDK5UYZHOENUUQR7GBWP4XBCHKKRZ,,,,Historisches Museum der Pfalz - Speyer,
/823/item_JPQAIZ7N3GTROO73YZYOQKF37MVDPQQF,,,,Historisches Museum der Pfalz - Speyer,
/1256/item_3WKAKA3XKCNNKPS2IHHAGYJMBWW6X7LC,Farb-Fotografie (Material/Technik),,,Freies Deutsches Hochstift / Frankfurter Goethe-Museum,
/1256/item_DPGWC6AFVUJGRN3GFYQZJ3MJGDKWJPMQ,Karton (Material); Schwarz-Weiß-Fotografie (Material/Technik); Schwarz-Weiß-Fotografie (Technik),,,Freies Deutsches Hochstift / Frankfurter Goethe-Museum,
/1256/item_FRQY2J6FFCDHGYZUKAGH27JXRG2SIKDO,Karton (Material); Schwarz-Weiß-Fotografie (Material/Technik); Schwarz-Weiß-Fotografie (Technik),,,Freies Deutsches Hochstift / Frankfurter Goethe-Museum,
/1256/item_GKRNUESAXBKXZB4SMQZ4NNINPL3P6EZC,Schwarz-Weiß-Fotografie (Material/Technik),,,Freies Deutsches Hochstift / Frankfurter Goethe-Museum,
/1256/item_KZC3QPDNFA6YRSN6R2P4M6TFT7QVRTYI,Schwarz-Weiß-Fotografie (Material/Technik),,,Freies Deutsches Hochstift / Frankfurter Goethe-Museum,
/1236/item_6GLCBNOWEI55MKJMBWD77LDZKUTGK4YU,Vierfarbdruck (Material/Technik); https://d-nb.info/gnd/4044522-7; https://d-nb.info/gnd/4709017-0; http://data.europeana.eu/concept/2090,"Höhe: 14.8 cm, Breite: 10.5 cm",,Badisches Landesmuseum,
/1236/item_6LRBRJCCJ4CWBGOJFLLBFOWLQQQ43TFE,Vierfarbdruck (Material/Technik); https://d-nb.info/gnd/4044522-7; https://d-nb.info/gnd/4709017-0; http://data.europeana.eu/concept/2090,"Höhe: 14.8 cm, Breite: 10.5 cm",,Badisches Landesmuseum,
/1236/item_6MBWZGD4TJDGQ3T7LU57XS2RBEPXBXH7,Vierfarbdruck (Material/Technik); https://d-nb.info/gnd/4044522-7; https://d-nb.info/gnd/4709017-0; http://data.europeana.eu/concept/2090,"Höhe: 14.8 cm, Breite: 10.5 cm",,Badisches Landesmuseum,
/1236/item_DZQXOAAFSJ2XIVNRQCQAG54X6VJSB36F,Vierfarbdruck (Material/Technik); https://d-nb.info/gnd/4044522-7; https://d-nb.info/gnd/4709017-0; http://data.europeana.eu/concept/2090,"Höhe: 14.8 cm, Breite: 10.5 cm",,Badisches Landesmuseum,
/1236/item_HF6URZEVXAZRFJRHMVEODJMWXLZ4CXJ4,Vierfarbdruck (Material/Technik); https://d-nb.info/gnd/4044522-7; http://data.europeana.eu/concept/2090,"Höhe: 29.7 cm, Breite: 21.0 cm",,Badisches Landesmuseum,
/1236/item_KMTTGUL34QKRGHPYFTCXWZZDTPEIPOG6,http://data.europeana.eu/concept/2090; https://d-nb.info/gnd/4153695-2; https://d-nb.info/gnd/4044522-7; https://d-nb.info/gnd/4709017-0,"Höhe: 21.0 cm, Breite: 14.8 cm",,Badisches Landesmuseum,
/1236/item_PJBWSL4ZCN7JJDZM33XMGIVKF7FXQTO6,gefalzt (Material/Technik); https://d-nb.info/gnd/4153695-2; https://d-nb.info/gnd/4044522-7; http://data.europeana.eu/concept/2090,"Höhe: 29.8 cm, Breite: 21.0 cm",,Badisches Landesmuseum,
/1236/item_VD3F7GV5DOJYTTTWFESN5VEYVEK5GOMZ,Vierfarbdruck (Material/Technik); https://d-nb.info/gnd/4044522-7; https://d-nb.info/gnd/4709017-0; http://data.europeana.eu/concept/2090,"Höhe: 14.8 cm, Breite: 10.5 cm",,Badisches Landesmuseum,
/1236/item_XTF63KAEKPVEZOLIRRHLPDVHYOFPU5GM,gefalzt (Material/Technik); https://d-nb.info/gnd/4153695-2; https://d-nb.info/gnd/4044522-7; http://data.europeana.eu/concept/2090,"Höhe: 29.8 cm, Breite: 21.0 cm",,Badisches Landesmuseum,
/1204/item_64UQTDY3JW3VTX4ISQOB4SZI7FPEHX2E,http://data.europeana.eu/concept/1775; http://vocab.getty.edu/aat/300011029,"Durchmesser: 9,3 cm (Stand); Höhe: 27 cm; Durchmesser: 7,3 cm ( Deckelrand)",,,
/1204/item_AJ5G25NEW3BULRONKASYEWEH7N42EKU7,http://data.europeana.eu/concept/1775; http://data.europeana.eu/concept/2026; http://vocab.getty.edu/aat/300012055; http://vocab.getty.edu/aat/300011029; https://d-nb.info/gnd/4367327-2,"Durchmesser: 11,7 cm (an der weitesten Stelle des Korpus); Höhe: 17,2 cm",,,
/1204/item_BZC57W5WV3KZJFIMVS3M72D5RQE2XKDY,http://data.europeana.eu/concept/1775; http://data.europeana.eu/concept/2026; http://vocab.getty.edu/aat/300012055; http://vocab.getty.edu/aat/300011029,"Höhe: 32,7 cm",,,
/1204/item_DQX2OBEYVKLMYPYUAIEB4ZFGH7KJTHZH,http://data.europeana.eu/concept/1775; http://vocab.getty.edu/aat/300011029,"Höhe: 25,7 cm",,,
/1204/item_HQCIZJQIDCZT4JHQLDFKTNMZLGSXZIKS,http://data.europeana.eu/concept/1757; http://vocab.getty.edu/aat/300010662,"Durchmesser: 14,5 cm; Höhe: 22 cm",,,
/1204/item_IJW4IVCAI4N56PRZC4KVX5KVUQV74N7Y,http://data.europeana.eu/concept/1775; http://data.europeana.eu/concept/2026; http://vocab.getty.edu/aat/300012055; http://vocab.getty.edu/aat/300011029,"Breite: 9,7 cm; Höhe: 15 cm; Länge: 26,5 cm",,,
/1204/item_KF3T6YDZ563P43BFXOVIOGOBPJAROQLF,http://data.europeana.eu/concept/1775; http://data.europeana.eu/concept/1816; http://vocab.getty.edu/aat/300011914; http://vocab.getty.edu/aat/300011029,"Höhe: 22,5 cm",,,
/1204/item_R2ZGDZLW4RC66YLHG577XFY3YLOJH3RO,http://data.europeana.eu/concept/1807; http://data.europeana.eu/concept/1775; https://d-nb.info/gnd/4014424-0; http://vocab.getty.edu/aat/300011029,"Durchmesser: 8 cm (Stand); Durchmesser: 8,3 cm (Deckelrand); Höhe: 25 cm",,,
/1204/item_YY74LBMZHW5HAGBFGGVI33I7W5EJPKTS,http://data.europeana.eu/concept/1775; http://data.europeana.eu/concept/1816; http://vocab.getty.edu/aat/300011914; http://vocab.getty.edu/aat/300011029,"Höhe: 15,5 cm",,,
/1203/item_5JQB5VEBXVVZBVER2IBATLQOL33GBBGN,https://d-nb.info/gnd/4185646-6,Höhe: 17 cm,,,
/1203/item_K3UAHX32I7BWKSIAAILO2NM3WA42KSZK,https://d-nb.info/gnd/4185646-6,"Höhe: 13,8 cm",,,
/824/item_S5RJKTCAM3ELXHVSBDCVCBN3FFDYWH3M,,B9xH12 cm,,Binnenschifffahrts-Museum Oderberg,
/15504/VO_110542,,,KHM-Museumsverband,CC BY-NC-SA 4.0,
/15504/VO_163840,,"L. 33 cm, B. 19 cm, H. 24 cm",KHM-Museumsverband,CC BY-NC-SA 4.0,
/15504/VO_176336,,,KHM-Museumsverband,CC BY-NC-SA 4.0,
/15504/VO_176409_ab,,,KHM-Museumsverband,CC BY-NC-SA 4.0,
/15504/VO_176410_ab,,,KHM-Museumsverband,CC BY-NC-SA 4.0,
/15504/VO_179655,,"H 23 cm, Dm (Boden) 7,5 cm",KHM-Museumsverband,CC BY-NC-SA 4.0,
/15504/VO_98214,,,KHM-Museumsverband,CC BY-NC-SA 4.0,
/15502/KK_1207,,"H. 15 cm, B. (max.) 22 cm, T. 12,5 cm","Kunsthistorisches Museum Wien, Kunstkammer",CC BY-NC-SA 4.0,
/322/Museu_ProvidedCHO_Mus_es_Royaux_d_Art_et_d_Histoire_143937,Brons; Bronze; http://data.europeana.eu/concept/1769,Dimensions H x L x P: 20.6 x 0.0 cm,,Koninklijke Musea voor Kunst en Geschiedenis; Royal Museums of Art and History; Musées Royaux d'Art et d'Histoire,
/322/Museu_ProvidedCHO_Mus_es_Royaux_d_Art_et_d_Histoire_148600,Earth; Terre; Aarde,Dimensions H x L x P: 7.3 x 0.0 cm,,Koninklijke Musea voor Kunst en Geschiedenis; Royal Museums of Art and History; Musées Royaux d'Art et d'Histoire,
/322/Museu_ProvidedCHO_Mus_es_Royaux_d_Art_et_d_Histoire_148602,Earth; Terre; Aarde,,,Koninklijke Musea voor Kunst en Geschiedenis; Royal Museums of Art and History; Musées Royaux d'Art et d'Histoire,
/322/Museu_ProvidedCHO_Mus_es_Royaux_d_Art_et_d_Histoire_150122,Terracotta; Terra cotta; Terre cuite; http://data.europeana.eu/concept/1763,Dimensions H x L x P: 14.3 x 0.0 cm,,Koninklijke Musea voor Kunst en Geschiedenis; Royal Museums of Art and History; Musées Royaux d'Art et d'Histoire,
/322/Museu_ProvidedCHO_Mus_es_Royaux_d_Art_et_d_Histoire_500100,,,,Koninklijke Musea voor Kunst en Geschiedenis; Royal Museums of Art and History; Musées Royaux d'Art et d'Histoire,
/322/Museu_ProvidedCHO_Mus_es_Royaux_d_Art_et_d_Histoire_92180,Terracotta; Terra cotta; Terre cuite; http://data.europeana.eu/concept/1763,,,Koninklijke Musea voor Kunst en Geschiedenis; Royal Museums of Art and History; Musées Royaux d'Art et d'Histoire,
/322/Museu_ProvidedCHO_Mus_es_Royaux_d_Art_et_d_Histoire_92215,Aardewerk (techniek); Poterie (technique); Earthenware (technique),Dimensions H x L x P: 16.0 x 0.0 cm,,Koninklijke Musea voor Kunst en Geschiedenis; Royal Museums of Art and History; Musées Royaux d'Art et d'Histoire,
/322/Museu_ProvidedCHO_Mus_es_Royaux_d_Art_et_d_Histoire_92216,Aardewerk (techniek); Poterie (technique); Earthenware (technique),Dimensions H x L x P: 16.7 x 0.0 cm,,Koninklijke Musea voor Kunst en Geschiedenis; Royal Museums of Art and History; Musées Royaux d'Art et d'Histoire,
/322/Museu_ProvidedCHO_Mus_es_Royaux_d_Art_et_d_Histoire_92217,Aardewerk (techniek); Poterie (technique); Earthenware (technique),Dimensions H x L x P: 13.1 x 0.0 cm,,Koninklijke Musea voor Kunst en Geschiedenis; Royal Museums of Art and History; Musées Royaux d'Art et d'Histoire,
/322/Museu_ProvidedCHO_Mus_es_Royaux_d_Art_et_d_Histoire_92221,Aardewerk (techniek); Poterie (technique); Earthenware (technique),Dimensions H x L x P: 19.8 x 0.0 cm,,Koninklijke Musea voor Kunst en Geschiedenis; Royal Museums of Art and History; Musées Royaux d'Art et d'Histoire,
/322/Museu_ProvidedCHO_Mus_es_Royaux_d_Art_et_d_Histoire_92222,Aardewerk (techniek); Poterie (technique); Earthenware (technique),Dimensions H x L x P: 17.1 x 0.0 cm,,Koninklijke Musea voor Kunst en Geschiedenis; Royal Museums of Art and History; Musées Royaux d'Art et d'Histoire,
/322/Museu_ProvidedCHO_Mus_es_Royaux_d_Art_et_d_Histoire_92242,Aardewerk (techniek); Poterie (technique); Earthenware (technique),,,Koninklijke Musea voor Kunst en Geschiedenis; Royal Museums of Art and History; Musées Royaux d'Art et d'Histoire,
/322/Museu_ProvidedCHO_Mus_es_Royaux_d_Art_et_d_Histoire_92340,Terracotta; Terra cotta; Terre cuite; http://data.europeana.eu/concept/1763,Dimensions H x L x P: 20.2 x 0.0 cm,,Koninklijke Musea voor Kunst en Geschiedenis; Royal Museums of Art and History; Musées Royaux d'Art et d'Histoire,
/322/Museu_ProvidedCHO_Mus_es_Royaux_d_Art_et_d_Histoire_92341,Terracotta; Terra cotta; Terre cuite; http://data.europeana.eu/concept/1763,Dimensions H x L x P: 17.8 x 0.0 cm,,Koninklijke Musea voor Kunst en Geschiedenis; Royal Museums of Art and History; Musées Royaux d'Art et d'Histoire,
/08547/Museu_ProvidedCHO_Stadtgeschichtliches_Museum_Leipzig_PO000146,bedruckt; gebrannt; getöpfert; printed; Killed; burnt,"Height x width: 25.5 x 20 cm; Höhe x Breite: 25,5 x 20 cm",,Stadtgeschichtliches Museum Leipzig,
/08547/Museu_ProvidedCHO_Stadtgeschichtliches_Museum_Leipzig_Z0001393,bossil; http://data.europeana.eu/concept/2811; shaped; glazed; glasiert; bossiert; geformt; handbemalt,Height: 25 cm; Höhe: 25 cm,,Stadtgeschichtliches Museum Leipzig,
/08547/Museu_ProvidedCHO_Stadtgeschichtliches_Museum_Leipzig_Z0004816,,"Height x width: 12.0 x 14.5 cm; Höhe x Breite: 12,0 x 14,5 cm",,Stadtgeschichtliches Museum Leipzig,
/08547/Museu_ProvidedCHO_Stadtgeschichtliches_Museum_Leipzig_Z0005766,,"Height x width: 12.0 x 14.5 cm; Höhe x Breite: 12,0 x 14,5 cm",,Stadtgeschichtliches Museum Leipzig,
/08547/Museu_ProvidedCHO_Stadtgeschichtliches_Museum_Leipzig_Z0005769,,"Height x width: 12.0 x 14.5 cm; Höhe x Breite: 12,0 x 14,5 cm",,Stadtgeschichtliches Museum Leipzig,
/08547/Museu_ProvidedCHO_Stadtgeschichtliches_Museum_Leipzig_Z0005771,,"Height x width: 12.0 x 14.5 cm; Höhe x Breite: 12,0 x 14,5 cm",,Stadtgeschichtliches Museum Leipzig,
/08547/Museu_ProvidedCHO_Stadtgeschichtliches_Museum_Leipzig_Z0005773,,"Height x width: 12.0 x 14.5 cm; Höhe x Breite: 12,0 x 14,5 cm",,Stadtgeschichtliches Museum Leipzig,
/08547/Museu_ProvidedCHO_Stadtgeschichtliches_Museum_Leipzig_Z0005774,,"Height x width: 12.0 x 14.5 cm; Höhe x Breite: 12,0 x 14,5 cm",,Stadtgeschichtliches Museum Leipzig,
/08547/Museu_ProvidedCHO_Stadtgeschichtliches_Museum_Leipzig_Z0005779,,"Height x width: 11.0 x 12.0 cm; Höhe x Breite: 11,0 x 12,0 cm",,Stadtgeschichtliches Museum Leipzig,
/08547/Museu_ProvidedCHO_Stadtgeschichtliches_Museum_Leipzig_Z0005795,,"Height x width: 11.0 x 12.0 cm; Höhe x Breite: 11,0 x 12,0 cm",,Stadtgeschichtliches Museum Leipzig,
/08547/Museu_ProvidedCHO_Stadtgeschichtliches_Museum_Leipzig_Z0005797,,"Height x width: 11.0 x 12.0 cm; Höhe x Breite: 11,0 x 12,0 cm",,Stadtgeschichtliches Museum Leipzig,
/08547/Museu_ProvidedCHO_Stadtgeschichtliches_Museum_Leipzig_Z0046561,Fotografie; Photograph; http://data.europeana.eu/concept/48,"Height x width: 16.5 x 22.5 cm; Höhe x Breite: 16,5 x 22,5 cm",,Stadtgeschichtliches Museum Leipzig,
/08547/Museu_ProvidedCHO_Stadtgeschichtliches_Museum_Leipzig_Z0063545,Druck; http://data.europeana.eu/concept/2538; Pressure,"Height x width: 19.5 x 29.7 cm; Höhe x Breite: 19,5 x 29,7 cm",,Stadtgeschichtliches Museum Leipzig,
/794/ark__12148_bpt6k65670734,application/epub+zip; 1 flight (122 p.): fig. ; in-16; 1 vol. (122 p.) : fig. ; in-16; Nombre total de vues :  136; application/epub + zip; Total number of views: 136; application/epub+zip; 1 vol. (122 p.) : fig. ; in-16; Nombre total de vues :  136,,(Paris),https://rightsstatements.org/page/NoC-OKLR/1.0/?relatedURL=https://gallica.bnf.fr/edit/und/conditions-dutilisation-des-contenus-de-gallica; https://rightsstatements.org/page/NoC-OKLR/1.0/?relatedURL=https://gallica.bnf.fr/edit/und/conditions-dutilisation-des-contenus-de-gallica; public domain; domaine public,"City of Paris/Fund Cheerful time, 2013-374420; Ville de Paris / Fonds Heure joyeuse, 2013-374420"
/757/item_7WE3UBWX5J3TOMFDZE7QNC4BJL7IR2EO,Kupfer (Material); Pflanzenfaser (Material); Plant fiber (material); Copper (material),"H: 26,5 cm ; B: 21,8 cm",,,
/723/item_D6EOJYDX4D4V77TNHE4JGAGJ3CUHRVCL,"Porcelain, willow, reed (material); Porzellan, Weide, Rohr (Material)","Höhe: 16, mit Henkel 24,5 cm, Breite: 23 cm, Durchmesser: 17 cm",,HausBoden Kunst und Geschichte – Gesellschaft und Erinnerung; HausBoden Kunst und Geschichte – Gesellschaft und Erinnerung; Hausboden art and history - society and memory,
/723/item_ENGDGD52WKLABJ7VJZEUAVMBAMWA4EBS,Porcelain (material); Porzellan (Material),"Höhe: 25 cm, Breite: 20 cm, Durchmesser: 14 cm",,HausBoden Kunst und Geschichte – Gesellschaft und Erinnerung; HausBoden Kunst und Geschichte – Gesellschaft und Erinnerung; Hausboden art and history - society and memory,
/723/item_SEY36Q3CUAABGGCM3RIPYGPSCQ2RAL7X,,"Höhe: 22 cm, Breite: 27 cm, Durchmesser: 13,5 cm",,HausBoden Kunst und Geschichte – Gesellschaft und Erinnerung; HausBoden Kunst und Geschichte – Gesellschaft und Erinnerung; Hausboden art and history - society and memory,
/723/item_SQHPSPSYYGC2CJHRTQQWKTQWPP3YY7OV,Porcelain (material); Porzellan (Material),"Höhe: 25,1 cm, Breite: 19 cm, Durchmesser: 16 cm",,HausBoden Kunst und Geschichte – Gesellschaft und Erinnerung; HausBoden Kunst und Geschichte – Gesellschaft und Erinnerung; Hausboden art and history - society and memory,
/89/item_4XUJPWFMMZFREFRUJPQLZUEKKBU3UKFZ,etching; Kupferstich; copper engraving; Radierung; https://d-nb.info/gnd/4033760-1; https://d-nb.info/gnd/4048166-9,Breite: 311 mm (Platte); Höhe: 274 mm (Platte); Höhe: 295 mm (Blatt); Breite: 396 mm (Blatt),,"Herzog Anton Ulrich-Museum, Braunschweig",
/89/item_5LZDEJXFPHOVWLJD3VJKQFCNJL4MB3IK,Crayonmanier (technique); Scrapart (technique); Schabkunst (Technik); Crayonmanier (Technik),Breite: 177 mm (Blatt); Höhe: 249 mm (Blatt),,"Herzog Anton Ulrich-Museum, Braunschweig",
/89/item_CLZAOJ5PINNGNWCHC7Y75QNMKBD6KJAA,etching; Radierung; https://d-nb.info/gnd/4048166-9,Höhe: 258 mm (Blatt); Breite: 392 mm (Blatt); Höhe: 209 mm (Platte); Breite: 374 mm (Platte),,"Herzog Anton Ulrich-Museum, Braunschweig",
/89/item_E55ZSID2ICQW5RV3QCJ7HK3ZGHIEDH6P,etching; Radierung; https://d-nb.info/gnd/4048166-9,Breite: 294 mm (Blatt); Höhe: 217 mm (Blatt),,"Herzog Anton Ulrich-Museum, Braunschweig",
/89/item_GHVKNWN3MUM2EXZLL6LTJNYX5IHDTDVE,etching; Kupferstich; copper engraving; Radierung; https://d-nb.info/gnd/4033760-1; https://d-nb.info/gnd/4048166-9,Breite: 297 mm (Blatt); Höhe: 335 mm (Blatt),,"Herzog Anton Ulrich-Museum, Braunschweig",
/89/item_GR7SOTEBOVFYTL62MV4K3PBLATM5UXRI,Schabkunst (Technik); Scrapart (technique),Breite: 426 mm (Platte); Höhe: 345 mm (Blatt); Breite: 441 mm (Blatt); Höhe: 330 mm (Platte),,"Herzog Anton Ulrich-Museum, Braunschweig",
/89/item_HSNHORGR3U6BGEXSPVBE7WOXH3QOZKGK,Schabkunst (Technik); Scrapart (technique),Breite: 482 mm (Blatt); Höhe: 557 mm (Platte); Breite: 418 mm (Platte); Höhe: 610 mm (Blatt),,"Herzog Anton Ulrich-Museum, Braunschweig",
/89/item_J2GDODYGQVCCAW4OPLGDJ5DG2GMLJ4EB,etching; Radierung; https://d-nb.info/gnd/4048166-9,Höhe: 98 mm (Blatt); Breite: 57 mm (Blatt),,"Herzog Anton Ulrich-Museum, Braunschweig",
/89/item_KIRQR7VPDOZOJHQW7R2SSAWEH5QHI2Z4,etching; Radierung; https://d-nb.info/gnd/4048166-9,Breite: 256 mm (Blatt); Höhe: 159 mm (Blatt),,"Herzog Anton Ulrich-Museum, Braunschweig",
/89/item_L2CNCWSJF3PIHDQYNDDFIJV6TYF2TXZZ,etching; Radierung; https://d-nb.info/gnd/4048166-9,Höhe: 140 mm (Blatt); Breite: 85 mm (Blatt),,"Herzog Anton Ulrich-Museum, Braunschweig",
/89/item_M5VWQ7FMMNIANDFXDOFXWYDYSCIVWAPA,Schabkunst (Technik); Scrapart (technique),Höhe: 349 mm (Platte); Breite: 254 mm (Platte); Breite: 298 mm (Blatt); Höhe: 397 mm (Blatt),,"Herzog Anton Ulrich-Museum, Braunschweig",
/89/item_S7MOXHDUMBJAINCU4PJLMCZNRDN2M3BT,etching; Radierung; https://d-nb.info/gnd/4048166-9,Höhe: 262 mm (Blatt); Breite: 170 mm (Platte); Höhe: 221 mm (Platte); Breite: 211 mm (Blatt),,"Herzog Anton Ulrich-Museum, Braunschweig",
/89/item_TFKPVK5GVAZRSPAAQLBKHSF55IZ7IXMY,etching; Radierung; https://d-nb.info/gnd/4048166-9,Höhe: 212 mm (Blatt); Breite: 319 mm (Blatt); Breite: 285 mm (Platte); Höhe: 186 mm (Platte),,"Herzog Anton Ulrich-Museum, Braunschweig",
/89/item_UYHSK76CGYDOEXEI2JMOD6TVWGVHEZO2,Schabkunst (Technik); Scrapart (technique),Breite: 448 mm (Blatt); Höhe: 553 mm (Blatt); Breite: 428 mm (Platte); Höhe: 540 mm (Platte),,"Herzog Anton Ulrich-Museum, Braunschweig",
/89/item_VAQI752EE2Z5HNAV74GRYZXMSWVIDBKF,etching; Radierung; https://d-nb.info/gnd/4048166-9,Höhe: 183 mm (Platte); Breite: 314 mm (Blatt); Breite: 282 mm (Platte); Höhe: 214 mm (Blatt),,"Herzog Anton Ulrich-Museum, Braunschweig",
/89/item_XGTPP277R5PO2QV2ZH6E5PNQ7VTTN2G3,etching; Radierung; https://d-nb.info/gnd/4048166-9,Breite: 566 mm (Blatt); Höhe: 467 mm (Blatt); Höhe: 408 mm (Platte); Breite: 487 mm (Platte),,"Herzog Anton Ulrich-Museum, Braunschweig",
/89/item_YSE2373AKT2AZP2DQZGHAK3SGHVBEVBV,etching; Radierung; https://d-nb.info/gnd/4048166-9,Höhe: 96 mm (Blatt); Breite: 57 mm (Blatt),,"Herzog Anton Ulrich-Museum, Braunschweig",
/446/MI0285_C2215004,,dimensioni senza supporto: mm 375x175,,Archivio storico Ricordi - Milano - IT-MI0285,
/2023010/71022A51_priref_6866,,hoogte geheel: 19.5 cm,,,
/2023010/71022A51_priref_6867,,hoogte geheel: 26.5 cm,,,
/2058628/KF_objecten_13950_147,,"diameter voet: 14 cm (doormeter voet 14-32); hoogte: 32,0 cm",,,
/2058628/KF_objecten_13950_186,,diameter voet: 8 cm; hoogte: 20 cm,,,
/2023006/24062A51_priref_13890,,hoogte: 11.0 cm; breedte: 13.0 cm; diameter: 5.3 cm (voet),,,
/2023006/24062A51_priref_13891,,hoogte: 14 cm; breedte: 16 cm; diameter: 5 cm (standring),,,
/2023006/24062A51_priref_13892,,hoogte: 16.3 cm; breedte: 16 cm; diameter voet: 8.2 cm,,,
/2023006/24062A51_priref_13893,,hoogte: 10.5 cm; breedte: 15 cm; diameter: 6.1 cm (standring),,,
/2023006/24062A51_priref_13914,,hoogte: 13.5 cm; breedte: 18.5 cm; diameter: 6.8 cm,,,
/2023006/24062A51_priref_13919,,hoogte: 14 cm; breedte: 19 cm; diameter: 7.1 cm,,,
/2023006/24062A51_priref_13953,,hoogte: 13.5 cm; breedte: 15.5 cm; diameter: 6.1 cm (standring); hoogte schoteltje: 2.8 cm; diameter schoteltje: 15.5 cm,,,
/2023006/24062A51_priref_13955,,hoogte: 12.5 cm; breedte: cm; diameter: 6.1 cm (standring); hoogte schoteltje: 2.1 cm; diameter schoteltje: 15.6 cm,,,
/2023006/24062A51_priref_13956,,hoogte: 14 cm; breedte: 15.5 cm; diameter: 4.5 cm (standring); hoogte schoteltje: 2.4 cm; diameter schoteltje: 15.8 cm,,,
/2023006/24062A51_priref_13959,,hoogte: 12.5 cm; breedte: 17 cm; diameter: 6.4 cm (standring),,,
/2023006/24062A51_priref_14010,,hoogte: 13 cm; breedte: 19 cm; diameter: 6.4 cm (standring),,,
/2023006/24062A51_priref_14037,,hoogte: 13 cm; breedte: 16 cm; diameter: 6.1 cm (standring),,,
/2023006/24062A51_priref_14050,,hoogte: 13 cm; breedte: 20 cm; diameter: 7 cm (standring),,,
/2023006/24062A51_priref_14056,,hoogte: 10.5 cm; breedte: 13 cm; diameter: 5.6 cm (standring),,,
/2023006/24062A51_priref_14068,,hoogte: 11.5 cm; breedte: 19 cm; diameter: 6.2 cm (standring),,,
/2023006/24062A51_priref_14098,,hoogte: 13 cm; breedte: 20.5 cm; diameter: 6.5 cm (standring),,,
/2023006/24062A51_priref_14912,,hoogte Pot: 7.3 cm; diameter Pot: 5.0 cm (voet); hoogte Deksel: 3.0 cm; diameter Deksel: 4.4 cm,,,
/2023006/24062A51_priref_2905,,hoogte geheel: 14.5 cm; lengte geheel: 16.3 cm; breedte geheel: 10.8 cm; hoogte deksel: 4.5 cm; diameter deksel: 6.4 cm; hoogte pot: 11.6 cm (zonder deksel); lengte pot: 16.3 cm (zonder deksel); breedte pot: 10.8 cm (zonder deksel),,,
/2023006/24062A51_priref_5371,,hoogte: 33.5 cm; breedte: 20 cm,,,
/2023006/24062A51_priref_5374,,hoogte: 31 cm; breedte: 19 cm,,,
/2023006/24062A51_priref_5387,,hoogte: 37 cm,,,
/2064109/Museu_ProvidedCHO_Spielzeugmuseum_der_Stadt_N_rnberg__Museum_Lydia_Bayer__75535__Datensatz_,gesägt & genagelt & bemalt & gegossen & getrieben & verzinkt & gelötet & gebogen & gesteckt & geformt & glasiert & gebrannt & gewalzt & gestanzt & geprägt & beschnitzt & genäht & gestickt & gewickelt & gedrechselt & graviert & genietet & vermessingt,"Bemaßung:30 (nur Gehäuse) cm (Höhe), 61 cm (Breite), 45 cm (Tiefe)",,Spielzeugmuseum der Stadt Nürnberg (Museum Lydia Bayer); Toy museum of the city of Nuremberg (Museum Lydia Bayer); Spielzeugmuseum der Stadt Nürnberg (Museum Lydia Bayer),
/2064109/Museu_ProvidedCHO_Spielzeugmuseum_der_Stadt_N_rnberg__Museum_Lydia_Bayer__53126__Datensatz_,gegossen & gestanzt & gezogen & gebogen & verzinkt & vernickelt & beklebt & geflochten & gesägt & geschnitzt & geformt & gebrannt & glasiert & bemalt,"Bemaßung:26 cm (Höhe), 55 cm (Breite), 35 cm (Tiefe)",,Spielzeugmuseum der Stadt Nürnberg (Museum Lydia Bayer); Toy museum of the city of Nuremberg (Museum Lydia Bayer); Spielzeugmuseum der Stadt Nürnberg (Museum Lydia Bayer),
/1317/https___id_kulturpool_at_998e235a_e096_4d79_ba5a_1e74f5a9ef6f_cho,,,,Villa North,
/1317/https___id_kulturpool_at_e009a504_7856_405a_989f_9e3f1033888f_cho,,,,Villa North,
/1230/item_23WSIU6YD5EZRSKBNRFR2QUW5Z2TPIXG,Porzellan (Material/Technik),,,,
/1230/item_2KQW6YF3RVTN6EH2Z5XVIJ7CVWURMWUF,Porzellan (Material/Technik),,,,
/1230/item_3TIFA43HCLEDJXDTIP2N7OAVAMCFSUKD,Porzellan (Material/Technik),,,,
/1230/item_3TMT5S26USNTDC7LIKTDGBYH4VZAP5HX,Porzellan (Material/Technik),,,,
/1230/item_4VJRUASNZTWEHBV2FSLEQK5HGXWYESG6,Porzellan (Material/Technik),,,,
/1230/item_6H23JYPABTDN4LNKJJDQT7MVULUPPHSU,Porzellan (Material/Technik),,,,
/1230/item_C6FR2ARXMG6GQXUUFZEY7LHJRKSXBWQK,Porzellan (Material/Technik),Objektmaß: 15 cm; Durchmesser: 17 cm,,,
/1230/item_H3AODBFI3NBIT6I7QDLZSSJQSRKDRAQQ,Porzellan (Material/Technik),,,,
/1230/item_HI2XPMNHRN4YP7WLW6BUYQGVG4HXRXQJ,"Hotelsilber, Alpacca vers. 35 g.  (Material/Technik)","Objektmaß: 31 x 26,5 cm; Durchmesser: 20 cm",,,
/1230/item_IGKJOWZVFWDBFVOCQDCLC4MJYMAF4V3Q,Porzellan (Material/Technik),,,,
/1230/item_L7YBTMYQRQ7OPKOUKJG4QGYMFTXIOCQN,Porzellan (Material/Technik),,,,
/1230/item_LI7L5IKRPPXVC3TOP4FIC76IQKN57PXM,Porzellan (Material/Technik),,,,
/1230/item_LP7JVSCD3SMNHQ2TQUBKK6NFMTO3GGRV,"Hotelsilber, Alpacca vers. 20 g.  (Material/Technik)",,,,
/1230/item_N2C4DS6LFVKP4JGNJYX4F2U5GS3GQ6RX,Porzellan (Material/Technik),,,,
/1230/item_NOK7E74C7EBMD5WBZYLH755Q5ICGM6TS,Porzellan (Material/Technik),,,,
/1230/item_PFDOXTJRNAHDWNZFMMU3YTCEUY7N4PDF,Porzellan (Material/Technik),,,,
/1230/item_QKDDB6GTP64HRY7II32RACYTDCFCREAR,Porzellan (Material/Technik),"Objektmaß: 0 x 0 x 10 cm; Durchmesser: 7,5 cm; Gewicht: 0,4 kg",,,
/1230/item_QUBLE7GQ7VOQUDFUTDB7DY26V5MJ2S3J,Porzellan (Material/Technik),,,,
/1230/item_SOH6IRQJJPQB2ZESCXS77LSWK3MW5NVC,Porzellan (Material/Technik),,,,
/1230/item_VRQRW4VZGJUODCVKQZVTKCKUXXQL3SL3,Porzellan (Material/Technik),,,,
/1230/item_WBQSEZJUPFNASOIDVH7IZUY3T4G3YYUI,Porzellan (Material/Technik),,,,
/1230/item_WBZQGCB25Y7FTPXBJ7YJ6MDZBLRZVTS2,Porzellan (Material/Technik),,,,
/1230/item_WC4F7HNVH3RKTX3VDSH3BDSWVUX5OY74,Porzellan (Material/Technik),,,,
/1230/item_WH7FGB4DL6XJBQYYEWY37CBYBSIEN76L,Porzellan (Material/Technik),,,,
/1230/item_XM5JEX2DXW4GQR475W6OOJ7ZUAZUCUB6,Porzellan (Material/Technik),,,,
/1230/item_XROOQQS3KVOJGJXP4AZDKGEERVZCYVKR,Porzellan (Material/Technik),Objektmaß: 11 cm Höhe incl. Deckel; Durchmesser: 8 cm,,,
/1230/item_YM2IXJBZMK4I6RFAHMAFVPNFO77YVPKL,Porzellan (Material/Technik),,,,
/1230/item_Z22LV7WO2F4XSXJ5XOHLQYPQZJUK2YFB,Porzellan (Material/Technik),,,,
/1230/item_Z33TG5TD5W74YAGFHQGMPO7DQALC5W2O,"Hotelsilber, Alpacca vers. 90 (Material/Technik)","Objektmaß: 17 x 8,5 cm",,,
/2048128/777636,http://vocab.getty.edu/aat/300252261,"12,3 x 19,2 cm",-,Kutatási engedéllyel hozzáférhető; MKVM; research permit needed; CC BY-NC-ND,Budapest; MKVM
/2048128/777654,http://vocab.getty.edu/aat/300252261,"15 x 20,5 cm",-,Kutatási engedéllyel hozzáférhető; MKVM; research permit needed; CC BY-NC-ND,Budapest; MKVM
/2048128/777668,http://vocab.getty.edu/aat/300252261,"11 x 18,4 cm",-,Kutatási engedéllyel hozzáférhető; MKVM; research permit needed; CC BY-NC-ND,Budapest; MKVM
/2048128/777673,http://vocab.getty.edu/aat/300252261,"14,9 x 19,9 cm",MKVM,Kutatási engedéllyel hozzáférhető; MKVM; research permit needed; CC BY-NC-ND,Budapest; MKVM
/2048128/777677,http://vocab.getty.edu/aat/300252261,"14,9 x 19,9 cm",-,Kutatási engedéllyel hozzáférhető; MKVM; research permit needed; CC BY-NC-ND,Budapest; MKVM
/15504/VO_149639_ab,,"Dm. 22,5 cm, H. 15,5 cm",KHM-Museumsverband,CC BY-NC-SA 4.0,
/15504/VO_188639,,L 326 cm × B 172 cm,KHM-Museumsverband,CC BY-NC-SA 4.0,
/15502/KK_3175,,"H. 4 cm, L. 13,2 cm","Kunsthistorisches Museum Wien, Kunstkammer",CC BY-NC-SA 4.0,
/08547/Museu_ProvidedCHO_Stadtgeschichtliches_Museum_Leipzig_PO000392,,,,Stadtgeschichtliches Museum Leipzig,
/08547/Museu_ProvidedCHO_Stadtgeschichtliches_Museum_Leipzig_V0005352,,Height: 20 cm; Höhe: 20 cm,,Stadtgeschichtliches Museum Leipzig,
/08547/Museu_ProvidedCHO_Stadtgeschichtliches_Museum_Leipzig_Z0000544,,,,Stadtgeschichtliches Museum Leipzig,
/08547/Museu_ProvidedCHO_Stadtgeschichtliches_Museum_Leipzig_Z0003862,,Höhe x Breite: 10 x 14 cm,,Stadtgeschichtliches Museum Leipzig,
/08547/Museu_ProvidedCHO_Stadtgeschichtliches_Museum_Leipzig_Z0007783,,Höhe x Breite: 43 x 65 cm,,Stadtgeschichtliches Museum Leipzig,
/489/00031,,"B x H x T: 0cm x 24.2cm x 0cm , Durchmesser: 12.9cm; W x H x D: 0cm x 24.2cm x 0cm, diameter: 12.9cm",,CC BY-ND 4.0 - Namensnennung-Keine Bearbeitung; Holder of image: Heimatmuseum Wilfersdorf,
/89/item_OU6AL2XLE7SLYS7NVCFDHOH6MOK7YG2D,Kupferstich; copper engraving; https://d-nb.info/gnd/4033760-1,Breite: 362 mm (Platte); Höhe: 524 mm (Blatt); Höhe: 458 mm (Platte); Breite: 395 mm (Blatt),,"Herzog Anton Ulrich-Museum, Braunschweig",
/463/item_K6H6D5IVJGO5JYXC2VHPHDJZWQVYUWER,Original negative (technique); glass (material); Originalnegativ (Technik); Glas (Material),,,,
/463/item_KQQ4OJ67PM5TJQ6FYIUDNVV4FWJQ2PDK,Kunststoff (Material); Plastic (material),H. m. D. 22 cm,,,
/463/item_MQYSJXKT7NEVIXZJQW4PJ6R7ODCH634N,,6 cm hoch,,,
/463/item_NLFCZO6ZABAROEBM2ESQE4DEOAB74N3O,,,,,
/463/item_NNSUCQQA6K7PUGF3GYOII6ZCT5SPH2PE,,,,,
/463/item_NU4LWOQTGXRB3ZMMUSYK6GQSCP2JTYGW,,,,,
/463/item_OCZTMRUSABADKIUUYNV3XQ7Y52D4I5ML,Papier (Material); Positiv (Technik); Positive (technique); Paper (material),,,,
/463/item_OPNI6OUJKSIYRLQXQP3XG2DRDJN4DOTT,,,,,
/463/item_RZZ5RH64KDAMISKAIHYP7X7CQ3U32P5C,,,,,
/463/item_TGWAHEZATP37ALLSZYOKM5UUW65J4QH6,,,,,
/463/item_V4IKCH2RPWRNHJQDMAZV5WG7UJ5HUTRV,,,,,
/463/item_VPLDY6S5LCAR4LA6AUUHRAA7Q36IHTWK,,6 cm hoch,,,
/463/item_X5NSEBNHTFS2INNT5ERRSWKHWRU3T5A7,,,,,
/463/item_XR6SBZJ73JX7GD2LNGZT4STJYNZ5S6SI,,,,,
/463/item_YZERHQELAORSEZLTSBA3PHH5IURDO4FP,,,,,
/463/item_ZFAC7T6R54H34HT5M4DXV4GCBBUGYZYZ,Kunststoff (Material); Plastic (material),"H. 8,5 cm",,,
/440/item_LXXOOWEL7PFPAUUQE6M6ALD33YBDLSLD,,,,,
/440/item_M5I4CSNOLX2N377KLKVINXCGTFPCZEUA,,,,,
/440/item_MDRI2QVDID7ZERFSQTPINQHIK6SZJYC7,Kunststoff (Material); Plastic (material),"H. 8,5 cm",,,
/440/item_NC2N2S7OGCR7BFY5QHPTK6FNJFOLWYFS,,,,,
/440/item_NMFHZTNIYYGUTDG3LVJ34GDYSLX66DKO,,,,,
/440/item_OMP5KQL2UXPEJO6VCIDHRYHOFWZ77KWA,,,,,
/440/item_PBTPYDSUY2E7MPFQP6T6BAEHMPWJ62QW,,,,,
/440/item_PQWPOHTWFY4DRU6ODUQUNWCE5E5DC3GD,,,,,
/440/item_QF37KIYYIAW7EK26WKXOGMVQLJ43ILQ6,,,,,
/440/item_QGDR7DN227EULDJZDFROOXUEVEFDGRFI,,,,,
/440/item_R4PJJR5UFFWMPVXQKJL46WGRFGDNE7XS,,36 cm hoch,,,
/440/item_SAGCJ463VSAZQ54AXAXHJLO776KWP2MU,,,,,
/440/item_SB3M2GZKLYDY6IEZODA5WCA7KPCMS2CO,,,,,
/440/item_SEMVHXPOSKK6OISPU2M6ZDYINVQU3RUW,Kunststoff (Material); Plastic (material),H. m. D. 22 cm,,,
/440/item_SXG7J35MDLEDXBTFSF4SY4FQRZWD2ZJU,,,,,
/440/item_T4EK7VXMEG4IX7ES5I5RRJVD7J2T5UFL,,,,,
/440/item_THIWVYKYXWMAK37GTING45WWMISTE6LL,,,,,
/440/item_TNJG6ZISLMZWLH2TXVCDGTENFATUGG3M,Kunststoff (Material); Originalnegativ (Technik); Original negative (technique); Plastic (material),,,,
/440/item_U3ROEBO4TRNCKJDVS6Y5HYTXYNKKXJSG,,,,,
/440/item_UHQYEZFZQ3RDRUEOBXPJ42RHFONIADFS,,,,,
/440/item_ULZSHD6X6CPRFKPSR4VRTDVOUXJERLXY,,,,,
/440/item_VHCXZ32Q5UBKLVNHU55S454BFIMRR7LB,,,,,
/440/item_VHI6VMAZTNTNIIJUPSK5O6NERYLM66LL,,,,,
/440/item_VKC6UMXJTTJTOB2W6BN5US57Z7NS3KHD,,,,,
/440/item_W7TNRKXCPJI6MHJUDZVZIX34R5AMRWKK,,,,,
/440/item_XFGBXG3MAZPHJ2QXCIL5MXRJ4JHNIBQU,,,,,
/440/item_YEXYAW47LTGMQOAXQWX2YUXIPHDQMVWS,,,,,
/440/item_YYU5JMQ4KIZZ4TLA52DRHUEV4UUMCNUG,,,,,
/440/item_ZQZE6XHVSLKW5NFWUSKDZ7G4VUWFXSPV,,,,,
/440/item_ZTPC6SBMDYBHVBV6WLS3O4FGZKRN7IGX,,,,,
/437/item_BNB43CJEOCSKM3AY3ZJAWNPAGXAI6T3T,,,,,
/437/item_BXXYIZFTBDK36N7CL26SKOIZFGIKLEIJ,,,,,
/437/item_CHQOTWP7T33FKRYA6ACRQBLNLABL7IDE,Papier (Material); Reproduktion (Technik); Reproduction (technique); Paper (material),,,,
/437/item_CYH5SLKWIFK4BTDROF42EGNJIHNWE5DI,,,,,
/437/item_DE4ASAFIL3RF5HIC7KLMWWSDGXFTRZGP,,,,,
/437/item_E5QYYB7ZDRP2TZPZ5YNTTV7NCTB3MVOY,Paper (material); Papier (Material),,,,
/437/item_EDVIHELWUNJWJI4XG5EQ4UR3W24RPYRF,,,,,
/437/item_FCGB2S77BOLAP7M5ZJOYXDMEDE5WEXCY,,"11,9 cm x 20,8 cm",,,
/437/item_FHJCNV5APFV6UR4443S4L6HR33XZ6ECS,,,,,
/437/item_FROCCY3RJ63DV3IGGWELK4RDUA2V53A7,,,,,
/437/item_FUHUUGE2JMNPPZ22KW7EIXTIXKIPUNLO,,,,,
/437/item_FVYZSC4J4KEWNGFO2LOZYOCJAPIT2NPJ,Kunststoff (Material); Plastic (material),,,,
/437/item_G35W5U2DGDEGZQP45XX6KYOCP5637RKL,Original negative (technique); glass (material); Originalnegativ (Technik); Glas (Material),,,,
/437/item_G4DJV66SEQ52OOVLBVMFFUWGLDZVMM2U,,,,,
/437/item_G4EFUWTQAIZMWMQUKDEMVTO2LYABCAIJ,,,,,
/437/item_G5NULPYOECJ3ROJQJJ42RV4VTIJCD72A,,,,,
/437/item_GTFEIDV3E6E7P7CCV2YU7C4XVX7ODNSO,,,,,
/437/item_H7D6SHEXUT7IRJCMBCGHMY2GZJ5KTHRN,Kunststoff (Material); Originalnegativ (Technik); Original negative (technique); Plastic (material),,,,
/437/item_HM2ZJ75G7RN3XEX2GL53UP5SQFULZ5JJ,Kunststoff (Material); Plastic (material),,,,
/437/item_HODR4ULENDD2WCUE7Q2EXCXY2VQ4D54G,,,,,
/437/item_HVQ6CHW4ECAH3Z52L43YMSDVOCKQPL5H,,,,,
/437/item_IDSOR5IE77E6VHBZKFWAMA4JGA5PSJ6B,,,,,
/437/item_IE3DUWUFEDKTBLU7V5FNPK7SYZKP5P5G,,,,,
/437/item_J7V5EOWRFJBCHANTPS64V2OWXKPZOAN6,,,,,
/437/item_JJW246G3UJKYLJJ53VTRPZK4GZGSTTTB,,,,,
/437/item_JMB73PS3BTURIRPFBWDTOQN3KYUHZVOV,,,,,
/437/item_JQUXAQZSOS3N5QLTCUXGRBFG4LQX575V,,,,,
/437/item_K4FCWG4MMO2QUYVHM56HXG2MO6K5AM4N,Original negative (technique); glass (material); Originalnegativ (Technik); Glas (Material),,,,
/437/item_LBUPFD3AUXO55NEEGYRTMWZFGVKARP5R,,,,,
/437/item_M2BVFKHE7QAEUOHTDKLAKJO3TZXEEKUI,,,,,
/437/item_MFKT4LDANWRSUJKKDDMUHLCA2O2DOIGC,,,,,
/437/item_MYK6VVJ63SDK52QSLQ25UKGWQ3GNSEYC,,,,,
/437/item_N5KLCD63UFIU4J4JY3ZI2LPE4O7KBFEG,,,,,
/437/item_NZMHYLJBK277LXSYRXAE2WRBTRIWRHTN,,,,,
/437/item_SXZGPFPRZKVQO3C5ENGKP4KTLEHVMSQS,Kunststoff (Material); Originalnegativ (Technik); Original negative (technique); Plastic (material),,,,
/437/item_X3NFXJO4KOK7DK3UJSARPY7EEJ2DNE7W,,,,,
/188/item_2CLLWINBXF37C4N7KRCBBVF2QAZC4IAI,Kunststoff (Material); Originalnegativ (Technik); Original negative (technique); Plastic (material),,,,
/188/item_3RJLMYAJD6NVUBZ3JOTIQXXJ7KOL6P2J,Kunststoff (Material); Plastic (material),,,,
/188/item_3ZN6QEUGL7GRQOVZRDTEJSAPUIW4HFZW,,,,,
/188/item_4JXYTQ5UVCDPQWZ6Y44GQXROGZDDZOEF,,,,,
/188/item_4LGAZRQLUD4GSXIXUGAJZ6HNMFPGRJF4,,,,,
/188/item_5ABDFT4IC6WB6YW4VW2OEPGPX6WNQNLU,,,,,
/188/item_5PR7OVPDE2U7GFKLOQGILIIUNJLFZOWS,,,,,
/188/item_5QB5LGIVMLXGQXUCYVLZH6L6H3Z7X6Z5,,,,,
/188/item_6CLNZFSHSP2WV3C7M5G5MLSW3RRD4BSM,,,,,
/188/item_6OFOAOUM4LNFROGIHIA4GKHN4QECQ34W,,,,,
/188/item_6W4RTPJ6CWOCMXE56UBFNWBZAMACPMDO,,,,,
/188/item_6Y7QIDSLHP27FBNTEI5FSDNVQQS42SFW,,,,,
/188/item_7HN3LMLIVY4HG22UIZCKF5R3I4HU6PTE,,11 x 15 cm (circa),,,
/188/item_7PIDSUNKRCYHHJLEQ7XVD574UCGZUF3D,,,,,
/188/item_7Q3Z6VHXT6DD5DUAMQQ4ABHI2W5KPQBV,,,,,
/188/item_7Q6GZ3Y5QTBOU6BQVF524BJO22OGXGKG,,,,,
/188/item_7QIWXIGCCPRBWEV3JZIX3MYLG52PEFAP,,,,,
/188/item_7SKERDLNKJW5UVADWYJMQXUJPZZR43MP,,,,,
/188/item_A55SKMXFXQQKZ4JD5VRKN6M5YICUWAD2,,,,,
/188/item_ACON66NMCNCMJZOJZD3LBKZ6YEKOFSAJ,,,,,
/188/item_AHEOKJNGNA42ZLAKHU2FWXXF5IN4RZ7U,,,,,
/188/item_AOUTDCNZXXDXSQ23HPZWT7BDCY3LALND,,,,,
/188/item_B6TPJXMZ6O6TGCAPWBJH6FQG6LEMJWCR,,,,,
/188/item_BEOXKR5ZOAMW4ZEII3N7NFQH5NUUSFST,,,,,
/188/item_BUL6OKUUXKMDSFTGUHED3NS6DGXDJBSX,,,,,
/188/item_C4JJFC3347WXRHZUAIK2FQYH553BJE27,,,,,
/188/item_CXN5W2OYUYAY5IUUJSLGMO5LPGSMBC4T,,,,,
/188/item_GKG7THDWGDWUX5UAUEOYO7RTF754I7B6,Paper (material); Papier (Material),,,,
/188/item_HG6QHVIFLFA6AEIUIOZPER24XSIIZG5P,,,,,
/188/item_NJLVSITFIEMFIOQPWLVFW7ID7P64KUF6,Kunststoff (Material); Plastic (material),,,,
/188/item_W7UXM2AEAQXSYFHVAB2GTHKUYLYMRGVY,Paper (material); Papier (Material),,,,
/446/RM0255_DIG_1094,1 fotografia : positivo su carta/gelatina bromuro d'argento,222x143 mm,OBBIA; OBBIA; OAK,Biblioteca di Storia moderna e contemporanea - Roma - IT-RM0255; Biblioteca di Storia moderna e contemporanea - Roma - IT-RM0255; Library of Modern and Contemporary History - Rome - IT-RM0255,
/581/SD_192,,"Höhe: 17,5 cm, Durchmesser: 32 cm",,CC BY-NC-SA,
/581/km_23,,"Brett: Länge: 57,5 cm, Tiefe: 47 cm, Wand: Höhe: 28 cm, Joseph: Höhe: 14 cm",,CC BY-NC-SA,
/201/item_KWAISQUKQRPBIWIE2VFOJFAONJY7L3BT,,,,Zentralinstitut für Kunstgeschichte; Zentralinstitut für Kunstgeschichte; Central Institute for Art History,
/2064109/Museu_ProvidedCHO_Spielzeugmuseum_der_Stadt_N_rnberg__Museum_Lydia_Bayer__54475__Datensatz_,geformt & gebrannt & glasiert & bedruckt & bemalt,"Bemaßung:4 (Kanne) cm (Höhe), 6,3 (Tablett) cm (Breite), 11,5 cm (Länge)",,Spielzeugmuseum der Stadt Nürnberg (Museum Lydia Bayer); Toy museum of the city of Nuremberg (Museum Lydia Bayer); Spielzeugmuseum der Stadt Nürnberg (Museum Lydia Bayer),
/2064128/Museu_ProvidedCHO_museum_digital_3993__technical_number_,Metall/Zinn; metal/tin,"25 cm x 23,6 cm; 25 cm x 23,6 cm; 25 cm x 23.6 cm",,Jever Palace Museum; Schlossmuseum Jever; Schlossmuseum Jever,
/2064128/Museu_ProvidedCHO_museum_digital_3909__technical_number_,Metall/Zinn; metal/tin,"26,5 cm x 23,5 cm",,Jever Palace Museum; Schlossmuseum Jever; Schlossmuseum Jever,
/2064128/Museu_ProvidedCHO_museum_digital_3862__technical_number_,"Tin, wood (knob and handle); Zinn, Holz (Knauf und Henkel)","29,0 cm",,Jever Palace Museum; Schlossmuseum Jever; Schlossmuseum Jever,
/2064128/Museu_ProvidedCHO_museum_digital_3843__technical_number_,"Tin, wood (handle); Zinn, Holz (Henkel)","24,0 cm",,Jever Palace Museum; Schlossmuseum Jever; Schlossmuseum Jever,
/2064128/Museu_ProvidedCHO_museum_digital_3828__technical_number_,Metall/Zinn; metal/tin,"25,8 cm x 23,0 cm",,Jever Palace Museum; Schlossmuseum Jever; Schlossmuseum Jever,
/2064128/Museu_ProvidedCHO_museum_digital_3804__technical_number_,Metall/Zinn; metal/tin,"25,5 cm x 23 cm",,Jever Palace Museum; Schlossmuseum Jever; Schlossmuseum Jever,
/2064128/Museu_ProvidedCHO_museum_digital_3795__technical_number_,Keramik/Porzellan; ceramic/porcelain,"27,5 cm x 22,0 cm",,Jever Palace Museum; Schlossmuseum Jever; Schlossmuseum Jever,
/2064128/Museu_ProvidedCHO_museum_digital_3785__technical_number_,Ceramic/porcelain * underglaze painting; Keramik/Porzellan * Unterglasurmalerei,"30,0 cm",,Jever Palace Museum; Schlossmuseum Jever; Schlossmuseum Jever,
/2064128/Museu_ProvidedCHO_museum_digital_3779__technical_number_,Keramik/Porzellan; ceramic/porcelain,"29,5 cm x 24,0 cm",,Jever Palace Museum; Schlossmuseum Jever; Schlossmuseum Jever,
/2064128/Museu_ProvidedCHO_museum_digital_3775__technical_number_,Keramik/Porzellan; ceramic/porcelain,21 cm x 22 cm,,Jever Palace Museum; Schlossmuseum Jever; Schlossmuseum Jever,
/2064128/Museu_ProvidedCHO_museum_digital_3754__technical_number_,Keramik * glasiert,"25,0 cm x 13,5 cm",,Jever Palace Museum; Schlossmuseum Jever; Schlossmuseum Jever,
/2064128/Museu_ProvidedCHO_museum_digital_3747__technical_number_,Keramik/Porzellan; ceramic/porcelain,23 cm,,Jever Palace Museum; Schlossmuseum Jever; Schlossmuseum Jever,
/2064133/Museu_ProvidedCHO_museum_digital_4853__technical_number_,Zinn; Holz; tin; wood,Height: 26 cm; Höhe: 26 cm; Höhe: 26 cm,,Cloppenburg Museum Village - Lower Saxony Open Air Museum; Museumsdorf Cloppenburg - Niedersächsisches Freilichtmuseum; Museumsdorf Cloppenburg - Niedersächsisches Freilichtmuseum,
/2064133/Museu_ProvidedCHO_museum_digital_4832__technical_number_,Zinn; Holz; tin; wood,"Höhe: 22 cm; 29,5 cm; Höhe: 22 cm; 29,5 cm; Height: 22 cm; 29.5 cm",,Cloppenburg Museum Village - Lower Saxony Open Air Museum; Museumsdorf Cloppenburg - Niedersächsisches Freilichtmuseum; Museumsdorf Cloppenburg - Niedersächsisches Freilichtmuseum,
/2064133/Museu_ProvidedCHO_museum_digital_4668__technical_number_,Zinn; Holz; tin; wood,"Höhe: 23,5 cm; 29,5 cm; Höhe: 23,5 cm; 29,5 cm; Height: 23.5 cm; 29.5 cm",,Cloppenburg Museum Village - Lower Saxony Open Air Museum; Museumsdorf Cloppenburg - Niedersächsisches Freilichtmuseum; Museumsdorf Cloppenburg - Niedersächsisches Freilichtmuseum,
/2064133/Museu_ProvidedCHO_museum_digital_4618__technical_number_,Zinn; Holz; tin; wood,Breite: 24 cm; Höhe: 27 cm,,Cloppenburg Museum Village - Lower Saxony Open Air Museum; Museumsdorf Cloppenburg - Niedersächsisches Freilichtmuseum; Museumsdorf Cloppenburg - Niedersächsisches Freilichtmuseum,
/2064133/Museu_ProvidedCHO_museum_digital_4573__technical_number_,Zinn; Holz; tin; wood,"Height: 23.3 cm; Höhe: 23,3 cm; Höhe: 23,3 cm",,Cloppenburg Museum Village - Lower Saxony Open Air Museum; Museumsdorf Cloppenburg - Niedersächsisches Freilichtmuseum; Museumsdorf Cloppenburg - Niedersächsisches Freilichtmuseum,
/2064133/Museu_ProvidedCHO_museum_digital_4241__technical_number_,Zinn; tin; http://data.europeana.eu/concept/1773,Height: 10 cm; 14 cm; Höhe: 10 cm; 14 cm; Höhe: 10 cm; 14 cm,,Cloppenburg Museum Village - Lower Saxony Open Air Museum; Museumsdorf Cloppenburg - Niedersächsisches Freilichtmuseum; Museumsdorf Cloppenburg - Niedersächsisches Freilichtmuseum,
/2064133/Museu_ProvidedCHO_museum_digital_4045__technical_number_,Zinn; tin; http://data.europeana.eu/concept/1773,,,Cloppenburg Museum Village - Lower Saxony Open Air Museum; Museumsdorf Cloppenburg - Niedersächsisches Freilichtmuseum; Museumsdorf Cloppenburg - Niedersächsisches Freilichtmuseum,
/2064130/Museu_ProvidedCHO_museum_digital_50361__technical_number_,Steingut,H 21 cm,,Museum Schloss Moritzburg Zeitz,
/2064130/Museu_ProvidedCHO_museum_digital_15900__technical_number_,Porcelain; http://data.europeana.eu/concept/1757; Porzellan,H 36 cm,,Museum Schloss Moritzburg Zeitz,
/2064135/Museu_ProvidedCHO_museum_digital_11418__technical_number_,Oil on cardboard; Öl auf Pappe,"B: 60,5 cm H: 75,5 cm",,Harzmuseum Wernigerode; Wernigerode Harz Museum; Harzmuseum Wernigerode,
/2064130/Museu_ProvidedCHO_museum_digital_11178__technical_number_,"Pewter, willow bark; Zinn, Weidenrinde",H 18 cm,,Museum Schloss Moritzburg Zeitz,
/2064130/Museu_ProvidedCHO_museum_digital_11177__technical_number_,"Pewter, willow bark; Zinn, Weidenrinde","H 24,5 cm; H 24.5 cm; H 24,5 cm",,Museum Schloss Moritzburg Zeitz,
/2064130/Museu_ProvidedCHO_museum_digital_11176__technical_number_,"Zinn, Holz; tin, wood",H 25 cm,,Museum Schloss Moritzburg Zeitz,
/2058606/samira_loadcard_do_id_card_80036_amp_force_1,,,,,
/2058611/_kimnet_cho_f73f0bca_0468_4cd7_aef2_ef2989fcef44,,,,,Dichter- und Stadtmuseum Liestal
/15514/BI_1161_149,,Height: 23 cm; Höhe: 23 cm; Width: 18.3 cm; Breite: 18.3 cm; Höhe: 23 cm; Breite: 18.3 cm,"MAK – Museum of Applied Arts, Vienna; MAK – Museum für angewandte Kunst, Wien",In Copyright,
/15514/BI_1161_226,,Height: 23 cm; Höhe: 23 cm; Width: 18.3 cm; Breite: 18.3 cm; Höhe: 23 cm; Breite: 18.3 cm,"MAK – Museum of Applied Arts, Vienna; MAK – Museum für angewandte Kunst, Wien",In Copyright,
/15514/BI_1161_84,,Height: 23 cm; Höhe: 23 cm; Width: 18.3 cm; Breite: 18.3 cm; Höhe: 23 cm; Breite: 18.3 cm,"MAK – Museum of Applied Arts, Vienna; MAK – Museum für angewandte Kunst, Wien",In Copyright,
/15514/BI_12966_41,,Breite (Untersatzkarton): 33 cm; Breite: 16.3 cm; Höhe: 22 cm; Höhe (Untersatzkarton): 40 cm; Breite: 16.3 cm; Breite (Untersatzkarton): 33 cm; Höhe: 22 cm; Width: 16.3 cm; Height: 22 cm; Höhe (Untersatzkarton): 40 cm,"MAK – Museum of Applied Arts, Vienna; MAK – Museum für angewandte Kunst, Wien",In Copyright,
/15514/BI_17431_12,,,"MAK – Museum of Applied Arts, Vienna; MAK – Museum für angewandte Kunst, Wien",In Copyright,
/15514/BR_1449,,Höhe: 34.5 cm; Breite: 27 cm; Höhe: 34.5 cm; Height: 34.5 cm; Breite: 27 cm,"MAK – Museum of Applied Arts, Vienna; MAK – Museum für angewandte Kunst, Wien",In Copyright,
/15514/EM_206,,Breite: 7.1 cm; Höhe: 16.9 cm; Länge: 7.9 cm; Height: 16.9 cm; Breite: 7.1 cm; Höhe: 16.9 cm; Width: 7.1 cm; Länge: 7.9 cm; Length: 7.9 cm,"MAK – Museum of Applied Arts, Vienna; MAK – Museum für angewandte Kunst, Wien",In Copyright,
/15514/EM_480,,Breite: 7 cm; Höhe: 17 cm; Länge: 7.9 cm; Höhe: 17 cm; Width: 7 cm; Breite: 7 cm; Height: 17 cm; Länge: 7.9 cm; Length: 7.9 cm,"MAK – Museum of Applied Arts, Vienna; MAK – Museum für angewandte Kunst, Wien",In Copyright,
/15514/F_39_11,,,"MAK – Museum of Applied Arts, Vienna; MAK – Museum für angewandte Kunst, Wien",In Copyright,
/15514/F_39_12,,Height: 6.5 cm; Höhe: 6.5 cm; Höhe: 6.5 cm,"MAK – Museum of Applied Arts, Vienna; MAK – Museum für angewandte Kunst, Wien",In Copyright,
/15514/GL_1953_1,,Höhe: 16.2 cm; Höhe: 12.4 cm; Durchmesser: 5.9 cm; Gewicht: 181 g; Durchmesser: 16.8 cm,"MAK – Museum of Applied Arts, Vienna; MAK – Museum für angewandte Kunst, Wien",In Copyright,
/15514/GL_3867_1,,Höhe: 13 cm; Durchmesser: 25.4 cm; Gewicht: 250 g; Höhe: 12.7 cm,"MAK – Museum of Applied Arts, Vienna; MAK – Museum für angewandte Kunst, Wien",In Copyright,
/15514/GL_3867_2,,Durchmesser: 6.2 cm; Gewicht: 78 g; Höhe: 10.5 cm,"MAK – Museum of Applied Arts, Vienna; MAK – Museum für angewandte Kunst, Wien",In Copyright,
/15514/GO_1015_1,,Height: 25 cm; Breite: 10.5 cm; Länge: 13 cm; Höhe: 25 cm; Width: 10.5 cm; Länge: 13 cm; Breite: 10.5 cm; Höhe: 25 cm,"MAK – Museum of Applied Arts, Vienna; MAK – Museum für angewandte Kunst, Wien",In Copyright,
/15514/GO_1145_1,,Höhe: 15.5 cm; Height: 15.5 cm; Länge: 22 cm; Breite: 15 cm; Höhe: 15.5 cm; Länge: 22 cm; Breite: 15 cm,"MAK – Museum of Applied Arts, Vienna; MAK – Museum für angewandte Kunst, Wien",In Copyright,
/15514/GO_1189,,Höhe: 26.2 cm; Breite: 20.5 cm; Width: 20.5 cm; Höhe: 26.2 cm; Breite: 20.5 cm; Height: 26.2 cm,"MAK – Museum of Applied Arts, Vienna; MAK – Museum für angewandte Kunst, Wien",In Copyright,
/15514/GO_1370,,,"MAK – Museum of Applied Arts, Vienna; MAK – Museum für angewandte Kunst, Wien",In Copyright,
/15514/GO_1626,,Höhe: 5.5 cm,"MAK – Museum of Applied Arts, Vienna; MAK – Museum für angewandte Kunst, Wien",In Copyright,
/15514/GO_1797_1,,Breite: 20 cm; Höhe: 16.5 cm; Breite: 20 cm; Höhe: 16.5 cm; Height: 16.5 cm,"MAK – Museum of Applied Arts, Vienna; MAK – Museum für angewandte Kunst, Wien",In Copyright,
/15514/GO_1977_1,,Breite: 11.4 cm; Länge: 23.5 cm; Höhe: 23.5 cm; Height: 23.5 cm; Höhe: 23.5 cm; Width: 11.4 cm; Breite: 11.4 cm; Länge: 23.5 cm; Length: 23.5 cm,"MAK – Museum of Applied Arts, Vienna; MAK – Museum für angewandte Kunst, Wien",In Copyright,
/15514/GO_2005_2,,Breite: 8.1 cm; Höhe: 11 cm; Länge: 18.9 cm; Länge: 18.9 cm; Height: 11 cm; Breite: 8.1 cm; Length: 18.9 cm; Höhe: 11 cm; Width: 8.1 cm,"MAK – Museum of Applied Arts, Vienna; MAK – Museum für angewandte Kunst, Wien",In Copyright,
/15514/GO_2008_1,,Länge: 23.8 cm; Breite: 13 cm; Höhe: 17 cm; Länge: 23.8 cm; Height: 17 cm; Breite: 13 cm; Höhe: 17 cm,"MAK – Museum of Applied Arts, Vienna; MAK – Museum für angewandte Kunst, Wien",In Copyright,
/15514/GO_2061_1,,Height: 25.5 cm; Höhe: 25.5 cm; Höhe: 25.5 cm,"MAK – Museum of Applied Arts, Vienna; MAK – Museum für angewandte Kunst, Wien",In Copyright,
/15514/GO_2148,,Breite: 14 cm; Length: 18.5 cm; Länge: 18.5 cm; Höhe: 26 cm; Height: 26 cm; Breite: 14 cm; Länge: 18.5 cm; Höhe: 26 cm,"MAK – Museum of Applied Arts, Vienna; MAK – Museum für angewandte Kunst, Wien",In Copyright,
/15514/GO_2263_1,,Höhe: 16.5 cm; Breite: 8 cm; Länge: 23.5 cm; Width: 8 cm; Breite: 8 cm; Länge: 23.5 cm; Height: 16.5 cm; Length: 23.5 cm; Höhe: 16.5 cm,"MAK – Museum of Applied Arts, Vienna; MAK – Museum für angewandte Kunst, Wien",In Copyright,
/15514/GO_308,,Breite: 12.6 cm; Height: 16 cm; Tiefe: 7.3 cm; Depth: 7.3 cm; Höhe: 16 cm; Width: 12.6 cm; Tiefe: 7.3 cm; Breite: 12.6 cm; Höhe: 16 cm,"MAK – Museum of Applied Arts, Vienna; MAK – Museum für angewandte Kunst, Wien",In Copyright,
/15514/GO_54,,Höhe: 24 cm; Höhe: 24 cm; Height: 24 cm,"MAK – Museum of Applied Arts, Vienna; MAK – Museum für angewandte Kunst, Wien",In Copyright,
/15514/GO_599,,Durchmesser: 12.3 cm; Breite: 13.7 cm; Höhe: 21 cm,"MAK – Museum of Applied Arts, Vienna; MAK – Museum für angewandte Kunst, Wien",In Copyright,
/15514/GO_832_1,,Höhe: 27 cm; Width: 9 cm; Height: 27 cm; Länge: 17 cm; Breite: 9 cm; Länge: 17 cm; Breite: 9 cm; Höhe: 27 cm,"MAK – Museum of Applied Arts, Vienna; MAK – Museum für angewandte Kunst, Wien",In Copyright,
/15514/GO_986,,Durchmesser: 11 cm; Länge: 24.3 cm; Höhe: 26 cm,"MAK – Museum of Applied Arts, Vienna; MAK – Museum für angewandte Kunst, Wien",In Copyright,
/15514/HM_11511,,Höhe: 27.5 cm; Breite: 38.5 cm; Höhe: 27.5 cm; Height: 27.5 cm,"MAK – Museum of Applied Arts, Vienna; MAK – Museum für angewandte Kunst, Wien",In Copyright,
/15514/HM_1306,,Breite: 8 cm; Länge: 8 cm; Höhe: 4.5 cm; Width: 8 cm; Breite: 8 cm; Länge: 8 cm; Höhe: 4.5 cm,"MAK – Museum of Applied Arts, Vienna; MAK – Museum für angewandte Kunst, Wien",In Copyright,
/15514/HM_1307,,Durchmesser: 8 cm; Höhe: 4.5 cm,"MAK – Museum of Applied Arts, Vienna; MAK – Museum für angewandte Kunst, Wien",In Copyright,
/15514/HM_14509,,,"MAK – Museum of Applied Arts, Vienna; MAK – Museum für angewandte Kunst, Wien",In Copyright,
/15514/KE_10168,,Breite (Kanne mit Deckel): 6.5 cm; Tiefe (Kanne mit Deckel): 9.9 cm; Tiefe (Kanne mit Deckel): 5 cm; Höhe (Kanne mit Deckel): 13.9 cm; Höhe (Kanne mit Deckel): 11.1 cm; Höhe (Kanne mit Deckel): 3.9 cm; Breite (Kanne mit Deckel): 19.3 cm,"MAK – Museum of Applied Arts, Vienna; MAK – Museum für angewandte Kunst, Wien",In Copyright,
/15514/KE_10170,,Diameter (pot with lid): 5.5 cm; Height (pot with lid): 3.1 cm; Höhe (Kanne mit Deckel): 3.1 cm; Höhe (Kanne mit Deckel): 9.6 cm; Höhe (Kanne mit Deckel): 10.5 cm; Tiefe (Kanne mit Deckel): 8.4 cm; Durchmesser (Kanne mit Deckel): 5.5 cm; Länge (Kanne mit Deckel): 22.1 cm; Höhe (Kanne mit Deckel): 3.1 cm; Höhe (Kanne mit Deckel): 9.6 cm; Höhe (Kanne mit Deckel): 10.5 cm; Tiefe (Kanne mit Deckel): 8.4 cm; Durchmesser (Kanne mit Deckel): 5.5 cm; Länge (Kanne mit Deckel): 22.1 cm,"MAK – Museum of Applied Arts, Vienna; MAK – Museum für angewandte Kunst, Wien",In Copyright,
/15514/KE_10412_4,,Durchmesser: 13.3 cm; Höhe: 6.8 cm; Höhe: 7.8 cm; Gewicht: 136 g; Höhe: 6.8 cm; Höhe: 7.8 cm; Durchmesser: 13.3 cm; Gewicht: 136 g,"MAK – Museum of Applied Arts, Vienna; MAK – Museum für angewandte Kunst, Wien",In Copyright,
/15514/KE_10443_1,,Höhe: 9.9 cm; Durchmesser: 23.5 cm; Gewicht: 609 g,"MAK – Museum of Applied Arts, Vienna; MAK – Museum für angewandte Kunst, Wien",In Copyright,
/15514/KE_1090,,Gewicht: 322 g; Höhe: 8.8 cm; Durchmesser: 19.2 cm,"MAK – Museum of Applied Arts, Vienna; MAK – Museum für angewandte Kunst, Wien",In Copyright,
/15514/KE_11006,,Höhe: 14.4 cm; Durchmesser: 15.8 cm; Gewicht: 353 g,"MAK – Museum of Applied Arts, Vienna; MAK – Museum für angewandte Kunst, Wien",In Copyright,
/15514/KE_11103_1,,Durchmesser: 21.8 cm; Gewicht: 899 g; Höhe: 14.1 cm; Höhe: 17.2 cm; Weight: 899 g; Gewicht: 899 g; Höhe: 14.1 cm; Durchmesser: 21.8 cm; Diameter: 21.8 cm; Height: 14.1 cm; Höhe: 17.2 cm; Height: 17.2 cm,"MAK – Museum of Applied Arts, Vienna; MAK – Museum für angewandte Kunst, Wien",In Copyright,
/15514/KE_11103_2,,Gewicht: 171 g; Durchmesser: 12.7 cm; Höhe: 4.8 cm,"MAK – Museum of Applied Arts, Vienna; MAK – Museum für angewandte Kunst, Wien",In Copyright,
/15514/KE_11201,,Breite: 18.1 cm; Höhe: 14.4 cm; Durchmesser: 14.5 cm,"MAK – Museum of Applied Arts, Vienna; MAK – Museum für angewandte Kunst, Wien",In Copyright,
/15514/KE_11202,,Höhe (Deckel): 4 cm; Durchmesser (Deckel): 5.8 cm; Durchmesser: 14 cm; Breite: 19 cm; Höhe: 12.2 cm,"MAK – Museum of Applied Arts, Vienna; MAK – Museum für angewandte Kunst, Wien",In Copyright,
/15514/KE_11247,,Durchmesser (Kanne): 10.8 cm; Höhe: 9.9 cm; Höhe (Kanne): 3.2 cm; Durchmesser (Kanne): 10.2 cm; Höhe (Kanne): 6.9 cm; Breite (Kanne): 16.7 cm,"MAK – Museum of Applied Arts, Vienna; MAK – Museum für angewandte Kunst, Wien",In Copyright,
/15514/KE_11248,,Höhe: 9.2 cm; Tiefe (Kanne): 8 cm; Breite (Kanne): 15 cm; Höhe (Kanne): 3.1 cm; Durchmesser (Kanne): 5 cm; Height: 9.2 cm; Höhe (Kanne): 8 cm; Höhe: 9.2 cm; Tiefe (Kanne): 8 cm; Breite (Kanne): 15 cm; Höhe (Kanne): 3.1 cm; Durchmesser (Kanne): 5 cm; Höhe (Kanne): 8 cm,"MAK – Museum of Applied Arts, Vienna; MAK – Museum für angewandte Kunst, Wien",In Copyright,
/15514/KE_11249,,Durchmesser (Kanne): 4.5 cm; Höhe (Kanne): 3.7 cm; Tiefe (Kanne): 11.3 cm; Breite (Kanne): 17.3 cm; Höhe (Kanne): 8.2 cm,"MAK – Museum of Applied Arts, Vienna; MAK – Museum für angewandte Kunst, Wien",In Copyright,
/15514/KE_11262,,Durchmesser: 10.6 cm; Breite: 16.3 cm; Höhe: 11.2 cm; Durchmesser (Deckel): 6.9 cm; Höhe: 3 cm,"MAK – Museum of Applied Arts, Vienna; MAK – Museum für angewandte Kunst, Wien",In Copyright,
/15514/KE_11267_1,,Durchmesser: 24.8 cm; Gewicht: 851 g; Höhe: 12 cm; Höhe: 16 cm,"MAK – Museum of Applied Arts, Vienna; MAK – Museum für angewandte Kunst, Wien",In Copyright,
/15514/KE_11267_2,,Höhe: 6 cm; Durchmesser: 10.3 cm; Gewicht: 136 g,"MAK – Museum of Applied Arts, Vienna; MAK – Museum für angewandte Kunst, Wien",In Copyright,
/15514/KE_11351,,Höhe: 5.7 cm; Durchmesser (Kanne): 5.7 cm; Höhe (Kanne): 3.1 cm; Breite: 18.5 cm; Durchmesser: 12.7 cm; Höhe: 7.3 cm,"MAK – Museum of Applied Arts, Vienna; MAK – Museum für angewandte Kunst, Wien",In Copyright,
/15514/KE_11352,,Breite: 12.8 cm; Höhe: 11.7 cm; Durchmesser (Kanne): 4.7 cm; Durchmesser: 9 cm; Höhe: 8.5 cm; Höhe (Kanne): 4.4 cm,"MAK – Museum of Applied Arts, Vienna; MAK – Museum für angewandte Kunst, Wien",In Copyright,
/15514/KE_11353,,Breite: 11.5 cm; Durchmesser (Kanne): 5.6 cm; Höhe: 6.8 cm; Höhe: 4.8 cm; Durchmesser: 7.8 cm; Höhe (Kanne): 2.8 cm,"MAK – Museum of Applied Arts, Vienna; MAK – Museum für angewandte Kunst, Wien",In Copyright,
/15514/KE_11354,,Height: 6.5 cm; Höhe: 2.3 cm; Tiefe: 6.6 cm; Breite (Kanne): 4.6 cm; Tiefe (Kanne): 3.7 cm; Höhe: 6.5 cm; Height: 5.8 cm; Breite: 15.6 cm; Width: 15.6 cm; Depth: 6.6 cm; Höhe: 5.8 cm; Höhe: 2.3 cm; Tiefe: 6.6 cm; Breite (Kanne): 4.6 cm; Tiefe (Kanne): 3.7 cm; Höhe: 6.5 cm; Breite: 15.6 cm; Höhe: 5.8 cm,"MAK – Museum of Applied Arts, Vienna; MAK – Museum für angewandte Kunst, Wien",In Copyright,
/15514/KE_11355,,Breite: 14.2 cm; Höhe: 8.7 cm; Höhe (Kanne): 3.3 cm; Durchmesser: 9.3 cm; Durchmesser (Kanne): 5.3 cm; Höhe: 10.7 cm,"MAK – Museum of Applied Arts, Vienna; MAK – Museum für angewandte Kunst, Wien",In Copyright,
/15514/KE_11356,,Höhe: 7.8 cm; Höhe (Kanne): 4.1 cm; Durchmesser: 10.4 cm; Durchmesser (Kanne): 6.6 cm; Höhe: 10.8 cm; Breite: 14.6 cm,"MAK – Museum of Applied Arts, Vienna; MAK – Museum für angewandte Kunst, Wien",In Copyright,
/15514/KE_11358,,Height: 2.7 cm; Höhe: 7.6 cm; Height: 7.6 cm; Tiefe (Kanne): 5.5 cm; Breite (Kanne): 5.4 cm; Höhe: 2.7 cm; Height: 5.8 cm; Width: 13.8 cm; Tiefe: 8.9 cm; Depth: 8.9 cm; Höhe: 5.8 cm; Breite: 13.8 cm; Höhe: 7.6 cm; Tiefe (Kanne): 5.5 cm; Breite (Kanne): 5.4 cm; Höhe: 2.7 cm; Tiefe: 8.9 cm; Höhe: 5.8 cm; Breite: 13.8 cm,"MAK – Museum of Applied Arts, Vienna; MAK – Museum für angewandte Kunst, Wien",In Copyright,
/15514/KE_11359,,Breite: 15.2 cm; Durchmesser (Kanne): 5.7 cm; Durchmesser: 11.2 cm; Höhe (Kanne): 3.2 cm; Höhe: 10.3 cm; Höhe: 8.5 cm; Breite: 15.2 cm; Durchmesser: 11.2 cm; Durchmesser (Kanne): 5.7 cm; Höhe (Kanne): 3.2 cm; Höhe: 10.3 cm; Höhe: 8.5 cm,"MAK – Museum of Applied Arts, Vienna; MAK – Museum für angewandte Kunst, Wien",In Copyright,
/15514/KE_11360,,Durchmesser: 10.1 cm; Breite: 12.9 cm; Höhe: 15.5 cm; Durchmesser (Kanne): 6 cm; Höhe (Kanne): 3.7 cm; Höhe: 15.5 cm; Durchmesser (Kanne): 6 cm; Höhe (Kanne): 3.7 cm; Durchmesser: 10.1 cm,"MAK – Museum of Applied Arts, Vienna; MAK – Museum für angewandte Kunst, Wien",In Copyright,
/15514/KE_11361,,Höhe (Kanne): 2.2 cm; Breite: 18.1 cm; Durchmesser (Kanne): 6.6 cm; Höhe: 9.9 cm; Durchmesser: 11 cm; Höhe: 8.5 cm; Höhe (Kanne): 2.2 cm; Breite: 18.1 cm; Höhe: 9.9 cm; Durchmesser (Kanne): 6.6 cm; Durchmesser: 11 cm; Höhe: 8.5 cm,"MAK – Museum of Applied Arts, Vienna; MAK – Museum für angewandte Kunst, Wien",In Copyright,
/15514/KE_11362,,Höhe: 3.5 cm; Höhe: 17 cm; Breite (Kanne): 4.5 cm; Tiefe (Kanne): 4.5 cm; Breite: 16.5 cm; Tiefe: 8.3 cm; Höhe: 14.5 cm; Höhe: 3.5 cm; Width: 16.5 cm; Höhe: 17 cm; Breite (Kanne): 4.5 cm; Depth: 8.3 cm; Tiefe (Kanne): 4.5 cm; Height: 14.5 cm; Breite: 16.5 cm; Height: 17 cm; Tiefe: 8.3 cm; Höhe: 14.5 cm,"MAK – Museum of Applied Arts, Vienna; MAK – Museum für angewandte Kunst, Wien",In Copyright,
/15514/KE_11363,,Breite: 12.2 cm; Höhe (Kanne): 2.1 cm; Durchmesser: 10.2 cm; Höhe: 13.1 cm; Durchmesser (Kanne): 6.8 cm,"MAK – Museum of Applied Arts, Vienna; MAK – Museum für angewandte Kunst, Wien",In Copyright,
/15514/KE_11364,,Breite: 17.1 cm; Durchmesser: 11 cm; Höhe: 6.3 cm; Höhe (Kanne): 3.7 cm; Höhe: 8.4 cm; Durchmesser (Kanne): 7.4 cm; Durchmesser (Kanne): 7.4 cm; Breite: 17.1 cm; Höhe: 6.3 cm; Höhe (Kanne): 3.7 cm; Höhe: 8.4 cm; Durchmesser: 11 cm,"MAK – Museum of Applied Arts, Vienna; MAK – Museum für angewandte Kunst, Wien",In Copyright,
/15514/KE_11366,,Breite (Kanne): 4.8 cm; Höhe: 9.8 cm; Tiefe (Kanne): 3.7 cm; Tiefe: 6.1 cm; Breite: 17.1 cm; Höhe: 11.6 cm; Height: 11.6 cm; Height: 2.9 cm; Width: 17.1 cm; Height: 9.8 cm; Höhe: 2.9 cm; Depth: 6.1 cm; Breite (Kanne): 4.8 cm; Höhe: 9.8 cm; Tiefe (Kanne): 3.7 cm; Tiefe: 6.1 cm; Breite: 17.1 cm; Höhe: 11.6 cm; Höhe: 2.9 cm,"MAK – Museum of Applied Arts, Vienna; MAK – Museum für angewandte Kunst, Wien",In Copyright,
/15514/KE_11468,,Höhe: 12 cm; Durchmesser: 18 cm,"MAK – Museum of Applied Arts, Vienna; MAK – Museum für angewandte Kunst, Wien",In Copyright,
/15514/KE_11469,,Height: 12 cm; Höhe: 12 cm; Höhe: 12 cm,"MAK – Museum of Applied Arts, Vienna; MAK – Museum für angewandte Kunst, Wien",In Copyright,
/15514/KE_11501,,Höhe: 13.8 cm; Tiefe: 7.6 cm; Tiefe (Kanne): 5.3 cm; Breite (Kanne): 5.3 cm; Höhe: 17.2 cm; Breite: 13.8 cm; Höhe: 4.4 cm; Höhe: 13.8 cm; Tiefe: 7.6 cm; Tiefe (Kanne): 5.3 cm; Breite (Kanne): 5.3 cm; Width: 13.8 cm; Depth: 7.6 cm; Height: 13.8 cm; Höhe: 17.2 cm; Breite: 13.8 cm; Height: 17.2 cm; Höhe: 4.4 cm,"MAK – Museum of Applied Arts, Vienna; MAK – Museum für angewandte Kunst, Wien",In Copyright,
/15514/KE_11504,,,"MAK – Museum of Applied Arts, Vienna; MAK – Museum für angewandte Kunst, Wien",In Copyright,
/15514/KE_11506,,Durchmesser: 14 cm; Höhe: 16 cm,"MAK – Museum of Applied Arts, Vienna; MAK – Museum für angewandte Kunst, Wien",In Copyright,
/15514/KE_11509,,Durchmesser: 18.5 cm; Höhe: 11 cm,"MAK – Museum of Applied Arts, Vienna; MAK – Museum für angewandte Kunst, Wien",In Copyright,
/15514/KE_11510,,Höhe: 15 cm; Höhe: 15 cm; Height: 15 cm,"MAK – Museum of Applied Arts, Vienna; MAK – Museum für angewandte Kunst, Wien",In Copyright,
/15514/KE_11511,,Height: 11 cm; Höhe: 11 cm; Höhe: 11 cm,"MAK – Museum of Applied Arts, Vienna; MAK – Museum für angewandte Kunst, Wien",In Copyright,
/15514/KE_11512,,Height: 13.5 cm; Höhe: 13.5 cm; Höhe: 13.5 cm,"MAK – Museum of Applied Arts, Vienna; MAK – Museum für angewandte Kunst, Wien",In Copyright,
/15514/KE_11513,,Höhe: 15 cm; Höhe: 15 cm; Height: 15 cm,"MAK – Museum of Applied Arts, Vienna; MAK – Museum für angewandte Kunst, Wien",In Copyright,
/15514/KE_11514,,Height: 6 cm; Höhe: 6 cm; Höhe: 6 cm,"MAK – Museum of Applied Arts, Vienna; MAK – Museum für angewandte Kunst, Wien",In Copyright,
/15514/KE_11515,,Durchmesser: 11.5 cm; Höhe: 6.5 cm,"MAK – Museum of Applied Arts, Vienna; MAK – Museum für angewandte Kunst, Wien",In Copyright,
/15514/KE_11516,,Height: 16 cm; Höhe: 16 cm; Höhe: 16 cm,"MAK – Museum of Applied Arts, Vienna; MAK – Museum für angewandte Kunst, Wien",In Copyright,
/15514/KE_11517,,Tiefe: 10.5 cm; Breite: 14.5 cm; Breite: 5.2 cm; Tiefe (Deckel): 5.2 cm; Depth: 10.5 cm; Höhe: 14.4 cm; Höhe: 3.2 cm; Height: 14.4 cm; Width: 14.5 cm; Tiefe: 10.5 cm; Breite: 14.5 cm; Breite: 5.2 cm; Tiefe (Deckel): 5.2 cm; Höhe: 14.4 cm; Höhe: 3.2 cm,"MAK – Museum of Applied Arts, Vienna; MAK – Museum für angewandte Kunst, Wien",In Copyright,
/15514/KE_11518,,Höhe (Kanne): 4.9 cm; Breite: 15.6 cm; Höhe: 12.1 cm; Höhe: 8.7 cm; Durchmesser: 9.5 cm; Durchmesser (Kanne): 5.4 cm,"MAK – Museum of Applied Arts, Vienna; MAK – Museum für angewandte Kunst, Wien",In Copyright,
/15514/KE_11519,,Height: 8.5 cm; Höhe: 8.5 cm; Höhe: 8.5 cm,"MAK – Museum of Applied Arts, Vienna; MAK – Museum für angewandte Kunst, Wien",In Copyright,
/15514/KE_11520,,Durchmesser: 17 cm,"MAK – Museum of Applied Arts, Vienna; MAK – Museum für angewandte Kunst, Wien",In Copyright,
/15514/KE_11522,,Höhe: 8 cm; Höhe: 8 cm; Height: 8 cm,"MAK – Museum of Applied Arts, Vienna; MAK – Museum für angewandte Kunst, Wien",In Copyright,
/15514/KE_11523,,Durchmesser: 16 cm,"MAK – Museum of Applied Arts, Vienna; MAK – Museum für angewandte Kunst, Wien",In Copyright,
/15514/KE_11524,,Breite: 15.8 cm; Höhe: 6.1 cm; Durchmesser (Kanne): 6.4 cm; Höhe (Kanne): 3.8 cm; Durchmesser: 11.8 cm; Höhe: 8.4 cm,"MAK – Museum of Applied Arts, Vienna; MAK – Museum für angewandte Kunst, Wien",In Copyright,
/15514/KE_11525,,Tiefe: 10.7 cm; Breite: 14.8 cm; Tiefe (Kanne): 5.8 cm; Höhe: 9.1 cm; Höhe: 3.4 cm; Höhe: 6.7 cm; Breite (Kanne): 4.7 cm; Tiefe: 10.7 cm; Height: 6.7 cm; Depth: 10.7 cm; Breite: 14.8 cm; Tiefe (Kanne): 5.8 cm; Höhe: 9.1 cm; Höhe: 3.4 cm; Height: 9.1 cm; Width: 14.8 cm; Höhe: 6.7 cm; Breite (Kanne): 4.7 cm,"MAK – Museum of Applied Arts, Vienna; MAK – Museum für angewandte Kunst, Wien",In Copyright,
/15514/KE_11526,,Height: 10.5 cm; Höhe: 10.5 cm; Höhe: 10.5 cm,"MAK – Museum of Applied Arts, Vienna; MAK – Museum für angewandte Kunst, Wien",In Copyright,
/15514/KE_11527,,Höhe: 9 cm; Durchmesser: 10.5 cm,"MAK – Museum of Applied Arts, Vienna; MAK – Museum für angewandte Kunst, Wien",In Copyright,
/15514/KE_11528,,Height: 8.5 cm; Höhe: 8.5 cm; Höhe: 8.5 cm,"MAK – Museum of Applied Arts, Vienna; MAK – Museum für angewandte Kunst, Wien",In Copyright,
/15514/KE_11529,,Height: 11 cm; Höhe: 11 cm; Höhe: 11 cm,"MAK – Museum of Applied Arts, Vienna; MAK – Museum für angewandte Kunst, Wien",In Copyright,
/15514/KE_11530,,Höhe: 8 cm; Höhe: 8 cm; Height: 8 cm,"MAK – Museum of Applied Arts, Vienna; MAK – Museum für angewandte Kunst, Wien",In Copyright,
/15514/KE_11531,,Height: 10.5 cm; Höhe: 10.5 cm; Höhe: 10.5 cm,"MAK – Museum of Applied Arts, Vienna; MAK – Museum für angewandte Kunst, Wien",In Copyright,
/15514/KE_11532,,Height: 10 cm; Höhe: 10 cm; Höhe: 10 cm,"MAK – Museum of Applied Arts, Vienna; MAK – Museum für angewandte Kunst, Wien",In Copyright,
/15514/KE_11533,,Höhe: 9.5 cm; Höhe: 9.5 cm; Height: 9.5 cm,"MAK – Museum of Applied Arts, Vienna; MAK – Museum für angewandte Kunst, Wien",In Copyright,
/15514/KE_11534,,Durchmesser: 14.5 cm,"MAK – Museum of Applied Arts, Vienna; MAK – Museum für angewandte Kunst, Wien",In Copyright,
/15514/KE_11535,,Height: 10.5 cm; Höhe: 10.5 cm; Höhe: 10.5 cm,"MAK – Museum of Applied Arts, Vienna; MAK – Museum für angewandte Kunst, Wien",In Copyright,
/15514/KE_11536,,Durchmesser: 19 cm,"MAK – Museum of Applied Arts, Vienna; MAK – Museum für angewandte Kunst, Wien",In Copyright,
/15514/KE_11537,,Durchmesser: 14 cm,"MAK – Museum of Applied Arts, Vienna; MAK – Museum für angewandte Kunst, Wien",In Copyright,
/15514/KE_11538,,Height: 10 cm; Höhe: 10 cm; Höhe: 10 cm,"MAK – Museum of Applied Arts, Vienna; MAK – Museum für angewandte Kunst, Wien",In Copyright,
/15514/KE_11539,,Durchmesser: 17 cm,"MAK – Museum of Applied Arts, Vienna; MAK – Museum für angewandte Kunst, Wien",In Copyright,
/15514/KE_11540,,Höhe: 5 cm; Höhe: 5 cm; Height: 5 cm,"MAK – Museum of Applied Arts, Vienna; MAK – Museum für angewandte Kunst, Wien",In Copyright,
/15514/KE_11541,,Höhe (Kanne): 5.1 cm; Höhe: 16.8 cm; Durchmesser (Kanne): 6.6 cm; Breite: 14.6 cm; Durchmesser: 10.8 cm,"MAK – Museum of Applied Arts, Vienna; MAK – Museum für angewandte Kunst, Wien",In Copyright,
/15514/KE_11542,,Height: 23 cm; Höhe: 23 cm; Höhe: 23 cm,"MAK – Museum of Applied Arts, Vienna; MAK – Museum für angewandte Kunst, Wien",In Copyright,
/15514/KE_11545,,Höhe: 13 cm; Höhe: 13 cm; Height: 13 cm,"MAK – Museum of Applied Arts, Vienna; MAK – Museum für angewandte Kunst, Wien",In Copyright,
/15514/KE_11575,,Höhe: 8 cm; Höhe: 8 cm; Height: 8 cm,"MAK – Museum of Applied Arts, Vienna; MAK – Museum für angewandte Kunst, Wien",In Copyright,
/15514/KE_11576,,Tiefe: 11.4 cm; Höhe: 2.2 cm; Höhe: 10.4 cm; Breite: 14.1 cm; Tiefe (Kanne): 10.3 cm; Breite (Kanne): 6.9 cm; Width: 14.1 cm; Tiefe: 11.4 cm; Höhe: 2.2 cm; Höhe: 10.4 cm; Height: 10.4 cm; Depth: 11.4 cm; Breite: 14.1 cm; Tiefe (Kanne): 10.3 cm; Breite (Kanne): 6.9 cm,"MAK – Museum of Applied Arts, Vienna; MAK – Museum für angewandte Kunst, Wien",In Copyright,
/15514/KE_11577,,Höhe (Kanne): 2.6 cm; Höhe: 9.3 cm; Durchmesser (Kanne): 6.5 cm; Tiefe: 11.3 cm; Breite: 15.6 cm; Höhe: 8.5 cm; Höhe (Kanne): 2.6 cm; Höhe: 9.3 cm; Durchmesser (Kanne): 6.5 cm; Tiefe: 11.3 cm; Height: 9.3 cm; Breite: 15.6 cm; Width: 15.6 cm; Depth: 11.3 cm; Height: 8.5 cm; Höhe: 8.5 cm,"MAK – Museum of Applied Arts, Vienna; MAK – Museum für angewandte Kunst, Wien",In Copyright,
/15514/KE_11630,,Durchmesser (Deckel): 6 cm; Höhe: 3.7 cm; Höhe: 17 cm,"MAK – Museum of Applied Arts, Vienna; MAK – Museum für angewandte Kunst, Wien",In Copyright,
/15514/KE_11679,,Höhe: 2.3 cm; Höhe: 8.2 cm; Tiefe: 15.6 cm; Höhe (Kanne): 5.7 cm; Durchmesser (Kanne): 7.7 cm; Durchmesser (Kanne): 6.9 cm; Höhe: 19.4 cm; Breite: 19.6 cm; Höhe: 2.3 cm; Höhe: 8.2 cm; Tiefe: 15.6 cm; Höhe (Kanne): 5.7 cm; Height: 8.2 cm; Durchmesser (Kanne): 7.7 cm; Height: 19.4 cm; Durchmesser (Kanne): 6.9 cm; Depth: 15.6 cm; Höhe: 19.4 cm,"MAK – Museum of Applied Arts, Vienna; MAK – Museum für angewandte Kunst, Wien",In Copyright,
/15514/KE_11774_1,,Höhe: 10.4 cm; Durchmesser: 21.8 cm; Gewicht: 691 g; Höhe: 22.1 cm; Höhe: 10.4 cm; Gewicht: 691 g; Höhe: 22.1 cm; Height: 22.1 cm; Durchmesser: 21.8 cm; Diameter: 21.8 cm; Height: 10.4 cm; Weight: 691 g,"MAK – Museum of Applied Arts, Vienna; MAK – Museum für angewandte Kunst, Wien",In Copyright,
/15514/KE_11774_2,,Höhe: 5.6 cm; Durchmesser: 10.1 cm; Gewicht: 90 g,"MAK – Museum of Applied Arts, Vienna; MAK – Museum für angewandte Kunst, Wien",In Copyright,
/15514/KE_11851,,Höhe: 5.7 cm; Breite: 15.6 cm; Durchmesser (Kanne): 8.8 cm; Höhe: 4.8 cm; Durchmesser: 12.2 cm; Höhe (Kanne): 2.8 cm,"MAK – Museum of Applied Arts, Vienna; MAK – Museum für angewandte Kunst, Wien",In Copyright,
/15514/KE_1552_1,,Höhe: 17.7 cm; Durchmesser: 8.7 cm,"MAK – Museum of Applied Arts, Vienna; MAK – Museum für angewandte Kunst, Wien",In Copyright,
/15514/KE_1552_2,,Breite: 9.3 cm; Höhe: 18 cm; Höhe: 18 cm; Height: 18 cm,"MAK – Museum of Applied Arts, Vienna; MAK – Museum für angewandte Kunst, Wien",In Copyright,
/15514/KE_1605_1,,Durchmesser: 23.8 cm; Gewicht: 724 g; Höhe: 12.7 cm; Höhe: 12.7 cm; Gewicht: 724 g; Durchmesser: 23.8 cm,"MAK – Museum of Applied Arts, Vienna; MAK – Museum für angewandte Kunst, Wien",In Copyright,
/15514/KE_1605_2,,Höhe: 4.2 cm; Gewicht: 94 g; Durchmesser: 10.5 cm,"MAK – Museum of Applied Arts, Vienna; MAK – Museum für angewandte Kunst, Wien",In Copyright,
/15514/KE_1973,,Durchmesser: 13 cm; Höhe: 24 cm,"MAK – Museum of Applied Arts, Vienna; MAK – Museum für angewandte Kunst, Wien",In Copyright,
/15514/KE_2545,,Gewicht:  g; Tiefe: 15.2 cm; Breite: 21.6 cm; Höhe: 28 cm; Width: 21.6 cm; Breite: 21.6 cm; Höhe: 28 cm; Depth: 15.2 cm; Height: 28 cm; Gewicht:  g; Tiefe: 15.2 cm,"MAK – Museum of Applied Arts, Vienna; MAK – Museum für angewandte Kunst, Wien",In Copyright,
/15514/KE_2703_1,,Höhe: 9.2 cm; Gewicht: 314 g; Höhe: 9.5 cm; Durchmesser: 20 cm,"MAK – Museum of Applied Arts, Vienna; MAK – Museum für angewandte Kunst, Wien",In Copyright,
/15514/KE_2703_2,,Gewicht: 31 g; Durchmesser: 6.2 cm; Höhe: 1.3 cm; Gewicht: 31 g; Höhe: 1.3 cm; Durchmesser: 6.2 cm,"MAK – Museum of Applied Arts, Vienna; MAK – Museum für angewandte Kunst, Wien",In Copyright,
/15514/KE_3344_1,,Durchmesser: 5.7 cm; Höhe: 8.6 cm; Durchmesser: 16.5 cm; Gewicht: 256 g; Höhe: 11.7 cm,"MAK – Museum of Applied Arts, Vienna; MAK – Museum für angewandte Kunst, Wien",In Copyright,
/15514/KE_3344_2,,Durchmesser: 6.5 cm; Gewicht: 37 g; Höhe: 3.7 cm; Höhe: 3.7 cm; Gewicht: 37 g; Durchmesser: 6.5 cm,"MAK – Museum of Applied Arts, Vienna; MAK – Museum für angewandte Kunst, Wien",In Copyright,
/15514/KE_3495_1,,Durchmesser: 8.9 cm; Gewicht: 566 g; Höhe: 20.4 cm,"MAK – Museum of Applied Arts, Vienna; MAK – Museum für angewandte Kunst, Wien",In Copyright,
/15514/KE_3495_2,,Durchmesser: 4.3 cm; Höhe: 2.9 cm; Gewicht: 24 g,"MAK – Museum of Applied Arts, Vienna; MAK – Museum für angewandte Kunst, Wien",In Copyright,
/15514/KE_3610,,Gewicht: 260 g; Höhe: 10 cm; Durchmesser: 17.2 cm,"MAK – Museum of Applied Arts, Vienna; MAK – Museum für angewandte Kunst, Wien",In Copyright,
/15514/KE_3788,,Höhe: 10.6 cm; Gewicht: 240 g; Durchmesser: 16.2 cm,"MAK – Museum of Applied Arts, Vienna; MAK – Museum für angewandte Kunst, Wien",In Copyright,
/15514/KE_3909,,Höhe: 9 cm; Durchmesser: 19 cm,"MAK – Museum of Applied Arts, Vienna; MAK – Museum für angewandte Kunst, Wien",In Copyright,
/15514/KE_3933_1,,Gewicht: 1084 g; Höhe: 5.2 cm; Länge: 33.5 cm; Breite: 25 cm; Gewicht: 1084 g; Length: 33.5 cm; Weight: 1084 g; Höhe: 5.2 cm; Länge: 33.5 cm; Breite: 25 cm,"MAK – Museum of Applied Arts, Vienna; MAK – Museum für angewandte Kunst, Wien",In Copyright,
/15514/KE_3933_2,,Gewicht: 361 g; Durchmesser: 10.7 cm; Höhe: 15.1 cm,"MAK – Museum of Applied Arts, Vienna; MAK – Museum für angewandte Kunst, Wien",In Copyright,
/15514/KE_3933_3,,Gewicht: 75 g; Höhe: 7 cm; Höhe: 6.2 cm; Durchmesser: 6.3 cm; Durchmesser: 8.3 cm,"MAK – Museum of Applied Arts, Vienna; MAK – Museum für angewandte Kunst, Wien",In Copyright,
/15514/KE_3933_4,,Gewicht: 102 g; Durchmesser: 12.9 cm; Höhe: 1.8 cm,"MAK – Museum of Applied Arts, Vienna; MAK – Museum für angewandte Kunst, Wien",In Copyright,
/15514/KE_3933_5,,Durchmesser: 8.2 cm; Gewicht: 86 g; Höhe: 6.2 cm; Höhe: 7.2 cm; Durchmesser: 6.3 cm; Gewicht: 86 g; Höhe: 6.2 cm; Durchmesser: 8.2 cm; Höhe: 7.2 cm; Durchmesser: 6.3 cm,"MAK – Museum of Applied Arts, Vienna; MAK – Museum für angewandte Kunst, Wien",In Copyright,
/15514/KE_3933_6,,Durchmesser: 12.8 cm; Gewicht: 97 g; Höhe: 2.2 cm,"MAK – Museum of Applied Arts, Vienna; MAK – Museum für angewandte Kunst, Wien",In Copyright,
/15514/KE_3984_1,,Breite: 33.5 cm; Gewicht: 1451 g; Länge: 41.5 cm; Höhe: 5.5 cm; Breite: 33.5 cm; Weight: 1451 g; Gewicht: 1451 g; Length: 41.5 cm; Höhe: 5.5 cm; Width: 33.5 cm; Länge: 41.5 cm,"MAK – Museum of Applied Arts, Vienna; MAK – Museum für angewandte Kunst, Wien",In Copyright,
/15514/KE_3984_10,,Durchmesser: 8.5 cm; Durchmesser: 6.8 cm; Gewicht: 101 g; Höhe: 10 cm; Höhe: 7.1 cm,"MAK – Museum of Applied Arts, Vienna; MAK – Museum für angewandte Kunst, Wien",In Copyright,
/15514/KE_3984_11,,Gewicht: 34 g; Höhe: 3.3 cm; Durchmesser: 6.9 cm,"MAK – Museum of Applied Arts, Vienna; MAK – Museum für angewandte Kunst, Wien",In Copyright,
/15514/KE_3984_12,,Durchmesser: 13.3 cm; Höhe: 2.5 cm; Gewicht: 122 g; Gewicht: 122 g; Höhe: 2.5 cm; Durchmesser: 13.3 cm,"MAK – Museum of Applied Arts, Vienna; MAK – Museum für angewandte Kunst, Wien",In Copyright,
/15514/KE_3984_13,,Durchmesser: 8.5 cm; Durchmesser: 6.8 cm; Höhe: 10 cm; Höhe: 7.1 cm; Gewicht: 102 g,"MAK – Museum of Applied Arts, Vienna; MAK – Museum für angewandte Kunst, Wien",In Copyright,
/15514/KE_3984_14,,Höhe: 3.4 cm; Gewicht: 38 g; Durchmesser: 6.9 cm,"MAK – Museum of Applied Arts, Vienna; MAK – Museum für angewandte Kunst, Wien",In Copyright,
/15514/KE_3984_15,,Durchmesser: 13.5 cm; Höhe: 2.5 cm; Gewicht: 109 g,"MAK – Museum of Applied Arts, Vienna; MAK – Museum für angewandte Kunst, Wien",In Copyright,
/15514/KE_3984_2,,Durchmesser: 11.8 cm; Höhe: 16.1 cm; Höhe: 13.5 cm; Gewicht: 353 g,"MAK – Museum of Applied Arts, Vienna; MAK – Museum für angewandte Kunst, Wien",In Copyright,
/15514/KE_3984_3,,Durchmesser: 6 cm; Höhe: 3.3 cm; Gewicht: 24 g,"MAK – Museum of Applied Arts, Vienna; MAK – Museum für angewandte Kunst, Wien",In Copyright,
/15514/KE_3984_4,,Höhe: 14 cm; Höhe: 11.9 cm; Gewicht: 283 g; Durchmesser: 16 cm,"MAK – Museum of Applied Arts, Vienna; MAK – Museum für angewandte Kunst, Wien",In Copyright,
/15514/KE_3984_5,,Durchmesser: 6 cm; Höhe: 3.5 cm; Gewicht: 29 g; Höhe: 3.5 cm; Gewicht: 29 g; Durchmesser: 6 cm,"MAK – Museum of Applied Arts, Vienna; MAK – Museum für angewandte Kunst, Wien",In Copyright,
/15514/KE_3984_6,,Höhe: 12.9 cm; Gewicht: 205 g; Durchmesser: 9.2 cm; Höhe: 11 cm,"MAK – Museum of Applied Arts, Vienna; MAK – Museum für angewandte Kunst, Wien",In Copyright,
/15514/KE_3984_8,,Höhe: 9.5 cm; Höhe: 7 cm; Durchmesser: 8.1 cm; Gewicht: 151 g,"MAK – Museum of Applied Arts, Vienna; MAK – Museum für angewandte Kunst, Wien",In Copyright,
/15514/KE_3984_9,,Höhe: 3 cm; Gewicht: 27 g; Durchmesser: 5.9 cm,"MAK – Museum of Applied Arts, Vienna; MAK – Museum für angewandte Kunst, Wien",In Copyright,
/15514/KE_4167_1,,Breite: 25.5 cm; Länge: 32.3 cm; Gewicht: 798 g; Höhe: 2.5 cm; Höhe: 2.5 cm; Breite: 25.5 cm; Länge: 32.3 cm; Length: 32.3 cm; Gewicht: 798 g; Width: 25.5 cm; Weight: 798 g,"MAK – Museum of Applied Arts, Vienna; MAK – Museum für angewandte Kunst, Wien",In Copyright,
/15514/KE_4167_2,,Höhe: 12.5 cm; Höhe: 10.5 cm; Durchmesser: 10.7 cm; Gewicht: 211 g; Durchmesser: 7.2 cm,"MAK – Museum of Applied Arts, Vienna; MAK – Museum für angewandte Kunst, Wien",In Copyright,
/15514/KE_4167_3,,Durchmesser: 5.2 cm; Höhe: 2.8 cm; Gewicht: 26 g,"MAK – Museum of Applied Arts, Vienna; MAK – Museum für angewandte Kunst, Wien",In Copyright,
/15514/KE_4167_4,,Gewicht: 161 g; Durchmesser: 9.2 cm; Durchmesser: 6.3 cm; Höhe: 10.2 cm; Höhe: 8.5 cm; Gewicht: 161 g; Durchmesser: 9.2 cm; Höhe: 8.5 cm; Höhe: 10.2 cm; Durchmesser: 6.3 cm,"MAK – Museum of Applied Arts, Vienna; MAK – Museum für angewandte Kunst, Wien",In Copyright,
/15514/KE_4167_5,,Durchmesser: 4.5 cm; Höhe: 2.3 cm; Gewicht: 18 g,"MAK – Museum of Applied Arts, Vienna; MAK – Museum für angewandte Kunst, Wien",In Copyright,
/15514/KE_4167_6,,Gewicht: 157 g; Länge: 13 cm; Höhe: 5.1 cm; Breite: 8.8 cm; Weight: 157 g; Gewicht: 157 g; Länge: 13 cm; Höhe: 5.1 cm; Breite: 8.8 cm,"MAK – Museum of Applied Arts, Vienna; MAK – Museum für angewandte Kunst, Wien",In Copyright,
/15514/KE_4167_7,,Durchmesser: 6 cm; Höhe: 6 cm; Durchmesser: 8 cm; Gewicht: 87 g,"MAK – Museum of Applied Arts, Vienna; MAK – Museum für angewandte Kunst, Wien",In Copyright,
/15514/KE_4167_8,,Höhe: 2.5 cm; Gewicht: 146 g; Durchmesser: 13.4 cm,"MAK – Museum of Applied Arts, Vienna; MAK – Museum für angewandte Kunst, Wien",In Copyright,
/15514/KE_4232,,Höhe: 7 cm; Durchmesser: 10.5 cm,"MAK – Museum of Applied Arts, Vienna; MAK – Museum für angewandte Kunst, Wien",In Copyright,
/15514/KE_450_1,,Gewicht: 824 g; Höhe: 13.3 cm; Durchmesser: 24.3 cm,"MAK – Museum of Applied Arts, Vienna; MAK – Museum für angewandte Kunst, Wien",In Copyright,
/15514/KE_450_10,,Gewicht: 164 g; Höhe: 2.5 cm; Durchmesser: 16.2 cm,"MAK – Museum of Applied Arts, Vienna; MAK – Museum für angewandte Kunst, Wien",In Copyright,
/15514/KE_450_11,,Höhe: 5.9 cm; Durchmesser: 10.6 cm; Höhe: 6.9 cm; Gewicht: 95 g; Durchmesser: 13 cm,"MAK – Museum of Applied Arts, Vienna; MAK – Museum für angewandte Kunst, Wien",In Copyright,
/15514/KE_450_12,,Höhe: 2.3 cm; Durchmesser: 16.4 cm; Gewicht: 147 g,"MAK – Museum of Applied Arts, Vienna; MAK – Museum für angewandte Kunst, Wien",In Copyright,
/15514/KE_450_13,,Höhe: 5.9 cm; Gewicht: 114 g; Höhe: 6.6 cm; Durchmesser: 12.8 cm; Durchmesser: 10.5 cm,"MAK – Museum of Applied Arts, Vienna; MAK – Museum für angewandte Kunst, Wien",In Copyright,
/15514/KE_450_14,,Gewicht: 161 g; Durchmesser: 16.2 cm; Höhe: 2.4 cm; Gewicht: 161 g; Höhe: 2.4 cm; Durchmesser: 16.2 cm,"MAK – Museum of Applied Arts, Vienna; MAK – Museum für angewandte Kunst, Wien",In Copyright,
/15514/KE_450_15,,Höhe: 5.9 cm; Gewicht: 117 g; Durchmesser: 12.8 cm; Höhe: 6.7 cm; Durchmesser: 10.5 cm,"MAK – Museum of Applied Arts, Vienna; MAK – Museum für angewandte Kunst, Wien",In Copyright,
/15514/KE_450_16,,Gewicht: 137 g; Durchmesser: 16.4 cm; Höhe: 2.4 cm,"MAK – Museum of Applied Arts, Vienna; MAK – Museum für angewandte Kunst, Wien",In Copyright,
/15514/KE_450_17,,Durchmesser: 10.6 cm; Durchmesser: 13 cm; Höhe: 6.8 cm; Gewicht: 109 g; Höhe: 6 cm,"MAK – Museum of Applied Arts, Vienna; MAK – Museum für angewandte Kunst, Wien",In Copyright,
/15514/KE_450_18,,Höhe: 2.3 cm; Durchmesser: 16.4 cm; Gewicht: 147 g,"MAK – Museum of Applied Arts, Vienna; MAK – Museum für angewandte Kunst, Wien",In Copyright,
/15514/KE_450_2,,Höhe: 3.7 cm; Gewicht: 80 g; Durchmesser: 9.7 cm,"MAK – Museum of Applied Arts, Vienna; MAK – Museum für angewandte Kunst, Wien",In Copyright,
/15514/KE_450_5,,Durchmesser: 11.1 cm; Gewicht: 106 g; Höhe: 4 cm,"MAK – Museum of Applied Arts, Vienna; MAK – Museum für angewandte Kunst, Wien",In Copyright,
/15514/KE_450_9,,Höhe: 5.9 cm; Gewicht: 112 g; Höhe: 6.8 cm; Durchmesser: 12.8 cm; Durchmesser: 10.5 cm,"MAK – Museum of Applied Arts, Vienna; MAK – Museum für angewandte Kunst, Wien",In Copyright,
/15514/KE_4550_1,,Höhe: 2.5 cm; Länge: 323 cm; Breite: 25.9 cm; Gewicht: 889 g; Width: 25.9 cm; Höhe: 2.5 cm; Gewicht: 889 g; Weight: 889 g; Breite: 25.9 cm; Länge: 323 cm; Length: 323 cm,"MAK – Museum of Applied Arts, Vienna; MAK – Museum für angewandte Kunst, Wien",In Copyright,
/15514/KE_4550_2,,Gewicht: 269 g; Höhe: 13.6 cm; Höhe: 15.8 cm; Durchmesser: 12.4 cm; Höhe: 13.6 cm; Höhe: 15.8 cm; Durchmesser: 12.4 cm; Gewicht: 269 g,"MAK – Museum of Applied Arts, Vienna; MAK – Museum für angewandte Kunst, Wien",In Copyright,
/15514/KE_4550_3,,Durchmesser: 6 cm; Gewicht: 35 g; Höhe: 3.5 cm; Höhe: 3.5 cm; Gewicht: 35 g; Durchmesser: 6 cm,"MAK – Museum of Applied Arts, Vienna; MAK – Museum für angewandte Kunst, Wien",In Copyright,
/15514/KE_4550_4,,Durchmesser: 11.6 cm; Höhe: 12.7 cm; Gewicht: 242 g; Höhe: 11 cm; Durchmesser: 9.4 cm,"MAK – Museum of Applied Arts, Vienna; MAK – Museum für angewandte Kunst, Wien",In Copyright,
/15514/KE_4550_5,,Höhe: 2.5 cm; Gewicht: 30 g; Durchmesser: 6.7 cm,"MAK – Museum of Applied Arts, Vienna; MAK – Museum für angewandte Kunst, Wien",In Copyright,
/15514/KE_4550_6,,Breite: 12.2 cm; Gewicht: 158 g; Länge: 17.4 cm; Höhe: 4.3 cm; Width: 12.2 cm; Weight: 158 g; Breite: 12.2 cm; Höhe: 4.3 cm; Length: 17.4 cm; Gewicht: 158 g; Länge: 17.4 cm,"MAK – Museum of Applied Arts, Vienna; MAK – Museum für angewandte Kunst, Wien",In Copyright,
/15514/KE_4550_7,,Durchmesser: 8.9 cm; Durchmesser: 6.8 cm; Gewicht: 100 g; Höhe: 6.4 cm,"MAK – Museum of Applied Arts, Vienna; MAK – Museum für angewandte Kunst, Wien",In Copyright,
/15514/KE_4550_8,,Durchmesser: 14.1 cm; Höhe: 2.8 cm; Gewicht: 142 g; Gewicht: 142 g; Höhe: 2.8 cm; Durchmesser: 14.1 cm,"MAK – Museum of Applied Arts, Vienna; MAK – Museum für angewandte Kunst, Wien",In Copyright,
/15514/KE_4571,,Breite: 23.6 cm; Tiefe: 12.7 cm; Höhe: 32.7 cm; Depth: 12.7 cm; Breite: 23.6 cm; Höhe: 32.7 cm; Height: 32.7 cm; Tiefe: 12.7 cm,"MAK – Museum of Applied Arts, Vienna; MAK – Museum für angewandte Kunst, Wien",In Copyright,
/15514/KE_4635,,Durchmesser: 20.1 cm; Durchmesser: 14.3 cm; Höhe: 22.8 cm; Gewicht:  g; Durchmesser: 20.1 cm; Höhe: 22.8 cm; Durchmesser: 14.3 cm; Gewicht:  g,"MAK – Museum of Applied Arts, Vienna; MAK – Museum für angewandte Kunst, Wien",In Copyright,
/15514/KE_4716_1,,Höhe: 13.1 cm; Durchmesser: 16.4 cm; Höhe:  cm; Gewicht:  g,"MAK – Museum of Applied Arts, Vienna; MAK – Museum für angewandte Kunst, Wien",In Copyright,
/15514/KE_4725_1,,Gewicht: 189 g; Höhe: 13.5 cm; Höhe: 11.5 cm; Durchmesser: 9.3 cm; Höhe: 13.5 cm; Gewicht: 189 g; Höhe: 11.5 cm; Durchmesser: 9.3 cm,"MAK – Museum of Applied Arts, Vienna; MAK – Museum für angewandte Kunst, Wien",In Copyright,
/15514/KE_4747_1,,Höhe: 22.8 cm; Höhe: 18.2 cm; Durchmesser: 15.9 cm; Gewicht: 768 g,"MAK – Museum of Applied Arts, Vienna; MAK – Museum für angewandte Kunst, Wien",In Copyright,
/15514/KE_4747_2,,Gewicht: 58 g; Höhe: 5.1 cm; Durchmesser: 7.1 cm,"MAK – Museum of Applied Arts, Vienna; MAK – Museum für angewandte Kunst, Wien",In Copyright,
/15514/KE_4747_3,,Höhe: 9.8 cm; Gewicht: 263 g; Breite: 9.4 cm; Länge: 15 cm; Höhe: 5.8 cm; Höhe: 9.8 cm; Gewicht: 263 g; Weight: 263 g; Breite: 9.4 cm; Länge: 15 cm; Height: 5.8 cm; Height: 9.8 cm; Höhe: 5.8 cm; Width: 9.4 cm,"MAK – Museum of Applied Arts, Vienna; MAK – Museum für angewandte Kunst, Wien",In Copyright,
/15514/KE_4747_4,,Breite: 8.6 cm; Höhe: 5.2 cm; Länge: 14.1 cm; Gewicht: 159 g; Gewicht: 159 g; Length: 14.1 cm; Breite: 8.6 cm; Höhe: 5.2 cm; Länge: 14.1 cm; Weight: 159 g; Width: 8.6 cm,"MAK – Museum of Applied Arts, Vienna; MAK – Museum für angewandte Kunst, Wien",In Copyright,
/15514/KE_4747_5,,Durchmesser: 9 cm; Höhe: 5.4 cm; Gewicht: 80 g; Durchmesser: 7.3 cm; Höhe: 5.4 cm; Gewicht: 80 g; Durchmesser: 9 cm; Durchmesser: 7.3 cm,"MAK – Museum of Applied Arts, Vienna; MAK – Museum für angewandte Kunst, Wien",In Copyright,
/15514/KE_4747_6,,Gewicht: 169 g; Höhe: 3.3 cm; Durchmesser: 13.4 cm,"MAK – Museum of Applied Arts, Vienna; MAK – Museum für angewandte Kunst, Wien",In Copyright,
/15514/KE_4747_7,,Höhe: 5.4 cm; Durchmesser: 9.5 cm; Gewicht: 84 g; Durchmesser: 7.3 cm,"MAK – Museum of Applied Arts, Vienna; MAK – Museum für angewandte Kunst, Wien",In Copyright,
/15514/KE_4747_8,,Höhe: 3.4 cm; Durchmesser: 13.6 cm; Gewicht: 169 g,"MAK – Museum of Applied Arts, Vienna; MAK – Museum für angewandte Kunst, Wien",In Copyright,
/15514/KE_4886,,Breite: 23.5 cm; Tiefe: 14 cm; Höhe: 35 cm; Depth: 14 cm; Height: 35 cm; Tiefe: 14 cm; Höhe: 35 cm,"MAK – Museum of Applied Arts, Vienna; MAK – Museum für angewandte Kunst, Wien",In Copyright,
/15514/KE_4929_1,,Gewicht: 740 g; Länge: 31.4 cm; Höhe: 6.2 cm; Breite: 22.4 cm; Höhe: 2.9 cm; Length: 31.4 cm; Width: 22.4 cm; Weight: 740 g; Gewicht: 740 g; Länge: 31.4 cm; Height: 6.2 cm; Height: 2.9 cm; Höhe: 6.2 cm; Breite: 22.4 cm; Höhe: 2.9 cm,"MAK – Museum of Applied Arts, Vienna; MAK – Museum für angewandte Kunst, Wien",In Copyright,
/15514/KE_4929_2,,Durchmesser: 10.4 cm; Höhe: 11 cm; Höhe: 14.2 cm; Gewicht: 222 g,"MAK – Museum of Applied Arts, Vienna; MAK – Museum für angewandte Kunst, Wien",In Copyright,
/15514/KE_4929_3,,Gewicht: 36 g; Höhe: 3 cm; Durchmesser: 6.4 cm,"MAK – Museum of Applied Arts, Vienna; MAK – Museum für angewandte Kunst, Wien",In Copyright,
/15514/KE_4929_4,,Höhe: 10.3 cm; Höhe: 12.1 cm; Durchmesser: 9.5 cm; Gewicht: 162 g; Höhe: 10.3 cm; Höhe: 12.1 cm; Gewicht: 162 g; Durchmesser: 9.5 cm,"MAK – Museum of Applied Arts, Vienna; MAK – Museum für angewandte Kunst, Wien",In Copyright,
/15514/KE_4929_5,,Gewicht: 23 g; Durchmesser: 4.9 cm; Höhe: 2.2 cm,"MAK – Museum of Applied Arts, Vienna; MAK – Museum für angewandte Kunst, Wien",In Copyright,
/15514/KE_4929_6,,Höhe: 6.3 cm; Durchmesser: 6.5 cm; Gewicht: 86 g; Durchmesser: 8.6 cm,"MAK – Museum of Applied Arts, Vienna; MAK – Museum für angewandte Kunst, Wien",In Copyright,
/15514/KE_4929_7,,Höhe: 3 cm; Durchmesser: 12.9 cm; Gewicht: 116 g,"MAK – Museum of Applied Arts, Vienna; MAK – Museum für angewandte Kunst, Wien",In Copyright,
/15514/KE_4945_1,,Höhe: 11.3 cm; Höhe: 14.4 cm; Durchmesser: 16.6 cm; Gewicht: 363 g,"MAK – Museum of Applied Arts, Vienna; MAK – Museum für angewandte Kunst, Wien",In Copyright,
/15514/KE_5993_1,,Durchmesser: 14.6 cm; Höhe: 10.9 cm; Höhe: 8.9 cm; Gewicht: 254 g; Höhe: 10.9 cm; Durchmesser: 14.6 cm; Höhe: 8.9 cm; Gewicht: 254 g,"MAK – Museum of Applied Arts, Vienna; MAK – Museum für angewandte Kunst, Wien",In Copyright,
/15514/KE_5993_2,,Höhe: 5.8 cm; Durchmesser: 4.1 cm; Gewicht: 45 g,"MAK – Museum of Applied Arts, Vienna; MAK – Museum für angewandte Kunst, Wien",In Copyright,
/15514/KE_5993_3,,Durchmesser: 5.3 cm; Gewicht: 43 g; Höhe: 3.6 cm,"MAK – Museum of Applied Arts, Vienna; MAK – Museum für angewandte Kunst, Wien",In Copyright,
/15514/KE_6001_1,,Durchmesser: 17 cm; Höhe: 11 cm; Höhe:  cm; Gewicht:  g; Gewicht:  g; Höhe: 11 cm; Höhe:  cm; Durchmesser: 17 cm,"MAK – Museum of Applied Arts, Vienna; MAK – Museum für angewandte Kunst, Wien",In Copyright,
/15514/KE_6001_2,,Durchmesser: 17 cm; Höhe: 11 cm; Gewicht:  g; Gewicht:  g; Höhe: 11 cm; Durchmesser: 17 cm,"MAK – Museum of Applied Arts, Vienna; MAK – Museum für angewandte Kunst, Wien",In Copyright,
/15514/KE_6079,,Höhe: 18.2 cm; Durchmesser: 10 cm; Durchmesser: 15.6 cm; Gewicht: 443 g,"MAK – Museum of Applied Arts, Vienna; MAK – Museum für angewandte Kunst, Wien",In Copyright,
/15514/KE_6139,,Durchmesser: 15 cm; Höhe: 9.5 cm; Gewicht: 412 g; Höhe: 14.1 cm,"MAK – Museum of Applied Arts, Vienna; MAK – Museum für angewandte Kunst, Wien",In Copyright,
/15514/KE_6183_1,,Durchmesser: 18.8 cm; Höhe: 9.9 cm; Gewicht: 301 g; Höhe: 9.3 cm,"MAK – Museum of Applied Arts, Vienna; MAK – Museum für angewandte Kunst, Wien",In Copyright,
/15514/KE_6208_4,,Durchmesser: 12.5 cm; Gewicht: 79 g; Höhe: 2.7 cm; Höhe: 2.7 cm; Gewicht: 79 g; Durchmesser: 12.5 cm,"MAK – Museum of Applied Arts, Vienna; MAK – Museum für angewandte Kunst, Wien",In Copyright,
/15514/KE_6311_1,,Durchmesser: 17 cm; Höhe: 11 cm; Höhe:  cm; Gewicht:  g; Gewicht:  g; Höhe: 11 cm; Höhe:  cm; Durchmesser: 17 cm,"MAK – Museum of Applied Arts, Vienna; MAK – Museum für angewandte Kunst, Wien",In Copyright,
/15514/KE_6312,,Gewicht: 393 g; Höhe: 10 cm; Durchmesser: 18.9 cm,"MAK – Museum of Applied Arts, Vienna; MAK – Museum für angewandte Kunst, Wien",In Copyright,
/15514/KE_6523_1,,Durchmesser:  cm; Höhe: 14.4 cm; Höhe:  cm; Gewicht:  g,"MAK – Museum of Applied Arts, Vienna; MAK – Museum für angewandte Kunst, Wien",In Copyright,
/15514/KE_6523_2,,Durchmesser:  cm; Höhe:  cm; Gewicht:  g,"MAK – Museum of Applied Arts, Vienna; MAK – Museum für angewandte Kunst, Wien",In Copyright,
/15514/KE_6524,,Durchmesser:  cm; Höhe: 12.9 cm; Gewicht:  g,"MAK – Museum of Applied Arts, Vienna; MAK – Museum für angewandte Kunst, Wien",In Copyright,
/15514/KE_6532_1,,Durchmesser: 19 cm; Höhe: 12.4 cm; Gewicht: 324 g; Höhe: 10 cm; Durchmesser: 6.5 cm,"MAK – Museum of Applied Arts, Vienna; MAK – Museum für angewandte Kunst, Wien",In Copyright,
/15514/KE_7050_35,,Höhe: 13.3 cm; Durchmesser: 22.8 cm; Gewicht: 556 g; Höhe: 13.3 cm; Gewicht: 556 g; Durchmesser: 22.8 cm,"MAK – Museum of Applied Arts, Vienna; MAK – Museum für angewandte Kunst, Wien",In Copyright,
/15514/KE_7050_36,,Höhe: 3.7 cm; Gewicht: 101 g; Durchmesser: 9.8 cm,"MAK – Museum of Applied Arts, Vienna; MAK – Museum für angewandte Kunst, Wien",In Copyright,
/15514/KE_7393_1,,Durchmesser:  cm; Höhe:  cm; Gewicht:  g,"MAK – Museum of Applied Arts, Vienna; MAK – Museum für angewandte Kunst, Wien",In Copyright,
/15514/KE_7393_2,,Durchmesser:  cm; Höhe:  cm; Gewicht:  g,"MAK – Museum of Applied Arts, Vienna; MAK – Museum für angewandte Kunst, Wien",In Copyright,
/15514/KE_7393_3,,Durchmesser:  cm; Höhe:  cm; Gewicht:  g,"MAK – Museum of Applied Arts, Vienna; MAK – Museum für angewandte Kunst, Wien",In Copyright,
/15514/KE_8092,,Höhe: 20.5 cm; Höhe: 20.5 cm; Height: 20.5 cm,"MAK – Museum of Applied Arts, Vienna; MAK – Museum für angewandte Kunst, Wien",In Copyright,
/15514/KE_8109,,Höhe: 12.5 cm; Breite: 20 cm; Tiefe: 9.5 cm; Höhe: 12.5 cm; Height: 12.5 cm; Breite: 20 cm; Tiefe: 9.5 cm; Depth: 9.5 cm,"MAK – Museum of Applied Arts, Vienna; MAK – Museum für angewandte Kunst, Wien",In Copyright,
/15514/KE_830_1,,Durchmesser: 12.6 cm; Gewicht: 217 g; Höhe: 13.2 cm; Durchmesser: 9.4 cm,"MAK – Museum of Applied Arts, Vienna; MAK – Museum für angewandte Kunst, Wien",In Copyright,
/15514/KE_8374,,Länge: 17.5 cm; Höhe: 12.7 cm; Länge: 17.5 cm; Length: 17.5 cm; Height: 12.7 cm; Höhe: 12.7 cm,"MAK – Museum of Applied Arts, Vienna; MAK – Museum für angewandte Kunst, Wien",In Copyright,
/15514/KE_8476,,Höhe (Kanne): 4 cm; Tiefe (Kanne): 7.8 cm; Länge (Kanne): 3.5 cm; Höhe (Kanne): 10.7 cm; Tiefe (Kanne): 2.6 cm; Länge (Kanne): 18.2 cm,"MAK – Museum of Applied Arts, Vienna; MAK – Museum für angewandte Kunst, Wien",In Copyright,
/15514/KE_8554,,Höhe: 22.8 cm; Breite: 24.3 cm; Durchmesser: 15.7 cm,"MAK – Museum of Applied Arts, Vienna; MAK – Museum für angewandte Kunst, Wien",In Copyright,
/15514/KE_8571,,Höhe: 8.5 cm; Durchmesser: 8.3 cm,"MAK – Museum of Applied Arts, Vienna; MAK – Museum für angewandte Kunst, Wien",In Copyright,
/15514/KE_8722,,Höhe: 20 cm; Durchmesser: 13.6 cm; Breite: 16.5 cm,"MAK – Museum of Applied Arts, Vienna; MAK – Museum für angewandte Kunst, Wien",In Copyright,
/15514/KE_887_1,,Höhe: 19.1 cm; Durchmesser: 18.7 cm; Gewicht: 691 g; Höhe: 24.5 cm; Höhe: 19.1 cm; Gewicht: 691 g; Durchmesser: 18.7 cm; Höhe: 24.5 cm,"MAK – Museum of Applied Arts, Vienna; MAK – Museum für angewandte Kunst, Wien",In Copyright,
/15514/KE_8929,,Höhe: 7.2 cm; Durchmesser:  cm; Gewicht:  g,"MAK – Museum of Applied Arts, Vienna; MAK – Museum für angewandte Kunst, Wien",In Copyright,
/15514/KE_9021_1,,Breite: 22.5 cm; Höhe: 6 cm; Gewicht: 651 g; Länge: 31.5 cm; Width: 22.5 cm; Gewicht: 651 g; Breite: 22.5 cm; Length: 31.5 cm; Height: 6 cm; Weight: 651 g; Länge: 31.5 cm; Höhe: 6 cm,"MAK – Museum of Applied Arts, Vienna; MAK – Museum für angewandte Kunst, Wien",In Copyright,
/15514/KE_9021_2,,Durchmesser: 11.3 cm; Höhe: 15.8 cm; Gewicht: 265 g; Höhe: 12.7 cm; Gewicht: 265 g; Höhe: 15.8 cm; Durchmesser: 11.3 cm; Höhe: 12.7 cm,"MAK – Museum of Applied Arts, Vienna; MAK – Museum für angewandte Kunst, Wien",In Copyright,
/15514/KE_9021_3,,Höhe: 3.5 cm; Gewicht: 35 g; Durchmesser: 7.1 cm,"MAK – Museum of Applied Arts, Vienna; MAK – Museum für angewandte Kunst, Wien",In Copyright,
/15514/KE_9021_4,,Höhe: 9.8 cm; Gewicht: 178 g; Durchmesser: 10.3 cm,"MAK – Museum of Applied Arts, Vienna; MAK – Museum für angewandte Kunst, Wien",In Copyright,
/15514/KE_9021_5,,Durchmesser: 9 cm; Höhe: 5.3 cm; Durchmesser: 7.4 cm; Gewicht: 69 g,"MAK – Museum of Applied Arts, Vienna; MAK – Museum für angewandte Kunst, Wien",In Copyright,
/15514/KE_9021_6,,Gewicht: 142 g; Höhe: 3 cm; Durchmesser: 13.4 cm,"MAK – Museum of Applied Arts, Vienna; MAK – Museum für angewandte Kunst, Wien",In Copyright,
/15514/KE_9219_1,,Höhe: 9.6 cm; Gewicht: 688 g; Durchmesser: 18.2 cm; Durchmesser: 27.2 cm; Höhe: 11 cm,"MAK – Museum of Applied Arts, Vienna; MAK – Museum für angewandte Kunst, Wien",In Copyright,
/15514/KE_9655_1,,Durchmesser: 19.8 cm; Gewicht: 675 g; Höhe: 17.3 cm; Durchmesser: 11.8 cm; Höhe: 13.6 cm; Durchmesser: 8.3 cm,"MAK – Museum of Applied Arts, Vienna; MAK – Museum für angewandte Kunst, Wien",In Copyright,
/15514/KE_9775_1,,Höhe: 15.5 cm; Höhe: 12.4 cm; Durchmesser: 18.1 cm; Gewicht:  g,"MAK – Museum of Applied Arts, Vienna; MAK – Museum für angewandte Kunst, Wien",In Copyright,
/15514/KE_9775_2,,Höhe: 5 cm; Durchmesser: 8 cm; Gewicht:  g,"MAK – Museum of Applied Arts, Vienna; MAK – Museum für angewandte Kunst, Wien",In Copyright,
/15514/KE_9775_3,,Höhe: 19.8 cm; Durchmesser: 13 cm; Höhe: 16.8 cm; Gewicht:  g,"MAK – Museum of Applied Arts, Vienna; MAK – Museum für angewandte Kunst, Wien",In Copyright,
/15514/KE_9775_4,,Durchmesser: 6 cm; Gewicht: 45 g; Höhe: 4.3 cm; Gewicht: 45 g; Höhe: 4.3 cm; Durchmesser: 6 cm,"MAK – Museum of Applied Arts, Vienna; MAK – Museum für angewandte Kunst, Wien",In Copyright,
/15514/KE_9775_7,,Gewicht: 261 g; Höhe: 11.7 cm; Durchmesser: 13.6 cm; Höhe: 9.3 cm,"MAK – Museum of Applied Arts, Vienna; MAK – Museum für angewandte Kunst, Wien",In Copyright,
/15514/KE_9775_8,,Durchmesser: 6.2 cm; Gewicht: 54 g; Höhe: 4.3 cm,"MAK – Museum of Applied Arts, Vienna; MAK – Museum für angewandte Kunst, Wien",In Copyright,
/15514/KE_9955_1,,Höhe: 18.7 cm; Gewicht: 644 g; Durchmesser: 30 cm,"MAK – Museum of Applied Arts, Vienna; MAK – Museum für angewandte Kunst, Wien",In Copyright,
/15514/KE_9964_1,,Durchmesser: 21 cm; Höhe: 22.1 cm; Durchmesser: 16.5 cm; Höhe: 13.3 cm; Gewicht: 1042 g,"MAK – Museum of Applied Arts, Vienna; MAK – Museum für angewandte Kunst, Wien",In Copyright,
/15514/KE_9964_2,,Durchmesser: 10.4 cm; Höhe: 2.5 cm; Gewicht: 136 g,"MAK – Museum of Applied Arts, Vienna; MAK – Museum für angewandte Kunst, Wien",In Copyright,
/15514/KHM_267_1,,Breite: 33.1 cm; Höhe: 3.3 cm; Gewicht: 2093 g; Länge: 42.2 cm; Length: 42.2 cm; Weight: 2093 g; Width: 33.1 cm; Gewicht: 2093 g; Höhe: 3.3 cm; Länge: 42.2 cm; Breite: 33.1 cm,"MAK – Museum of Applied Arts, Vienna; MAK – Museum für angewandte Kunst, Wien",In Copyright,
/15514/KHM_267_10,,Höhe: 2.7 cm; Gewicht: 159 g; Durchmesser: 14.5 cm,"MAK – Museum of Applied Arts, Vienna; MAK – Museum für angewandte Kunst, Wien",In Copyright,
/15514/KHM_267_2,,Höhe: 21.4 cm; Durchmesser: 10.2 cm; Gewicht: 379 g; Höhe: 22 cm,"MAK – Museum of Applied Arts, Vienna; MAK – Museum für angewandte Kunst, Wien",In Copyright,
/15514/KHM_267_3,,Durchmesser: 7 cm; Gewicht: 26 g; Höhe: 3.6 cm,"MAK – Museum of Applied Arts, Vienna; MAK – Museum für angewandte Kunst, Wien",In Copyright,
/15514/KHM_267_4,,Höhe: 18.8 cm; Gewicht: 283 g; Durchmesser: 9.5 cm,"MAK – Museum of Applied Arts, Vienna; MAK – Museum für angewandte Kunst, Wien",In Copyright,
/15514/KHM_267_5,,Höhe: 1.3 cm; Durchmesser: 6.1 cm; Gewicht: 16 g,"MAK – Museum of Applied Arts, Vienna; MAK – Museum für angewandte Kunst, Wien",In Copyright,
/15514/KHM_267_6,,Tiefe: 6.6 cm; Gewicht: 184 g; Höhe: 10.8 cm; Breite: 15.7 cm; Tiefe: 6.6 cm; Gewicht: 184 g; Width: 15.7 cm; Height: 10.8 cm; Höhe: 10.8 cm; Depth: 6.6 cm; Weight: 184 g; Breite: 15.7 cm,"MAK – Museum of Applied Arts, Vienna; MAK – Museum für angewandte Kunst, Wien",In Copyright,
/15514/KHM_267_8,,Gewicht: 155 g; Höhe: 12.9 cm; Durchmesser: 14.5 cm,"MAK – Museum of Applied Arts, Vienna; MAK – Museum für angewandte Kunst, Wien",In Copyright,
/15514/KHM_267_9,,Durchmesser: 9.8 cm; Höhe: 7.4 cm; Höhe: 8.3 cm; Gewicht: 141 g; Durchmesser: 7.7 cm,"MAK – Museum of Applied Arts, Vienna; MAK – Museum für angewandte Kunst, Wien",In Copyright,
/15514/KHM_270_1,,Höhe: 8.1 cm; Durchmesser: 17.6 cm; Gewicht: 363 g; Weight: 363 g; Höhe: 8.1 cm; Durchmesser: 17.6 cm; Gewicht: 363 g; Height: 8.1 cm; Diameter: 17.6 cm,"MAK – Museum of Applied Arts, Vienna; MAK – Museum für angewandte Kunst, Wien",In Copyright,
/15514/KHM_270_2,,Gewicht: 53 g; Höhe: 3.3 cm; Durchmesser: 7.3 cm,"MAK – Museum of Applied Arts, Vienna; MAK – Museum für angewandte Kunst, Wien",In Copyright,
/15514/KHM_270_3,,Gewicht: 134 g; Length: 13.8 cm; Länge: 13.8 cm; Höhe: 6.4 cm; Height: 6.4 cm; Weight: 134 g; Länge: 13.8 cm; Höhe: 6.4 cm; Gewicht: 134 g,"MAK – Museum of Applied Arts, Vienna; MAK – Museum für angewandte Kunst, Wien",In Copyright,
/15514/KHM_270_4,,Höhe: 5.1 cm; Höhe: 7.7 cm; Durchmesser: 12.3 cm; Gewicht: 214 g; Durchmesser: 9.7 cm,"MAK – Museum of Applied Arts, Vienna; MAK – Museum für angewandte Kunst, Wien",In Copyright,
/15514/KHM_270_5,,Gewicht: 65 g; Höhe: 3 cm; Durchmesser: 9.9 cm,"MAK – Museum of Applied Arts, Vienna; MAK – Museum für angewandte Kunst, Wien",In Copyright,
/15514/KHM_270_6,,Gewicht: 87 g; Durchmesser: 10.3 cm; Höhe: 4.7 cm; Höhe: 5.3 cm; Durchmesser: 7.8 cm,"MAK – Museum of Applied Arts, Vienna; MAK – Museum für angewandte Kunst, Wien",In Copyright,
/15514/KHM_270_7,,Durchmesser: 13.7 cm; Höhe: 2.7 cm; Gewicht: 129 g,"MAK – Museum of Applied Arts, Vienna; MAK – Museum für angewandte Kunst, Wien",In Copyright,
/15514/KHM_270_8,,Durchmesser: 10.1 cm; Höhe: 4.7 cm; Höhe: 5.4 cm; Gewicht: 83 g; Durchmesser: 7.8 cm,"MAK – Museum of Applied Arts, Vienna; MAK – Museum für angewandte Kunst, Wien",In Copyright,
/15514/KHM_270_9,,Durchmesser: 13.5 cm; Höhe: 2.7 cm; Gewicht: 142 g,"MAK – Museum of Applied Arts, Vienna; MAK – Museum für angewandte Kunst, Wien",In Copyright,
/15514/KHM_421_1,,Durchmesser: 4.5 cm; Länge: 5.6 cm,"MAK – Museum of Applied Arts, Vienna; MAK – Museum für angewandte Kunst, Wien",In Copyright,
/15514/KHM_421_2,,Tiefe: 2.2 cm; Höhe: 5.2 cm; Länge: 4.4 cm; Tiefe: 2.2 cm; Length: 4.4 cm; Höhe: 5.2 cm; Länge: 4.4 cm,"MAK – Museum of Applied Arts, Vienna; MAK – Museum für angewandte Kunst, Wien",In Copyright,
/15514/KI_10075,,Höhe: 10.6 cm; Höhe (Untersatzkarton): 19.1 cm; Breite (Untersatzkarton): 24.5 cm; Breite: 13.3 cm; Width: 13.3 cm; Breite (Untersatzkarton): 24.5 cm; Höhe (Untersatzkarton): 19.1 cm; Height: 10.6 cm; Höhe: 10.6 cm; Breite: 13.3 cm,"MAK – Museum of Applied Arts, Vienna; MAK – Museum für angewandte Kunst, Wien",In Copyright,
/15514/KI_10906,,Breite: 22.2 cm; Höhe: 17.8 cm; Breite: 22.2 cm; Höhe: 17.8 cm; Height: 17.8 cm,"MAK – Museum of Applied Arts, Vienna; MAK – Museum für angewandte Kunst, Wien",In Copyright,
/15514/KI_11525_3,,Height: 19.3 cm; Höhe: 19.3 cm; Width: 38.1 cm; Breite: 38.1 cm; Höhe: 19.3 cm; Breite: 38.1 cm,"MAK – Museum of Applied Arts, Vienna; MAK – Museum für angewandte Kunst, Wien",In Copyright,
/15514/KI_11525_6,,Breite: 33.4 cm; Height: 40.5 cm; Width: 33.4 cm; Höhe: 40.5 cm; Breite: 33.4 cm; Höhe: 40.5 cm,"MAK – Museum of Applied Arts, Vienna; MAK – Museum für angewandte Kunst, Wien",In Copyright,
/15514/KI_11562_1,,Breite: 26 cm; Height: 41.5 cm; Höhe: 41.5 cm; Breite: 26 cm; Höhe: 41.5 cm,"MAK – Museum of Applied Arts, Vienna; MAK – Museum für angewandte Kunst, Wien",In Copyright,
/15514/KI_11570_3,,Breite: 20.5 cm; Höhe: 11 cm; Height: 11 cm; Width: 20.5 cm; Breite: 20.5 cm; Höhe: 11 cm,"MAK – Museum of Applied Arts, Vienna; MAK – Museum für angewandte Kunst, Wien",In Copyright,
/15514/KI_11582,,Breite: 15.5 cm; Höhe: 21 cm; Height: 21 cm; Höhe: 21 cm,"MAK – Museum of Applied Arts, Vienna; MAK – Museum für angewandte Kunst, Wien",In Copyright,
/15514/KI_11794_10,,Breite: 50 cm; Höhe: 35 cm; Height: 35 cm; Breite: 50 cm; Höhe: 35 cm,"MAK – Museum of Applied Arts, Vienna; MAK – Museum für angewandte Kunst, Wien",In Copyright,
/15514/KI_11794_12,,Breite: 50 cm; Höhe: 35 cm; Height: 35 cm; Breite: 50 cm; Höhe: 35 cm,"MAK – Museum of Applied Arts, Vienna; MAK – Museum für angewandte Kunst, Wien",In Copyright,
/15514/KI_11794_13,,Breite: 50 cm; Höhe: 35 cm; Height: 35 cm; Breite: 50 cm; Höhe: 35 cm,"MAK – Museum of Applied Arts, Vienna; MAK – Museum für angewandte Kunst, Wien",In Copyright,
/15514/KI_11794_14,,Breite: 50 cm; Höhe: 35 cm; Height: 35 cm; Breite: 50 cm; Höhe: 35 cm,"MAK – Museum of Applied Arts, Vienna; MAK – Museum für angewandte Kunst, Wien",In Copyright,
/15514/KI_11794_2,,Breite: 50 cm; Höhe: 35 cm; Height: 35 cm; Breite: 50 cm; Höhe: 35 cm,"MAK – Museum of Applied Arts, Vienna; MAK – Museum für angewandte Kunst, Wien",In Copyright,
/15514/KI_11794_4,,Breite: 50 cm; Höhe: 35 cm; Height: 35 cm; Breite: 50 cm; Höhe: 35 cm,"MAK – Museum of Applied Arts, Vienna; MAK – Museum für angewandte Kunst, Wien",In Copyright,
/15514/KI_11794_6,,Breite: 50 cm; Höhe: 35 cm; Height: 35 cm; Breite: 50 cm; Höhe: 35 cm,"MAK – Museum of Applied Arts, Vienna; MAK – Museum für angewandte Kunst, Wien",In Copyright,
/15514/KI_11794_7,,Breite: 50 cm; Höhe: 35 cm; Height: 35 cm; Breite: 50 cm; Höhe: 35 cm,"MAK – Museum of Applied Arts, Vienna; MAK – Museum für angewandte Kunst, Wien",In Copyright,
/15514/KI_11794_8,,Breite: 50 cm; Höhe: 35 cm; Height: 35 cm; Breite: 50 cm; Höhe: 35 cm,"MAK – Museum of Applied Arts, Vienna; MAK – Museum für angewandte Kunst, Wien",In Copyright,
/15514/KI_11794_9,,Breite: 50 cm; Höhe: 35 cm; Height: 35 cm; Breite: 50 cm; Höhe: 35 cm,"MAK – Museum of Applied Arts, Vienna; MAK – Museum für angewandte Kunst, Wien",In Copyright,
/15514/KI_11836,,Höhe: 30.5 cm; Breite: 46 cm,"MAK – Museum of Applied Arts, Vienna; MAK – Museum für angewandte Kunst, Wien",In Copyright,
/15514/KI_12015_1,,Höhe: 33.5 cm; Breite: 20.5 cm; Width: 20.5 cm; Height: 33.5 cm; Höhe: 33.5 cm; Breite: 20.5 cm,"MAK – Museum of Applied Arts, Vienna; MAK – Museum für angewandte Kunst, Wien",In Copyright,
/15514/KI_12015_2,,Breite: 20 cm; Höhe: 33.5 cm; Height: 33.5 cm; Breite: 20 cm; Höhe: 33.5 cm,"MAK – Museum of Applied Arts, Vienna; MAK – Museum für angewandte Kunst, Wien",In Copyright,
/15514/KI_12015_3,,Höhe: 20 cm; Breite: 34 cm; Höhe: 20 cm; Breite: 34 cm; Height: 20 cm,"MAK – Museum of Applied Arts, Vienna; MAK – Museum für angewandte Kunst, Wien",In Copyright,
/15514/KI_12016_10,,Height: 21.5 cm; Höhe: 21.5 cm; Breite: 31 cm; Höhe: 21.5 cm; Breite: 31 cm,"MAK – Museum of Applied Arts, Vienna; MAK – Museum für angewandte Kunst, Wien",In Copyright,
/15514/KI_12016_11,,Breite: 28.5 cm; Höhe: 22 cm; Breite: 28.5 cm; Width: 28.5 cm; Height: 22 cm; Höhe: 22 cm,"MAK – Museum of Applied Arts, Vienna; MAK – Museum für angewandte Kunst, Wien",In Copyright,
/15514/KI_12016_4,,Höhe: 33 cm; Breite: 20 cm; Höhe: 33 cm; Breite: 20 cm; Height: 33 cm,"MAK – Museum of Applied Arts, Vienna; MAK – Museum für angewandte Kunst, Wien",In Copyright,
/15514/KI_12016_5,,Breite: 17.5 cm; Höhe: 29.5 cm; Width: 17.5 cm; Height: 29.5 cm; Breite: 17.5 cm; Höhe: 29.5 cm,"MAK – Museum of Applied Arts, Vienna; MAK – Museum für angewandte Kunst, Wien",In Copyright,
/15514/KI_12016_7,,Höhe: 33.5 cm; Breite: 20.5 cm; Width: 20.5 cm; Height: 33.5 cm; Höhe: 33.5 cm; Breite: 20.5 cm,"MAK – Museum of Applied Arts, Vienna; MAK – Museum für angewandte Kunst, Wien",In Copyright,
/15514/KI_12016_9,,Höhe: 20.5 cm; Breite: 33.5 cm; Höhe: 20.5 cm; Breite: 33.5 cm; Height: 20.5 cm; Width: 33.5 cm,"MAK – Museum of Applied Arts, Vienna; MAK – Museum für angewandte Kunst, Wien",In Copyright,
/15514/KI_12017_12,,Höhe: 20.5 cm; Breite: 31.5 cm; Höhe: 20.5 cm; Width: 31.5 cm; Breite: 31.5 cm; Height: 20.5 cm,"MAK – Museum of Applied Arts, Vienna; MAK – Museum für angewandte Kunst, Wien",In Copyright,
/15514/KI_12017_13,,Breite: 26.5 cm; Höhe: 20.5 cm; Breite: 26.5 cm; Höhe: 20.5 cm; Height: 20.5 cm; Width: 26.5 cm,"MAK – Museum of Applied Arts, Vienna; MAK – Museum für angewandte Kunst, Wien",In Copyright,
/15514/KI_12017_15,,Breite: 20 cm; Height: 34 cm; Höhe: 34 cm; Breite: 20 cm; Höhe: 34 cm,"MAK – Museum of Applied Arts, Vienna; MAK – Museum für angewandte Kunst, Wien",In Copyright,
/15514/KI_12017_16,,Höhe: 20 cm; Breite: 33 cm; Höhe: 20 cm; Breite: 33 cm; Height: 20 cm,"MAK – Museum of Applied Arts, Vienna; MAK – Museum für angewandte Kunst, Wien",In Copyright,
/15514/KI_12017_17_1,,Höhe: 20.5 cm; Breite: 33.5 cm; Höhe: 20.5 cm; Breite: 33.5 cm; Height: 20.5 cm; Width: 33.5 cm,"MAK – Museum of Applied Arts, Vienna; MAK – Museum für angewandte Kunst, Wien",In Copyright,
/15514/KI_12017_17_2,,Höhe: 20.5 cm; Breite: 33.5 cm; Höhe: 20.5 cm; Breite: 33.5 cm; Height: 20.5 cm; Width: 33.5 cm,"MAK – Museum of Applied Arts, Vienna; MAK – Museum für angewandte Kunst, Wien",In Copyright,
/15514/KI_12017_18,,Höhe: 20.5 cm; Breite: 33.5 cm; Höhe: 20.5 cm; Breite: 33.5 cm; Height: 20.5 cm; Width: 33.5 cm,"MAK – Museum of Applied Arts, Vienna; MAK – Museum für angewandte Kunst, Wien",In Copyright,
/15514/KI_12017_2,,Höhe: 20.5 cm; Breite: 33 cm; Höhe: 20.5 cm; Height: 20.5 cm; Breite: 33 cm,"MAK – Museum of Applied Arts, Vienna; MAK – Museum für angewandte Kunst, Wien",In Copyright,
/15514/KI_12017_20,,Breite: 21 cm; Height: 34 cm; Höhe: 34 cm; Breite: 21 cm; Höhe: 34 cm,"MAK – Museum of Applied Arts, Vienna; MAK – Museum für angewandte Kunst, Wien",In Copyright,
/15514/KI_12017_21,,Breite: 34 cm; Höhe: 21 cm; Breite: 34 cm; Höhe: 21 cm; Height: 21 cm,"MAK – Museum of Applied Arts, Vienna; MAK – Museum für angewandte Kunst, Wien",In Copyright,
/15514/KI_12017_22,,Breite: 34.5 cm; Höhe: 19 cm; Breite: 34.5 cm; Width: 34.5 cm; Height: 19 cm; Höhe: 19 cm,"MAK – Museum of Applied Arts, Vienna; MAK – Museum für angewandte Kunst, Wien",In Copyright,
/15514/KI_12017_4,,Height: 18 cm; Höhe: 18 cm; Breite: 29.5 cm; Width: 29.5 cm; Höhe: 18 cm; Breite: 29.5 cm,"MAK – Museum of Applied Arts, Vienna; MAK – Museum für angewandte Kunst, Wien",In Copyright,
/15514/KI_12017_6,,Breite: 39 cm; Height: 31 cm; Höhe: 31 cm; Breite: 39 cm; Höhe: 31 cm,"MAK – Museum of Applied Arts, Vienna; MAK – Museum für angewandte Kunst, Wien",In Copyright,
/15514/KI_12017_8,,Höhe: 20 cm; Breite: 33.5 cm; Höhe: 20 cm; Breite: 33.5 cm; Width: 33.5 cm; Height: 20 cm,"MAK – Museum of Applied Arts, Vienna; MAK – Museum für angewandte Kunst, Wien",In Copyright,
/15514/KI_12050_10,,Breite: 35.5 cm; Height: 30 cm; Width: 35.5 cm; Höhe: 30 cm; Breite: 35.5 cm; Höhe: 30 cm,"MAK – Museum of Applied Arts, Vienna; MAK – Museum für angewandte Kunst, Wien",In Copyright,
/15514/KI_12050_4,,Höhe: 20 cm; Breite: 34 cm; Höhe: 20 cm; Breite: 34 cm; Height: 20 cm,"MAK – Museum of Applied Arts, Vienna; MAK – Museum für angewandte Kunst, Wien",In Copyright,
/15514/KI_12050_7,,Höhe: 20.5 cm; Breite: 33.5 cm; Höhe: 20.5 cm; Breite: 33.5 cm; Height: 20.5 cm; Width: 33.5 cm,"MAK – Museum of Applied Arts, Vienna; MAK – Museum für angewandte Kunst, Wien",In Copyright,
/15514/KI_12051_14,,Breite: 34 cm; Höhe: 21 cm; Breite: 34 cm; Höhe: 21 cm; Height: 21 cm,"MAK – Museum of Applied Arts, Vienna; MAK – Museum für angewandte Kunst, Wien",In Copyright,
/15514/KI_12051_15,,Breite: 21 cm; Height: 34 cm; Höhe: 34 cm; Breite: 21 cm; Höhe: 34 cm,"MAK – Museum of Applied Arts, Vienna; MAK – Museum für angewandte Kunst, Wien",In Copyright,
/15514/KI_12051_16,,Breite: 21 cm; Height: 34 cm; Höhe: 34 cm; Breite: 21 cm; Höhe: 34 cm,"MAK – Museum of Applied Arts, Vienna; MAK – Museum für angewandte Kunst, Wien",In Copyright,
/15514/KI_12051_18,,Breite: 34 cm; Höhe: 21 cm; Breite: 34 cm; Höhe: 21 cm; Height: 21 cm,"MAK – Museum of Applied Arts, Vienna; MAK – Museum für angewandte Kunst, Wien",In Copyright,
/15514/KI_12051_19,,Höhe: 30.5 cm; Breite: 46 cm,"MAK – Museum of Applied Arts, Vienna; MAK – Museum für angewandte Kunst, Wien",In Copyright,
/15514/KI_12051_2,,Breite: 29 cm; Height: 44.5 cm; Höhe: 44.5 cm; Breite: 29 cm; Höhe: 44.5 cm,"MAK – Museum of Applied Arts, Vienna; MAK – Museum für angewandte Kunst, Wien",In Copyright,
/15514/KI_12051_20,,Höhe: 20 cm; Breite: 33.5 cm; Höhe: 20 cm; Breite: 33.5 cm; Width: 33.5 cm; Height: 20 cm,"MAK – Museum of Applied Arts, Vienna; MAK – Museum für angewandte Kunst, Wien",In Copyright,
/15514/KI_12051_3,,Höhe: 20.5 cm; Breite: 33.5 cm; Höhe: 20.5 cm; Breite: 33.5 cm; Height: 20.5 cm; Width: 33.5 cm,"MAK – Museum of Applied Arts, Vienna; MAK – Museum für angewandte Kunst, Wien",In Copyright,
/15514/KI_12051_4,,Höhe: 20.5 cm; Breite: 33.5 cm; Höhe: 20.5 cm; Breite: 33.5 cm; Height: 20.5 cm; Width: 33.5 cm,"MAK – Museum of Applied Arts, Vienna; MAK – Museum für angewandte Kunst, Wien",In Copyright,
/15514/KI_12051_6,,Höhe: 20.5 cm; Breite: 33.5 cm; Höhe: 20.5 cm; Breite: 33.5 cm; Height: 20.5 cm; Width: 33.5 cm,"MAK – Museum of Applied Arts, Vienna; MAK – Museum für angewandte Kunst, Wien",In Copyright,
/15514/KI_12051_8,,Höhe: 20.5 cm; Breite: 33.5 cm; Höhe: 20.5 cm; Breite: 33.5 cm; Height: 20.5 cm; Width: 33.5 cm,"MAK – Museum of Applied Arts, Vienna; MAK – Museum für angewandte Kunst, Wien",In Copyright,
/15514/KI_12052_1,,Breite: 41.5 cm; Höhe: 34 cm; Breite: 41.5 cm; Width: 41.5 cm; Height: 34 cm; Höhe: 34 cm,"MAK – Museum of Applied Arts, Vienna; MAK – Museum für angewandte Kunst, Wien",In Copyright,
/15514/KI_12052_10,,Height: 18.5 cm; Höhe: 18.5 cm; Breite: 31 cm; Höhe: 18.5 cm; Breite: 31 cm,"MAK – Museum of Applied Arts, Vienna; MAK – Museum für angewandte Kunst, Wien",In Copyright,
/15514/KI_12052_11_1,,Breite: 30 cm; Height: 16 cm; Höhe: 16 cm; Breite: 30 cm; Höhe: 16 cm,"MAK – Museum of Applied Arts, Vienna; MAK – Museum für angewandte Kunst, Wien",In Copyright,
/15514/KI_12052_11_2,,Breite: 30 cm; Height: 16 cm; Höhe: 16 cm; Breite: 30 cm; Höhe: 16 cm,"MAK – Museum of Applied Arts, Vienna; MAK – Museum für angewandte Kunst, Wien",In Copyright,
/15514/KI_12052_12,,Breite: 28.5 cm; Höhe: 19 cm; Breite: 28.5 cm; Width: 28.5 cm; Height: 19 cm; Höhe: 19 cm,"MAK – Museum of Applied Arts, Vienna; MAK – Museum für angewandte Kunst, Wien",In Copyright,
/15514/KI_12052_14,,Breite: 19 cm; Höhe: 32 cm; Breite: 19 cm; Höhe: 32 cm; Height: 32 cm,"MAK – Museum of Applied Arts, Vienna; MAK – Museum für angewandte Kunst, Wien",In Copyright,
/15514/KI_12052_17,,Höhe: 33 cm; Breite: 20.5 cm; Width: 20.5 cm; Höhe: 33 cm; Breite: 20.5 cm; Height: 33 cm,"MAK – Museum of Applied Arts, Vienna; MAK – Museum für angewandte Kunst, Wien",In Copyright,
/15514/KI_12052_2,,Höhe: 20 cm; Breite: 33.5 cm; Höhe: 20 cm; Breite: 33.5 cm; Width: 33.5 cm; Height: 20 cm,"MAK – Museum of Applied Arts, Vienna; MAK – Museum für angewandte Kunst, Wien",In Copyright,
/15514/KI_12052_21,,Höhe: 20.5 cm; Breite: 32.5 cm; Höhe: 20.5 cm; Height: 20.5 cm; Width: 32.5 cm; Breite: 32.5 cm,"MAK – Museum of Applied Arts, Vienna; MAK – Museum für angewandte Kunst, Wien",In Copyright,
/15514/KI_12052_22,,Höhe: 20 cm; Breite: 33 cm; Höhe: 20 cm; Breite: 33 cm; Height: 20 cm,"MAK – Museum of Applied Arts, Vienna; MAK – Museum für angewandte Kunst, Wien",In Copyright,
/15514/KI_12052_23,,Höhe: 33 cm; Breite: 20 cm; Höhe: 33 cm; Breite: 20 cm; Height: 33 cm,"MAK – Museum of Applied Arts, Vienna; MAK – Museum für angewandte Kunst, Wien",In Copyright,
/15514/KI_12052_24,,Höhe: 20 cm; Breite: 33 cm; Höhe: 20 cm; Breite: 33 cm; Height: 20 cm,"MAK – Museum of Applied Arts, Vienna; MAK – Museum für angewandte Kunst, Wien",In Copyright,
/15514/KI_12052_31,,Höhe: 20.5 cm; Breite: 33.5 cm; Höhe: 20.5 cm; Breite: 33.5 cm; Height: 20.5 cm; Width: 33.5 cm,"MAK – Museum of Applied Arts, Vienna; MAK – Museum für angewandte Kunst, Wien",In Copyright,
/15514/KI_12052_35,,Höhe: 33.5 cm; Breite: 20.5 cm; Width: 20.5 cm; Height: 33.5 cm; Höhe: 33.5 cm; Breite: 20.5 cm,"MAK – Museum of Applied Arts, Vienna; MAK – Museum für angewandte Kunst, Wien",In Copyright,
/15514/KI_12052_37,,Höhe: 20.5 cm; Breite: 33 cm; Höhe: 20.5 cm; Height: 20.5 cm; Breite: 33 cm,"MAK – Museum of Applied Arts, Vienna; MAK – Museum für angewandte Kunst, Wien",In Copyright,
/15514/KI_12052_38,,Höhe: 20.5 cm; Breite: 34 cm; Höhe: 20.5 cm; Height: 20.5 cm; Breite: 34 cm,"MAK – Museum of Applied Arts, Vienna; MAK – Museum für angewandte Kunst, Wien",In Copyright,
/15514/KI_12052_5,,Breite: 20 cm; Höhe: 33.5 cm; Height: 33.5 cm; Breite: 20 cm; Höhe: 33.5 cm,"MAK – Museum of Applied Arts, Vienna; MAK – Museum für angewandte Kunst, Wien",In Copyright,
/15514/KI_12052_6,,Breite: 21 cm; Höhe: 31.5 cm; Breite: 21 cm; Höhe: 31.5 cm; Height: 31.5 cm,"MAK – Museum of Applied Arts, Vienna; MAK – Museum für angewandte Kunst, Wien",In Copyright,
/15514/KI_12052_7,,Höhe: 33 cm; Breite: 20 cm; Höhe: 33 cm; Breite: 20 cm; Height: 33 cm,"MAK – Museum of Applied Arts, Vienna; MAK – Museum für angewandte Kunst, Wien",In Copyright,
/15514/KI_12052_8,,Höhe: 20.5 cm; Breite: 33 cm; Höhe: 20.5 cm; Height: 20.5 cm; Breite: 33 cm,"MAK – Museum of Applied Arts, Vienna; MAK – Museum für angewandte Kunst, Wien",In Copyright,
/15514/KI_12052_9,,Breite: 20 cm; Height: 34 cm; Höhe: 34 cm; Breite: 20 cm; Höhe: 34 cm,"MAK – Museum of Applied Arts, Vienna; MAK – Museum für angewandte Kunst, Wien",In Copyright,
/15514/KI_12053_1,,Höhe: 20.5 cm; Breite: 32.5 cm; Höhe: 20.5 cm; Height: 20.5 cm; Width: 32.5 cm; Breite: 32.5 cm,"MAK – Museum of Applied Arts, Vienna; MAK – Museum für angewandte Kunst, Wien",In Copyright,
/15514/KI_12053_12,,Höhe: 20.5 cm; Breite: 33.5 cm; Höhe: 20.5 cm; Breite: 33.5 cm; Height: 20.5 cm; Width: 33.5 cm,"MAK – Museum of Applied Arts, Vienna; MAK – Museum für angewandte Kunst, Wien",In Copyright,
/15514/KI_12053_15,,Höhe: 20.5 cm; Breite: 33.5 cm; Höhe: 20.5 cm; Breite: 33.5 cm; Height: 20.5 cm; Width: 33.5 cm,"MAK – Museum of Applied Arts, Vienna; MAK – Museum für angewandte Kunst, Wien",In Copyright,
/15514/KI_12053_16,,Höhe: 28.5 cm; Breite: 20.5 cm; Width: 20.5 cm; Höhe: 28.5 cm; Height: 28.5 cm; Breite: 20.5 cm,"MAK – Museum of Applied Arts, Vienna; MAK – Museum für angewandte Kunst, Wien",In Copyright,
/15514/KI_12053_18,,Höhe: 20 cm; Breite: 33 cm; Höhe: 20 cm; Breite: 33 cm; Height: 20 cm,"MAK – Museum of Applied Arts, Vienna; MAK – Museum für angewandte Kunst, Wien",In Copyright,
/15514/KI_12053_19,,Höhe: 20.5 cm; Breite: 34 cm; Höhe: 20.5 cm; Height: 20.5 cm; Breite: 34 cm,"MAK – Museum of Applied Arts, Vienna; MAK – Museum für angewandte Kunst, Wien",In Copyright,
/15514/KI_12053_2,,Höhe: 19.5 cm; Breite: 32.5 cm; Höhe: 19.5 cm; Width: 32.5 cm; Breite: 32.5 cm; Height: 19.5 cm,"MAK – Museum of Applied Arts, Vienna; MAK – Museum für angewandte Kunst, Wien",In Copyright,
/15514/KI_12053_22,,Höhe: 20 cm; Breite: 33 cm; Höhe: 20 cm; Breite: 33 cm; Height: 20 cm,"MAK – Museum of Applied Arts, Vienna; MAK – Museum für angewandte Kunst, Wien",In Copyright,
/15514/KI_12053_23_2,,Höhe: 30.5 cm; Breite: 18 cm,"MAK – Museum of Applied Arts, Vienna; MAK – Museum für angewandte Kunst, Wien",In Copyright,
/15514/KI_12053_24_1,,Höhe: 19.5 cm; Breite: 33 cm; Höhe: 19.5 cm; Breite: 33 cm; Height: 19.5 cm,"MAK – Museum of Applied Arts, Vienna; MAK – Museum für angewandte Kunst, Wien",In Copyright,
/15514/KI_12053_24_2,,Höhe: 19.5 cm; Breite: 33 cm; Höhe: 19.5 cm; Breite: 33 cm; Height: 19.5 cm,"MAK – Museum of Applied Arts, Vienna; MAK – Museum für angewandte Kunst, Wien",In Copyright,
/15514/KI_12053_26,,Höhe: 20 cm; Breite: 33 cm; Höhe: 20 cm; Breite: 33 cm; Height: 20 cm,"MAK – Museum of Applied Arts, Vienna; MAK – Museum für angewandte Kunst, Wien",In Copyright,
/15514/KI_12053_28,,Breite: 20 cm; Höhe: 24 cm; Breite: 20 cm; Höhe: 24 cm; Height: 24 cm,"MAK – Museum of Applied Arts, Vienna; MAK – Museum für angewandte Kunst, Wien",In Copyright,
/15514/KI_12053_30,,Höhe: 20.5 cm; Breite: 34 cm; Höhe: 20.5 cm; Height: 20.5 cm; Breite: 34 cm,"MAK – Museum of Applied Arts, Vienna; MAK – Museum für angewandte Kunst, Wien",In Copyright,
/15514/KI_12053_4,,Höhe: 20.5 cm; Breite: 31.5 cm; Höhe: 20.5 cm; Width: 31.5 cm; Breite: 31.5 cm; Height: 20.5 cm,"MAK – Museum of Applied Arts, Vienna; MAK – Museum für angewandte Kunst, Wien",In Copyright,
/15514/KI_12053_8,,Höhe: 20.5 cm; Breite: 33 cm; Höhe: 20.5 cm; Height: 20.5 cm; Breite: 33 cm,"MAK – Museum of Applied Arts, Vienna; MAK – Museum für angewandte Kunst, Wien",In Copyright,
/15514/KI_12054_1,,Höhe: 20 cm; Breite: 33 cm; Höhe: 20 cm; Breite: 33 cm; Height: 20 cm,"MAK – Museum of Applied Arts, Vienna; MAK – Museum für angewandte Kunst, Wien",In Copyright,
/15514/KI_12054_11,,Höhe: 33.5 cm; Breite: 20.5 cm; Width: 20.5 cm; Height: 33.5 cm; Höhe: 33.5 cm; Breite: 20.5 cm,"MAK – Museum of Applied Arts, Vienna; MAK – Museum für angewandte Kunst, Wien",In Copyright,
/15514/KI_12054_12_1,,Höhe: 20.5 cm; Breite: 33.5 cm; Höhe: 20.5 cm; Breite: 33.5 cm; Height: 20.5 cm; Width: 33.5 cm,"MAK – Museum of Applied Arts, Vienna; MAK – Museum für angewandte Kunst, Wien",In Copyright,
/15514/KI_12054_12_2,,Höhe: 20.5 cm; Breite: 33.5 cm; Höhe: 20.5 cm; Breite: 33.5 cm; Height: 20.5 cm; Width: 33.5 cm,"MAK – Museum of Applied Arts, Vienna; MAK – Museum für angewandte Kunst, Wien",In Copyright,
/15514/KI_12054_14,,Höhe: 20 cm; Breite: 33 cm; Höhe: 20 cm; Breite: 33 cm; Height: 20 cm,"MAK – Museum of Applied Arts, Vienna; MAK – Museum für angewandte Kunst, Wien",In Copyright,
/15514/KI_12054_16,,Höhe: 13 cm; Breite: 22.5 cm; Höhe: 13 cm; Breite: 22.5 cm; Width: 22.5 cm; Height: 13 cm,"MAK – Museum of Applied Arts, Vienna; MAK – Museum für angewandte Kunst, Wien",In Copyright,
/15514/KI_12054_17,,Höhe: 20 cm; Breite: 32 cm; Höhe: 20 cm; Breite: 32 cm; Height: 20 cm,"MAK – Museum of Applied Arts, Vienna; MAK – Museum für angewandte Kunst, Wien",In Copyright,
/15514/KI_12054_19,,Breite: 24 cm; Height: 11 cm; Höhe: 11 cm; Breite: 24 cm; Höhe: 11 cm,"MAK – Museum of Applied Arts, Vienna; MAK – Museum für angewandte Kunst, Wien",In Copyright,
/15514/KI_12054_20,,Höhe: 19.5 cm; Breite: 33 cm; Höhe: 19.5 cm; Breite: 33 cm; Height: 19.5 cm,"MAK – Museum of Applied Arts, Vienna; MAK – Museum für angewandte Kunst, Wien",In Copyright,
/15514/KI_12054_23,,Height: 31 cm; Höhe: 31 cm; Breite: 23 cm; Höhe: 31 cm; Breite: 23 cm,"MAK – Museum of Applied Arts, Vienna; MAK – Museum für angewandte Kunst, Wien",In Copyright,
/15514/KI_12054_25,,Höhe: 20.5 cm; Breite: 34.5 cm; Höhe: 20.5 cm; Width: 34.5 cm; Height: 20.5 cm; Breite: 34.5 cm,"MAK – Museum of Applied Arts, Vienna; MAK – Museum für angewandte Kunst, Wien",In Copyright,
/15514/KI_12054_26_1,,Breite: 34 cm; Höhe: 21 cm; Breite: 34 cm; Höhe: 21 cm; Height: 21 cm,"MAK – Museum of Applied Arts, Vienna; MAK – Museum für angewandte Kunst, Wien",In Copyright,
/15514/KI_12054_26_2,,Breite: 34 cm; Höhe: 21 cm; Breite: 34 cm; Höhe: 21 cm; Height: 21 cm,"MAK – Museum of Applied Arts, Vienna; MAK – Museum für angewandte Kunst, Wien",In Copyright,
/15514/KI_12054_27,,Breite: 42 cm; Höhe: 32.5 cm; Breite: 42 cm; Höhe: 32.5 cm; Height: 32.5 cm,"MAK – Museum of Applied Arts, Vienna; MAK – Museum für angewandte Kunst, Wien",In Copyright,
/15514/KI_12054_28,,Breite: 33 cm; Höhe: 21 cm; Height: 21 cm; Breite: 33 cm; Höhe: 21 cm,"MAK – Museum of Applied Arts, Vienna; MAK – Museum für angewandte Kunst, Wien",In Copyright,
/15514/KI_12054_29,,Höhe: 20.5 cm; Breite: 33.5 cm; Höhe: 20.5 cm; Breite: 33.5 cm; Height: 20.5 cm; Width: 33.5 cm,"MAK – Museum of Applied Arts, Vienna; MAK – Museum für angewandte Kunst, Wien",In Copyright,
/15514/KI_12054_30,,Höhe: 20.5 cm; Breite: 33.5 cm; Höhe: 20.5 cm; Breite: 33.5 cm; Height: 20.5 cm; Width: 33.5 cm,"MAK – Museum of Applied Arts, Vienna; MAK – Museum für angewandte Kunst, Wien",In Copyright,
/15514/KI_12054_3_1,,Höhe: 20.5 cm; Breite: 34 cm; Höhe: 20.5 cm; Height: 20.5 cm; Breite: 34 cm,"MAK – Museum of Applied Arts, Vienna; MAK – Museum für angewandte Kunst, Wien",In Copyright,
/15514/KI_12054_3_2,,Höhe: 20.5 cm; Breite: 34 cm; Höhe: 20.5 cm; Height: 20.5 cm; Breite: 34 cm,"MAK – Museum of Applied Arts, Vienna; MAK – Museum für angewandte Kunst, Wien",In Copyright,
/15514/KI_12054_4_1,,Höhe: 20.5 cm; Breite: 34 cm; Höhe: 20.5 cm; Height: 20.5 cm; Breite: 34 cm,"MAK – Museum of Applied Arts, Vienna; MAK – Museum für angewandte Kunst, Wien",In Copyright,
/15514/KI_12054_4_2,,Höhe: 20.5 cm; Breite: 34 cm; Höhe: 20.5 cm; Height: 20.5 cm; Breite: 34 cm,"MAK – Museum of Applied Arts, Vienna; MAK – Museum für angewandte Kunst, Wien",In Copyright,
/15514/KI_12054_6,,Breite: 16.5 cm; Höhe: 26 cm; Height: 26 cm; Width: 16.5 cm; Breite: 16.5 cm; Höhe: 26 cm,"MAK – Museum of Applied Arts, Vienna; MAK – Museum für angewandte Kunst, Wien",In Copyright,
/15514/KI_12054_7_1,,Breite: 30.5 cm; Höhe: 18 cm; Breite: 30.5 cm; Höhe: 18 cm; Height: 18 cm,"MAK – Museum of Applied Arts, Vienna; MAK – Museum für angewandte Kunst, Wien",In Copyright,
/15514/KI_12055_1,,Breite: 62 cm; Height: 47 cm; Höhe: 47 cm; Breite: 62 cm; Höhe: 47 cm,"MAK – Museum of Applied Arts, Vienna; MAK – Museum für angewandte Kunst, Wien",In Copyright,
/15514/KI_12055_12,,Breite: 25 cm; Height: 16 cm; Höhe: 16 cm; Breite: 25 cm; Höhe: 16 cm,"MAK – Museum of Applied Arts, Vienna; MAK – Museum für angewandte Kunst, Wien",In Copyright,
/15514/KI_12055_13_1,,Höhe: 28.5 cm; Breite: 21.5 cm; Höhe: 28.5 cm; Height: 28.5 cm; Breite: 21.5 cm; Width: 21.5 cm,"MAK – Museum of Applied Arts, Vienna; MAK – Museum für angewandte Kunst, Wien",In Copyright,
/15514/KI_12055_14,,Breite: 28.5 cm; Höhe: 38 cm; Breite: 28.5 cm; Width: 28.5 cm; Höhe: 38 cm; Height: 38 cm,"MAK – Museum of Applied Arts, Vienna; MAK – Museum für angewandte Kunst, Wien",In Copyright,
/15514/KI_12055_16,,Breite: 26.5 cm; Height: 38.5 cm; Höhe: 38.5 cm; Width: 26.5 cm; Breite: 26.5 cm; Höhe: 38.5 cm,"MAK – Museum of Applied Arts, Vienna; MAK – Museum für angewandte Kunst, Wien",In Copyright,
/15514/KI_12055_2,,Breite: 20 cm; Höhe: 32 cm; Breite: 20 cm; Höhe: 32 cm; Height: 32 cm,"MAK – Museum of Applied Arts, Vienna; MAK – Museum für angewandte Kunst, Wien",In Copyright,
/15514/KI_12055_21,,Höhe: 20.5 cm; Breite: 33 cm; Höhe: 20.5 cm; Height: 20.5 cm; Breite: 33 cm,"MAK – Museum of Applied Arts, Vienna; MAK – Museum für angewandte Kunst, Wien",In Copyright,
/15514/KI_12055_22,,Height: 12 cm; Höhe: 12 cm; Breite: 18 cm; Höhe: 12 cm; Breite: 18 cm,"MAK – Museum of Applied Arts, Vienna; MAK – Museum für angewandte Kunst, Wien",In Copyright,
/15514/KI_12055_23,,Höhe: 20 cm; Breite: 32.5 cm; Höhe: 20 cm; Width: 32.5 cm; Breite: 32.5 cm; Height: 20 cm,"MAK – Museum of Applied Arts, Vienna; MAK – Museum für angewandte Kunst, Wien",In Copyright,
/15514/KI_12055_24,,Höhe: 20.5 cm; Breite: 33.5 cm; Höhe: 20.5 cm; Breite: 33.5 cm; Height: 20.5 cm; Width: 33.5 cm,"MAK – Museum of Applied Arts, Vienna; MAK – Museum für angewandte Kunst, Wien",In Copyright,
/15514/KI_12055_25,,Height: 31 cm; Höhe: 31 cm; Breite: 24.5 cm; Höhe: 31 cm; Breite: 24.5 cm,"MAK – Museum of Applied Arts, Vienna; MAK – Museum für angewandte Kunst, Wien",In Copyright,
/15514/KI_12055_29_1,,Breite: 34 cm; Höhe: 21 cm; Breite: 34 cm; Höhe: 21 cm; Height: 21 cm,"MAK – Museum of Applied Arts, Vienna; MAK – Museum für angewandte Kunst, Wien",In Copyright,
/15514/KI_12055_3,,Höhe: 19.5 cm; Breite: 32 cm; Höhe: 19.5 cm; Breite: 32 cm; Height: 19.5 cm,"MAK – Museum of Applied Arts, Vienna; MAK – Museum für angewandte Kunst, Wien",In Copyright,
/15514/KI_12055_6,,Höhe: 21.4 cm; Breite: 32.9 cm; Höhe: 21.4 cm; Height: 21.4 cm; Width: 32.9 cm; Breite: 32.9 cm,"MAK – Museum of Applied Arts, Vienna; MAK – Museum für angewandte Kunst, Wien",In Copyright,
/15514/KI_12055_8_1,,Height: 21.5 cm; Höhe: 21.5 cm; Breite: 33 cm; Höhe: 21.5 cm; Breite: 33 cm,"MAK – Museum of Applied Arts, Vienna; MAK – Museum für angewandte Kunst, Wien",In Copyright,
/15514/KI_12055_8_2,,Height: 21.5 cm; Höhe: 21.5 cm; Breite: 33 cm; Höhe: 21.5 cm; Breite: 33 cm,"MAK – Museum of Applied Arts, Vienna; MAK – Museum für angewandte Kunst, Wien",In Copyright,
/15514/KI_12056_10,,Breite: 46 cm; Höhe: 29.5 cm; Height: 29.5 cm; Breite: 46 cm; Höhe: 29.5 cm,"MAK – Museum of Applied Arts, Vienna; MAK – Museum für angewandte Kunst, Wien",In Copyright,
/15514/KI_12056_16,,Breite: 46 cm; Höhe: 29 cm; Height: 29 cm; Breite: 46 cm; Höhe: 29 cm,"MAK – Museum of Applied Arts, Vienna; MAK – Museum für angewandte Kunst, Wien",In Copyright,
/15514/KI_12056_17_1,,Breite: 19.5 cm; Höhe: 28 cm; Width: 19.5 cm; Breite: 19.5 cm; Height: 28 cm; Höhe: 28 cm,"MAK – Museum of Applied Arts, Vienna; MAK – Museum für angewandte Kunst, Wien",In Copyright,
/15514/KI_12056_17_2,,Breite: 19.5 cm; Höhe: 28 cm; Width: 19.5 cm; Breite: 19.5 cm; Height: 28 cm; Höhe: 28 cm,"MAK – Museum of Applied Arts, Vienna; MAK – Museum für angewandte Kunst, Wien",In Copyright,
/15514/KI_12056_18,,Breite: 23.9 cm; Höhe: 16.9 cm; Breite: 23.9 cm; Höhe: 16.9 cm; Height: 16.9 cm,"MAK – Museum of Applied Arts, Vienna; MAK – Museum für angewandte Kunst, Wien",In Copyright,
/15514/KI_12056_19,,Höhe: 20.5 cm; Breite: 33 cm; Höhe: 20.5 cm; Height: 20.5 cm; Breite: 33 cm,"MAK – Museum of Applied Arts, Vienna; MAK – Museum für angewandte Kunst, Wien",In Copyright,
/15514/KI_12056_22,,Breite: 24 cm; Höhe: 18 cm; Breite: 24 cm; Höhe: 18 cm; Height: 18 cm,"MAK – Museum of Applied Arts, Vienna; MAK – Museum für angewandte Kunst, Wien",In Copyright,
/15514/KI_12056_25,,Höhe: 33.5 cm; Breite: 20.5 cm; Width: 20.5 cm; Height: 33.5 cm; Höhe: 33.5 cm; Breite: 20.5 cm,"MAK – Museum of Applied Arts, Vienna; MAK – Museum für angewandte Kunst, Wien",In Copyright,
/15514/KI_12056_2_1,,Höhe: 33.5 cm; Breite: 20.5 cm; Width: 20.5 cm; Height: 33.5 cm; Höhe: 33.5 cm; Breite: 20.5 cm,"MAK – Museum of Applied Arts, Vienna; MAK – Museum für angewandte Kunst, Wien",In Copyright,
/15514/KI_12056_2_2,,Höhe: 33.5 cm; Breite: 20.5 cm; Width: 20.5 cm; Height: 33.5 cm; Höhe: 33.5 cm; Breite: 20.5 cm,"MAK – Museum of Applied Arts, Vienna; MAK – Museum für angewandte Kunst, Wien",In Copyright,
/15514/KI_12056_3,,Breite: 33.5 cm; Höhe: 21 cm; Breite: 33.5 cm; Width: 33.5 cm; Höhe: 21 cm; Height: 21 cm,"MAK – Museum of Applied Arts, Vienna; MAK – Museum für angewandte Kunst, Wien",In Copyright,
/15514/KI_12056_30,,Höhe: 19.5 cm; Breite: 32.5 cm; Höhe: 19.5 cm; Width: 32.5 cm; Breite: 32.5 cm; Height: 19.5 cm,"MAK – Museum of Applied Arts, Vienna; MAK – Museum für angewandte Kunst, Wien",In Copyright,
/15514/KI_12056_5_1,,Höhe: 19.5 cm; Breite: 33 cm; Höhe: 19.5 cm; Breite: 33 cm; Height: 19.5 cm,"MAK – Museum of Applied Arts, Vienna; MAK – Museum für angewandte Kunst, Wien",In Copyright,
/15514/KI_12056_5_2,,Höhe: 19.5 cm; Breite: 33 cm; Höhe: 19.5 cm; Breite: 33 cm; Height: 19.5 cm,"MAK – Museum of Applied Arts, Vienna; MAK – Museum für angewandte Kunst, Wien",In Copyright,
/15514/KI_12056_7_1,,Höhe: 27.5 cm; Breite: 19.5 cm; Höhe: 27.5 cm; Breite: 19.5 cm; Height: 27.5 cm; Width: 19.5 cm,"MAK – Museum of Applied Arts, Vienna; MAK – Museum für angewandte Kunst, Wien",In Copyright,
/15514/KI_12056_7_2,,Höhe: 27.5 cm; Breite: 19.5 cm; Höhe: 27.5 cm; Breite: 19.5 cm; Height: 27.5 cm; Width: 19.5 cm,"MAK – Museum of Applied Arts, Vienna; MAK – Museum für angewandte Kunst, Wien",In Copyright,
/15514/KI_12056_9,,Höhe: 20 cm; Breite: 33.5 cm; Höhe: 20 cm; Breite: 33.5 cm; Width: 33.5 cm; Height: 20 cm,"MAK – Museum of Applied Arts, Vienna; MAK – Museum für angewandte Kunst, Wien",In Copyright,
/15514/KI_12057_1,,Höhe: 19.5 cm; Breite: 32.5 cm; Höhe: 19.5 cm; Width: 32.5 cm; Breite: 32.5 cm; Height: 19.5 cm,"MAK – Museum of Applied Arts, Vienna; MAK – Museum für angewandte Kunst, Wien",In Copyright,
/15514/KI_12057_12_1,,Höhe: 27.5 cm; Breite: 22 cm; Höhe: 27.5 cm; Breite: 22 cm; Height: 27.5 cm,"MAK – Museum of Applied Arts, Vienna; MAK – Museum für angewandte Kunst, Wien",In Copyright,
/15514/KI_12057_12_2,,Höhe: 27.5 cm; Breite: 22 cm; Höhe: 27.5 cm; Breite: 22 cm; Height: 27.5 cm,"MAK – Museum of Applied Arts, Vienna; MAK – Museum für angewandte Kunst, Wien",In Copyright,
/15514/KI_12057_13,,Höhe: 20.5 cm; Breite: 33 cm; Höhe: 20.5 cm; Height: 20.5 cm; Breite: 33 cm,"MAK – Museum of Applied Arts, Vienna; MAK – Museum für angewandte Kunst, Wien",In Copyright,
/15514/KI_12057_20,,Breite: 301 cm; Höhe: 21 cm; Breite: 301 cm; Width: 301 cm; Höhe: 21 cm; Height: 21 cm,"MAK – Museum of Applied Arts, Vienna; MAK – Museum für angewandte Kunst, Wien",In Copyright,
/15514/KI_12057_21,,Breite: 30.5 cm; Höhe: 18 cm; Breite: 30.5 cm; Höhe: 18 cm; Height: 18 cm,"MAK – Museum of Applied Arts, Vienna; MAK – Museum für angewandte Kunst, Wien",In Copyright,
/15514/KI_12057_22,,Höhe: 28.5 cm; Breite: 21.5 cm; Höhe: 28.5 cm; Height: 28.5 cm; Breite: 21.5 cm; Width: 21.5 cm,"MAK – Museum of Applied Arts, Vienna; MAK – Museum für angewandte Kunst, Wien",In Copyright,
/15514/KI_12057_23,,Breite: 62 cm; Height: 47 cm; Höhe: 47 cm; Breite: 62 cm; Höhe: 47 cm,"MAK – Museum of Applied Arts, Vienna; MAK – Museum für angewandte Kunst, Wien",In Copyright,
/15514/KI_12057_25,,Breite: 20 cm; Height: 34 cm; Höhe: 34 cm; Breite: 20 cm; Höhe: 34 cm,"MAK – Museum of Applied Arts, Vienna; MAK – Museum für angewandte Kunst, Wien",In Copyright,
/15514/KI_12057_29,,Höhe: 20 cm; Breite: 33.5 cm; Höhe: 20 cm; Breite: 33.5 cm; Width: 33.5 cm; Height: 20 cm,"MAK – Museum of Applied Arts, Vienna; MAK – Museum für angewandte Kunst, Wien",In Copyright,
/15514/KI_12057_3,,Höhe: 20 cm; Breite: 31 cm; Höhe: 20 cm; Breite: 31 cm; Height: 20 cm,"MAK – Museum of Applied Arts, Vienna; MAK – Museum für angewandte Kunst, Wien",In Copyright,
/15514/KI_12057_30,,Höhe: 20 cm; Breite: 33.5 cm; Höhe: 20 cm; Breite: 33.5 cm; Width: 33.5 cm; Height: 20 cm,"MAK – Museum of Applied Arts, Vienna; MAK – Museum für angewandte Kunst, Wien",In Copyright,
/15514/KI_12057_32_1,,Höhe: 20.5 cm; Breite: 31.5 cm; Höhe: 20.5 cm; Width: 31.5 cm; Breite: 31.5 cm; Height: 20.5 cm,"MAK – Museum of Applied Arts, Vienna; MAK – Museum für angewandte Kunst, Wien",In Copyright,
/15514/KI_12057_32_2,,Höhe: 20.5 cm; Breite: 31.5 cm; Höhe: 20.5 cm; Width: 31.5 cm; Breite: 31.5 cm; Height: 20.5 cm,"MAK – Museum of Applied Arts, Vienna; MAK – Museum für angewandte Kunst, Wien",In Copyright,
/15514/KI_12057_33,,Breite: 33.5 cm; Höhe: 21 cm; Breite: 33.5 cm; Width: 33.5 cm; Höhe: 21 cm; Height: 21 cm,"MAK – Museum of Applied Arts, Vienna; MAK – Museum für angewandte Kunst, Wien",In Copyright,
/15514/KI_12057_34,,Breite: 21.5 cm; Höhe: 26 cm; Height: 26 cm; Breite: 21.5 cm; Width: 21.5 cm; Höhe: 26 cm,"MAK – Museum of Applied Arts, Vienna; MAK – Museum für angewandte Kunst, Wien",In Copyright,
/15514/KI_12057_35,,Breite: 22.5 cm; Höhe: 30 cm; Height: 30 cm; Breite: 22.5 cm; Width: 22.5 cm; Höhe: 30 cm,"MAK – Museum of Applied Arts, Vienna; MAK – Museum für angewandte Kunst, Wien",In Copyright,
/15514/KI_12057_42,,Breite: 30 cm; Höhe: 18 cm; Breite: 30 cm; Höhe: 18 cm; Height: 18 cm,"MAK – Museum of Applied Arts, Vienna; MAK – Museum für angewandte Kunst, Wien",In Copyright,
/15514/KI_12057_43,,Höhe: 20 cm; Breite: 33.5 cm; Höhe: 20 cm; Breite: 33.5 cm; Width: 33.5 cm; Height: 20 cm,"MAK – Museum of Applied Arts, Vienna; MAK – Museum für angewandte Kunst, Wien",In Copyright,
/15514/KI_12057_6,,Breite: 33.5 cm; Höhe: 21 cm; Breite: 33.5 cm; Width: 33.5 cm; Höhe: 21 cm; Height: 21 cm,"MAK – Museum of Applied Arts, Vienna; MAK – Museum für angewandte Kunst, Wien",In Copyright,
/15514/KI_12057_9,,Höhe: 20.5 cm; Breite: 33.5 cm; Höhe: 20.5 cm; Breite: 33.5 cm; Height: 20.5 cm; Width: 33.5 cm,"MAK – Museum of Applied Arts, Vienna; MAK – Museum für angewandte Kunst, Wien",In Copyright,
/15514/KI_12058_1,,Höhe: 20 cm; Breite: 33.5 cm; Höhe: 20 cm; Breite: 33.5 cm; Width: 33.5 cm; Height: 20 cm,"MAK – Museum of Applied Arts, Vienna; MAK – Museum für angewandte Kunst, Wien",In Copyright,
/15514/KI_12058_10,,Breite: 34 cm; Höhe: 21 cm; Breite: 34 cm; Höhe: 21 cm; Height: 21 cm,"MAK – Museum of Applied Arts, Vienna; MAK – Museum für angewandte Kunst, Wien",In Copyright,
/15514/KI_12058_11,,Breite: 42 cm; Height: 34 cm; Höhe: 34 cm; Breite: 42 cm; Höhe: 34 cm,"MAK – Museum of Applied Arts, Vienna; MAK – Museum für angewandte Kunst, Wien",In Copyright,
/15514/KI_12058_12,,Breite: 33.5 cm; Höhe: 21 cm; Breite: 33.5 cm; Width: 33.5 cm; Höhe: 21 cm; Height: 21 cm,"MAK – Museum of Applied Arts, Vienna; MAK – Museum für angewandte Kunst, Wien",In Copyright,
/15514/KI_12058_17,,Breite: 41.5 cm; Höhe: 32 cm; Breite: 41.5 cm; Höhe: 32 cm; Width: 41.5 cm; Height: 32 cm,"MAK – Museum of Applied Arts, Vienna; MAK – Museum für angewandte Kunst, Wien",In Copyright,
/15514/KI_12058_18,,Breite: 21 cm; Höhe: 32 cm; Breite: 21 cm; Höhe: 32 cm; Height: 32 cm,"MAK – Museum of Applied Arts, Vienna; MAK – Museum für angewandte Kunst, Wien",In Copyright,
/15514/KI_12058_20_1,,Höhe: 20 cm; Breite: 30.5 cm; Höhe: 20 cm; Breite: 30.5 cm; Height: 20 cm,"MAK – Museum of Applied Arts, Vienna; MAK – Museum für angewandte Kunst, Wien",In Copyright,
/15514/KI_12058_23,,Höhe: 19.5 cm; Breite: 33 cm; Höhe: 19.5 cm; Breite: 33 cm; Height: 19.5 cm,"MAK – Museum of Applied Arts, Vienna; MAK – Museum für angewandte Kunst, Wien",In Copyright,
/15514/KI_12058_24_1,,Höhe: 20.5 cm; Breite: 34 cm; Höhe: 20.5 cm; Height: 20.5 cm; Breite: 34 cm,"MAK – Museum of Applied Arts, Vienna; MAK – Museum für angewandte Kunst, Wien",In Copyright,
/15514/KI_12058_24_2,,Höhe: 20.5 cm; Breite: 34 cm; Höhe: 20.5 cm; Height: 20.5 cm; Breite: 34 cm,"MAK – Museum of Applied Arts, Vienna; MAK – Museum für angewandte Kunst, Wien",In Copyright,
/15514/KI_12058_26,,Höhe: 33.8 cm; Breite: 40 cm; Höhe: 33.8 cm; Breite: 40 cm; Height: 33.8 cm,"MAK – Museum of Applied Arts, Vienna; MAK – Museum für angewandte Kunst, Wien",In Copyright,
/15514/KI_12058_28,,Breite: 28.5 cm; Height: 22.5 cm; Width: 28.5 cm; Höhe: 22.5 cm; Breite: 28.5 cm; Höhe: 22.5 cm,"MAK – Museum of Applied Arts, Vienna; MAK – Museum für angewandte Kunst, Wien",In Copyright,
/15514/KI_12058_2_1,,Breite: 34 cm; Höhe: 21 cm; Breite: 34 cm; Höhe: 21 cm; Height: 21 cm,"MAK – Museum of Applied Arts, Vienna; MAK – Museum für angewandte Kunst, Wien",In Copyright,
/15514/KI_12058_2_2,,Breite: 34 cm; Höhe: 21 cm; Breite: 34 cm; Höhe: 21 cm; Height: 21 cm,"MAK – Museum of Applied Arts, Vienna; MAK – Museum für angewandte Kunst, Wien",In Copyright,
/15514/KI_12058_3,,Breite: 34 cm; Höhe: 21 cm; Breite: 34 cm; Höhe: 21 cm; Height: 21 cm,"MAK – Museum of Applied Arts, Vienna; MAK – Museum für angewandte Kunst, Wien",In Copyright,
/15514/KI_12058_5,,Breite: 34 cm; Höhe: 21 cm; Breite: 34 cm; Höhe: 21 cm; Height: 21 cm,"MAK – Museum of Applied Arts, Vienna; MAK – Museum für angewandte Kunst, Wien",In Copyright,
/15514/KI_12058_8,,Breite: 34 cm; Höhe: 21 cm; Breite: 34 cm; Höhe: 21 cm; Height: 21 cm,"MAK – Museum of Applied Arts, Vienna; MAK – Museum für angewandte Kunst, Wien",In Copyright,
/15514/KI_12058_9_1,,Breite: 42 cm; Height: 34 cm; Höhe: 34 cm; Breite: 42 cm; Höhe: 34 cm,"MAK – Museum of Applied Arts, Vienna; MAK – Museum für angewandte Kunst, Wien",In Copyright,
/15514/KI_12059_10,,Höhe: 33 cm; Breite: 55 cm; Höhe: 33 cm; Breite: 55 cm; Height: 33 cm,"MAK – Museum of Applied Arts, Vienna; MAK – Museum für angewandte Kunst, Wien",In Copyright,
/15514/KI_12059_15,,Height: 42.5 cm; Höhe: 42.5 cm; Breite: 34 cm; Höhe: 42.5 cm; Breite: 34 cm,"MAK – Museum of Applied Arts, Vienna; MAK – Museum für angewandte Kunst, Wien",In Copyright,
/15514/KI_12059_16,,Höhe: 20.5 cm; Breite: 30.5 cm; Höhe: 20.5 cm; Breite: 30.5 cm; Height: 20.5 cm,"MAK – Museum of Applied Arts, Vienna; MAK – Museum für angewandte Kunst, Wien",In Copyright,
/15514/KI_12059_18,,Höhe: 11.5 cm; Breite: 16.5 cm; Width: 16.5 cm; Höhe: 11.5 cm; Breite: 16.5 cm,"MAK – Museum of Applied Arts, Vienna; MAK – Museum für angewandte Kunst, Wien",In Copyright,
/15514/KI_12059_2,,Höhe: 33 cm; Breite: 20.5 cm; Width: 20.5 cm; Höhe: 33 cm; Breite: 20.5 cm; Height: 33 cm,"MAK – Museum of Applied Arts, Vienna; MAK – Museum für angewandte Kunst, Wien",In Copyright,
/15514/KI_12059_8,,Höhe: 33 cm; Breite: 35 cm; Höhe: 33 cm; Breite: 35 cm; Height: 33 cm,"MAK – Museum of Applied Arts, Vienna; MAK – Museum für angewandte Kunst, Wien",In Copyright,
/15514/KI_12082_30_2,,Breite: 22.1 cm; Höhe: 18.3 cm; Width: 22.1 cm; Breite: 22.1 cm; Height: 18.3 cm; Höhe: 18.3 cm,"MAK – Museum of Applied Arts, Vienna; MAK – Museum für angewandte Kunst, Wien",In Copyright,
/15514/KI_12088_3_2,,Breite: 29 cm; Höhe: 23 cm; Height: 23 cm; Breite: 29 cm; Höhe: 23 cm,"MAK – Museum of Applied Arts, Vienna; MAK – Museum für angewandte Kunst, Wien",In Copyright,
/15514/KI_12304_2,,Breite: 30.2 cm; Höhe: 23.5 cm; Height: 23.5 cm; Höhe: 23.5 cm,"MAK – Museum of Applied Arts, Vienna; MAK – Museum für angewandte Kunst, Wien",In Copyright,
/15514/KI_12304_3,,Höhe: 23.8 cm; Breite: 30 cm,"MAK – Museum of Applied Arts, Vienna; MAK – Museum für angewandte Kunst, Wien",In Copyright,
/15514/KI_12304_6,,Höhe: 23.9 cm; Breite: 29.9 cm; Width: 29.9 cm; Höhe: 23.9 cm; Breite: 29.9 cm,"MAK – Museum of Applied Arts, Vienna; MAK – Museum für angewandte Kunst, Wien",In Copyright,
/15514/KI_12304_9,,Breite: 30.2 cm; Höhe: 23.5 cm; Height: 23.5 cm; Höhe: 23.5 cm,"MAK – Museum of Applied Arts, Vienna; MAK – Museum für angewandte Kunst, Wien",In Copyright,
/15514/KI_12642_3,,Breite: 34 cm; Höhe: 22.5 cm; Height: 22.5 cm; Breite: 34 cm; Höhe: 22.5 cm,"MAK – Museum of Applied Arts, Vienna; MAK – Museum für angewandte Kunst, Wien",In Copyright,
/15514/KI_12668_1,,Breite: 22 cm; Height: 29 cm; Höhe: 29 cm; Breite: 22 cm; Höhe: 29 cm,"MAK – Museum of Applied Arts, Vienna; MAK – Museum für angewandte Kunst, Wien",In Copyright,
/15514/KI_12668_10,,Breite: 22 cm; Height: 29 cm; Höhe: 29 cm; Breite: 22 cm; Höhe: 29 cm,"MAK – Museum of Applied Arts, Vienna; MAK – Museum für angewandte Kunst, Wien",In Copyright,
/15514/KI_12668_11,,Breite: 13.5 cm; Höhe: 21.2 cm; Height: 21.2 cm; Höhe: 21.2 cm,"MAK – Museum of Applied Arts, Vienna; MAK – Museum für angewandte Kunst, Wien",In Copyright,
/15514/KI_12668_12_1,,Höhe: 39 cm; Breite: 48 cm; Höhe: 39 cm; Breite: 48 cm; Height: 39 cm,"MAK – Museum of Applied Arts, Vienna; MAK – Museum für angewandte Kunst, Wien",In Copyright,
/15514/KI_12668_12_2,,Höhe: 39 cm; Breite: 48 cm; Höhe: 39 cm; Breite: 48 cm; Height: 39 cm,"MAK – Museum of Applied Arts, Vienna; MAK – Museum für angewandte Kunst, Wien",In Copyright,
/15514/KI_12668_14,,Breite: 21.3 cm; Höhe: 33.4 cm; Height: 33.4 cm; Breite: 21.3 cm; Width: 21.3 cm; Höhe: 33.4 cm,"MAK – Museum of Applied Arts, Vienna; MAK – Museum für angewandte Kunst, Wien",In Copyright,
/15514/KI_12668_2,,Breite: 13.5 cm; Höhe: 21.2 cm; Height: 21.2 cm; Höhe: 21.2 cm,"MAK – Museum of Applied Arts, Vienna; MAK – Museum für angewandte Kunst, Wien",In Copyright,
/15514/KI_12668_3,,Breite: 13.5 cm; Höhe: 21 cm; Height: 21 cm; Höhe: 21 cm,"MAK – Museum of Applied Arts, Vienna; MAK – Museum für angewandte Kunst, Wien",In Copyright,
/15514/KI_12668_7_1,,Höhe: 28.5 cm; Breite: 21 cm; Höhe: 28.5 cm; Height: 28.5 cm; Breite: 21 cm,"MAK – Museum of Applied Arts, Vienna; MAK – Museum für angewandte Kunst, Wien",In Copyright,
/15514/KI_12668_7_2,,Höhe: 28.5 cm; Breite: 21 cm; Höhe: 28.5 cm; Height: 28.5 cm; Breite: 21 cm,"MAK – Museum of Applied Arts, Vienna; MAK – Museum für angewandte Kunst, Wien",In Copyright,
/15514/KI_12668_8,,Breite: 19.7 cm; Höhe: 32.7 cm; Height: 32.7 cm; Width: 19.7 cm; Breite: 19.7 cm; Höhe: 32.7 cm,"MAK – Museum of Applied Arts, Vienna; MAK – Museum für angewandte Kunst, Wien",In Copyright,
/15514/KI_12668_9_1,,Breite: 22.2 cm; Height: 29.5 cm; Höhe: 29.5 cm; Breite: 22.2 cm; Höhe: 29.5 cm,"MAK – Museum of Applied Arts, Vienna; MAK – Museum für angewandte Kunst, Wien",In Copyright,
/15514/KI_12677_31_2,,Breite: 42 cm; Height: 34.2 cm; Höhe: 34.2 cm; Breite: 42 cm; Höhe: 34.2 cm,"MAK – Museum of Applied Arts, Vienna; MAK – Museum für angewandte Kunst, Wien",In Copyright,
/15514/KI_12677_33_1,,Höhe: 20 cm; Breite: 32.7 cm; Höhe: 20 cm; Breite: 32.7 cm; Width: 32.7 cm; Height: 20 cm,"MAK – Museum of Applied Arts, Vienna; MAK – Museum für angewandte Kunst, Wien",In Copyright,
/15514/KI_12677_38_1,,Breite: 45 cm; Height: 28.3 cm; Höhe: 28.3 cm; Breite: 45 cm; Höhe: 28.3 cm,"MAK – Museum of Applied Arts, Vienna; MAK – Museum für angewandte Kunst, Wien",In Copyright,
/15514/KI_12678_3,,Breite: 23 cm; Höhe: 28.7 cm; Height: 28.7 cm; Breite: 23 cm; Höhe: 28.7 cm,"MAK – Museum of Applied Arts, Vienna; MAK – Museum für angewandte Kunst, Wien",In Copyright,
/15514/KI_12678_5,,Breite: 33.5 cm; Höhe: 21 cm; Breite: 33.5 cm; Width: 33.5 cm; Höhe: 21 cm; Height: 21 cm,"MAK – Museum of Applied Arts, Vienna; MAK – Museum für angewandte Kunst, Wien",In Copyright,
/15514/KI_12704_10,,Höhe: 19.5 cm; Breite: 33.5 cm; Höhe: 19.5 cm; Breite: 33.5 cm; Width: 33.5 cm; Height: 19.5 cm,"MAK – Museum of Applied Arts, Vienna; MAK – Museum für angewandte Kunst, Wien",In Copyright,
/15514/KI_12704_11,,Höhe: 20.5 cm; Breite: 34 cm; Höhe: 20.5 cm; Height: 20.5 cm; Breite: 34 cm,"MAK – Museum of Applied Arts, Vienna; MAK – Museum für angewandte Kunst, Wien",In Copyright,
/15514/KI_12704_12,,Höhe: 20.5 cm; Breite: 34 cm; Höhe: 20.5 cm; Height: 20.5 cm; Breite: 34 cm,"MAK – Museum of Applied Arts, Vienna; MAK – Museum für angewandte Kunst, Wien",In Copyright,
/15514/KI_12704_14,,Height: 23 cm; Höhe: 23 cm; Breite: 56.5 cm; Width: 56.5 cm; Höhe: 23 cm; Breite: 56.5 cm,"MAK – Museum of Applied Arts, Vienna; MAK – Museum für angewandte Kunst, Wien",In Copyright,
/15514/KI_12704_17,,Breite: 28.5 cm; Height: 22.5 cm; Width: 28.5 cm; Höhe: 22.5 cm; Breite: 28.5 cm; Höhe: 22.5 cm,"MAK – Museum of Applied Arts, Vienna; MAK – Museum für angewandte Kunst, Wien",In Copyright,
/15514/KI_12704_18,,Höhe: 20.5 cm; Breite: 34 cm; Höhe: 20.5 cm; Height: 20.5 cm; Breite: 34 cm,"MAK – Museum of Applied Arts, Vienna; MAK – Museum für angewandte Kunst, Wien",In Copyright,
/15514/KI_12704_19,,Height: 33.5 cm; Höhe: 33.5 cm; Breite: 21.5 cm; Width: 21.5 cm; Höhe: 33.5 cm; Breite: 21.5 cm,"MAK – Museum of Applied Arts, Vienna; MAK – Museum für angewandte Kunst, Wien",In Copyright,
/15514/KI_12704_2,,Breite: 28.5 cm; Height: 23 cm; Höhe: 23 cm; Width: 28.5 cm; Breite: 28.5 cm; Höhe: 23 cm,"MAK – Museum of Applied Arts, Vienna; MAK – Museum für angewandte Kunst, Wien",In Copyright,
/15514/KI_12704_20,,Height: 33.5 cm; Höhe: 33.5 cm; Breite: 21.5 cm; Width: 21.5 cm; Höhe: 33.5 cm; Breite: 21.5 cm,"MAK – Museum of Applied Arts, Vienna; MAK – Museum für angewandte Kunst, Wien",In Copyright,
/15514/KI_12704_21,,Breite: 28.5 cm; Height: 22.5 cm; Width: 28.5 cm; Höhe: 22.5 cm; Breite: 28.5 cm; Höhe: 22.5 cm,"MAK – Museum of Applied Arts, Vienna; MAK – Museum für angewandte Kunst, Wien",In Copyright,
/15514/KI_12704_22,,Breite: 21 cm; Höhe: 27 cm; Height: 27 cm; Breite: 21 cm; Höhe: 27 cm,"MAK – Museum of Applied Arts, Vienna; MAK – Museum für angewandte Kunst, Wien",In Copyright,
/15514/KI_12704_24,,Breite: 28.5 cm; Height: 22.5 cm; Width: 28.5 cm; Höhe: 22.5 cm; Breite: 28.5 cm; Höhe: 22.5 cm,"MAK – Museum of Applied Arts, Vienna; MAK – Museum für angewandte Kunst, Wien",In Copyright,
/15514/KI_12704_25,,Höhe: 20.5 cm; Breite: 34 cm; Höhe: 20.5 cm; Height: 20.5 cm; Breite: 34 cm,"MAK – Museum of Applied Arts, Vienna; MAK – Museum für angewandte Kunst, Wien",In Copyright,
/15514/KI_12704_9,,Höhe: 19.5 cm; Breite: 33.5 cm; Höhe: 19.5 cm; Breite: 33.5 cm; Width: 33.5 cm; Height: 19.5 cm,"MAK – Museum of Applied Arts, Vienna; MAK – Museum für angewandte Kunst, Wien",In Copyright,
/15514/KI_12705_1,,Breite: 22.2 cm; Height: 29.5 cm; Höhe: 29.5 cm; Breite: 22.2 cm; Höhe: 29.5 cm,"MAK – Museum of Applied Arts, Vienna; MAK – Museum für angewandte Kunst, Wien",In Copyright,
/15514/KI_12705_11,,Height: 21 cm; Höhe: 21 cm; Breite: 27 cm; Höhe: 21 cm; Breite: 27 cm,"MAK – Museum of Applied Arts, Vienna; MAK – Museum für angewandte Kunst, Wien",In Copyright,
/15514/KI_12705_12,,Höhe: 26.7 cm; Breite: 21 cm; Höhe: 26.7 cm; Breite: 21 cm; Height: 26.7 cm,"MAK – Museum of Applied Arts, Vienna; MAK – Museum für angewandte Kunst, Wien",In Copyright,
/15514/KI_12705_13,,Breite: 19.7 cm; Höhe: 32.7 cm; Height: 32.7 cm; Width: 19.7 cm; Breite: 19.7 cm; Höhe: 32.7 cm,"MAK – Museum of Applied Arts, Vienna; MAK – Museum für angewandte Kunst, Wien",In Copyright,
/15514/KI_12705_2,,Breite: 19.7 cm; Höhe: 32.7 cm; Height: 32.7 cm; Width: 19.7 cm; Breite: 19.7 cm; Höhe: 32.7 cm,"MAK – Museum of Applied Arts, Vienna; MAK – Museum für angewandte Kunst, Wien",In Copyright,
/15514/KI_12705_3,,Breite: 19.7 cm; Höhe: 32.7 cm; Height: 32.7 cm; Width: 19.7 cm; Breite: 19.7 cm; Höhe: 32.7 cm,"MAK – Museum of Applied Arts, Vienna; MAK – Museum für angewandte Kunst, Wien",In Copyright,
/15514/KI_12705_4,,Breite: 19.7 cm; Höhe: 32.7 cm; Height: 32.7 cm; Width: 19.7 cm; Breite: 19.7 cm; Höhe: 32.7 cm,"MAK – Museum of Applied Arts, Vienna; MAK – Museum für angewandte Kunst, Wien",In Copyright,
/15514/KI_12705_5,,Höhe: 26.5 cm; Breite: 20.5 cm; Width: 20.5 cm; Höhe: 26.5 cm; Height: 26.5 cm; Breite: 20.5 cm,"MAK – Museum of Applied Arts, Vienna; MAK – Museum für angewandte Kunst, Wien",In Copyright,
/15514/KI_12705_6,,Breite: 19.7 cm; Höhe: 32.7 cm; Height: 32.7 cm; Width: 19.7 cm; Breite: 19.7 cm; Höhe: 32.7 cm,"MAK – Museum of Applied Arts, Vienna; MAK – Museum für angewandte Kunst, Wien",In Copyright,
/15514/KI_12705_7_1,,Höhe: 36 cm; Breite: 22.5 cm; Höhe: 36 cm; Breite: 22.5 cm; Width: 22.5 cm; Height: 36 cm,"MAK – Museum of Applied Arts, Vienna; MAK – Museum für angewandte Kunst, Wien",In Copyright,
/15514/KI_12705_7_2,,Höhe: 36 cm; Breite: 22.5 cm; Höhe: 36 cm; Breite: 22.5 cm; Width: 22.5 cm; Height: 36 cm,"MAK – Museum of Applied Arts, Vienna; MAK – Museum für angewandte Kunst, Wien",In Copyright,
/15514/KI_12705_8_1,,Breite: 19.7 cm; Höhe: 32.7 cm; Height: 32.7 cm; Width: 19.7 cm; Breite: 19.7 cm; Höhe: 32.7 cm,"MAK – Museum of Applied Arts, Vienna; MAK – Museum für angewandte Kunst, Wien",In Copyright,
/15514/KI_12705_8_2,,Breite: 19.7 cm; Höhe: 32.7 cm; Height: 32.7 cm; Width: 19.7 cm; Breite: 19.7 cm; Höhe: 32.7 cm,"MAK – Museum of Applied Arts, Vienna; MAK – Museum für angewandte Kunst, Wien",In Copyright,
/15514/KI_12705_9,,Breite: 22 cm; Height: 29 cm; Höhe: 29 cm; Breite: 22 cm; Höhe: 29 cm,"MAK – Museum of Applied Arts, Vienna; MAK – Museum für angewandte Kunst, Wien",In Copyright,
/15514/KI_12709_8,,Height: 23 cm; Höhe: 23 cm; Breite: 30 cm; Höhe: 23 cm; Breite: 30 cm,"MAK – Museum of Applied Arts, Vienna; MAK – Museum für angewandte Kunst, Wien",In Copyright,
/15514/KI_12709_9_2,,Breite: 47.5 cm; Höhe: 22 cm; Breite: 47.5 cm; Width: 47.5 cm; Height: 22 cm; Höhe: 22 cm,"MAK – Museum of Applied Arts, Vienna; MAK – Museum für angewandte Kunst, Wien",In Copyright,
/15514/KI_12790_7_2,,Breite: 34 cm; Höhe: 21 cm; Breite: 34 cm; Höhe: 21 cm; Height: 21 cm,"MAK – Museum of Applied Arts, Vienna; MAK – Museum für angewandte Kunst, Wien",In Copyright,
/15514/KI_13193_1,,Höhe: 46 cm; Breite: 58.8 cm; Höhe: 46 cm; Height: 46 cm,"MAK – Museum of Applied Arts, Vienna; MAK – Museum für angewandte Kunst, Wien",In Copyright,
/15514/KI_13193_2,,Breite: 59 cm; Höhe: 46 cm; Breite: 59 cm; Höhe: 46 cm; Height: 46 cm,"MAK – Museum of Applied Arts, Vienna; MAK – Museum für angewandte Kunst, Wien",In Copyright,
/15514/KI_13193_3,,Breite: 59 cm; Höhe: 46 cm; Breite: 59 cm; Höhe: 46 cm; Height: 46 cm,"MAK – Museum of Applied Arts, Vienna; MAK – Museum für angewandte Kunst, Wien",In Copyright,
/15514/KI_13193_4,,Breite: 59 cm; Höhe: 46.2 cm; Breite: 59 cm; Höhe: 46.2 cm; Height: 46.2 cm,"MAK – Museum of Applied Arts, Vienna; MAK – Museum für angewandte Kunst, Wien",In Copyright,
/15514/KI_13193_5,,Breite: 59 cm; Höhe: 46 cm; Breite: 59 cm; Höhe: 46 cm; Height: 46 cm,"MAK – Museum of Applied Arts, Vienna; MAK – Museum für angewandte Kunst, Wien",In Copyright,
/15514/KI_13219_1,,Breite: 26 cm; Height: 19.3 cm; Höhe: 19.3 cm; Breite: 26 cm; Höhe: 19.3 cm,"MAK – Museum of Applied Arts, Vienna; MAK – Museum für angewandte Kunst, Wien",In Copyright,
/15514/KI_13219_2,,Height: 12 cm; Höhe: 12 cm; Breite: 21.9 cm; Höhe: 12 cm; Breite: 21.9 cm,"MAK – Museum of Applied Arts, Vienna; MAK – Museum für angewandte Kunst, Wien",In Copyright,
/15514/KI_13219_3,,Höhe: 20.5 cm; Breite: 32.2 cm; Width: 32.2 cm; Höhe: 20.5 cm; Height: 20.5 cm; Breite: 32.2 cm,"MAK – Museum of Applied Arts, Vienna; MAK – Museum für angewandte Kunst, Wien",In Copyright,
/15514/KI_13219_5,,Höhe: 20 cm; Breite: 33.6 cm; Höhe: 20 cm; Breite: 33.6 cm; Width: 33.6 cm; Height: 20 cm,"MAK – Museum of Applied Arts, Vienna; MAK – Museum für angewandte Kunst, Wien",In Copyright,
/15514/KI_13219_7,,Höhe: 19.7 cm; Breite: 33 cm; Höhe: 19.7 cm; Height: 19.7 cm; Breite: 33 cm,"MAK – Museum of Applied Arts, Vienna; MAK – Museum für angewandte Kunst, Wien",In Copyright,
/15514/KI_13261_1,,Breite: 24 cm; Height: 16.2 cm; Höhe: 16.2 cm; Breite: 24 cm; Höhe: 16.2 cm,"MAK – Museum of Applied Arts, Vienna; MAK – Museum für angewandte Kunst, Wien",In Copyright,
/15514/KI_13261_3,,Breite: 31.5 cm; Höhe: 18 cm; Breite: 31.5 cm; Höhe: 18 cm; Height: 18 cm; Width: 31.5 cm,"MAK – Museum of Applied Arts, Vienna; MAK – Museum für angewandte Kunst, Wien",In Copyright,
/15514/KI_13261_6,,Höhe: 20 cm; Breite: 32 cm; Höhe: 20 cm; Breite: 32 cm; Height: 20 cm,"MAK – Museum of Applied Arts, Vienna; MAK – Museum für angewandte Kunst, Wien",In Copyright,
/15514/KI_13261_7_1,,Height: 24.7 cm; Width: 34.5 cm; Höhe: 24.7 cm; Breite: 34.5 cm; Höhe: 24.7 cm; Breite: 34.5 cm,"MAK – Museum of Applied Arts, Vienna; MAK – Museum für angewandte Kunst, Wien",In Copyright,
/15514/KI_13282_1,,Breite: 30 cm; Höhe: 46.2 cm; Breite: 30 cm; Höhe: 46.2 cm; Height: 46.2 cm,"MAK – Museum of Applied Arts, Vienna; MAK – Museum für angewandte Kunst, Wien",In Copyright,
/15514/KI_13285_2,,Breite: 31 cm; Höhe: 30.1 cm,"MAK – Museum of Applied Arts, Vienna; MAK – Museum für angewandte Kunst, Wien",In Copyright,
/15514/KI_13285_3,,Height: 31.6 cm; Höhe: 31.6 cm; Höhe: 31.6 cm; Breite: 23.8 cm,"MAK – Museum of Applied Arts, Vienna; MAK – Museum für angewandte Kunst, Wien",In Copyright,
/15514/KI_13307_1,,Breite: 34.1 cm; Höhe: 21 cm; Height: 21 cm; Breite: 34.1 cm; Höhe: 21 cm; Width: 34.1 cm,"MAK – Museum of Applied Arts, Vienna; MAK – Museum für angewandte Kunst, Wien",In Copyright,
/15514/KI_13307_25,,Breite: 33 cm; Höhe: 21 cm; Height: 21 cm; Breite: 33 cm; Höhe: 21 cm,"MAK – Museum of Applied Arts, Vienna; MAK – Museum für angewandte Kunst, Wien",In Copyright,
/15514/KI_13307_29,,Breite: 34.1 cm; Höhe: 21 cm; Height: 21 cm; Breite: 34.1 cm; Höhe: 21 cm; Width: 34.1 cm,"MAK – Museum of Applied Arts, Vienna; MAK – Museum für angewandte Kunst, Wien",In Copyright,
/15514/KI_13307_30,,Breite: 34.1 cm; Höhe: 21 cm; Height: 21 cm; Breite: 34.1 cm; Höhe: 21 cm; Width: 34.1 cm,"MAK – Museum of Applied Arts, Vienna; MAK – Museum für angewandte Kunst, Wien",In Copyright,
/15514/KI_13307_6,,Breite: 21 cm; Height: 34 cm; Höhe: 34 cm; Breite: 21 cm; Höhe: 34 cm,"MAK – Museum of Applied Arts, Vienna; MAK – Museum für angewandte Kunst, Wien",In Copyright,
/15514/KI_13307_7,,Breite: 21 cm; Höhe: 34.2 cm; Height: 34.2 cm; Breite: 21 cm; Höhe: 34.2 cm,"MAK – Museum of Applied Arts, Vienna; MAK – Museum für angewandte Kunst, Wien",In Copyright,
/15514/KI_13308_1,,Höhe: 31.7 cm; Breite: 23.7 cm,"MAK – Museum of Applied Arts, Vienna; MAK – Museum für angewandte Kunst, Wien",In Copyright,
/15514/KI_13308_19,,Height: 46.2 cm; Width: 61.2 cm; Höhe: 46.2 cm; Breite: 61.2 cm; Höhe: 46.2 cm; Breite: 61.2 cm,"MAK – Museum of Applied Arts, Vienna; MAK – Museum für angewandte Kunst, Wien",In Copyright,
/15514/KI_13308_2,,Breite: 25.2 cm; Höhe: 31.3 cm; Breite: 25.2 cm; Höhe: 31.3 cm; Height: 31.3 cm; Width: 25.2 cm,"MAK – Museum of Applied Arts, Vienna; MAK – Museum für angewandte Kunst, Wien",In Copyright,
/15514/KI_13308_3,,Breite: 31.5 cm; Höhe: 16.5 cm; Breite: 31.5 cm; Width: 31.5 cm; Höhe: 16.5 cm; Height: 16.5 cm,"MAK – Museum of Applied Arts, Vienna; MAK – Museum für angewandte Kunst, Wien",In Copyright,
/15514/KI_13308_5,,Breite: 30.5 cm; Höhe: 46 cm; Breite: 30.5 cm; Höhe: 46 cm; Height: 46 cm,"MAK – Museum of Applied Arts, Vienna; MAK – Museum für angewandte Kunst, Wien",In Copyright,
/15514/KI_13380_2,,Breite: 26.2 cm; Höhe: 18.5 cm; Height: 18.5 cm; Breite: 26.2 cm; Width: 26.2 cm; Höhe: 18.5 cm,"MAK – Museum of Applied Arts, Vienna; MAK – Museum für angewandte Kunst, Wien",In Copyright,
/15514/KI_13758_128,,Höhe: 25.8 cm; Breite: 14.6 cm; Width: 14.6 cm; Höhe: 25.8 cm; Height: 25.8 cm; Breite: 14.6 cm,"MAK – Museum of Applied Arts, Vienna; MAK – Museum für angewandte Kunst, Wien",In Copyright,
/15514/KI_13758_129,,Höhe: 22.9 cm; Breite: 14.4 cm; Höhe: 22.9 cm; Width: 14.4 cm; Breite: 14.4 cm,"MAK – Museum of Applied Arts, Vienna; MAK – Museum für angewandte Kunst, Wien",In Copyright,
/15514/KI_13758_130,,Height: 23 cm; Höhe: 23 cm; Breite: 11.5 cm; Höhe: 23 cm; Breite: 11.5 cm,"MAK – Museum of Applied Arts, Vienna; MAK – Museum für angewandte Kunst, Wien",In Copyright,
/15514/KI_13758_131,,Breite: 12.1 cm; Höhe: 22.9 cm; Width: 12.1 cm; Breite: 12.1 cm; Höhe: 22.9 cm,"MAK – Museum of Applied Arts, Vienna; MAK – Museum für angewandte Kunst, Wien",In Copyright,
/15514/KI_13758_132,,Breite: 12.8 cm; Höhe: 25.9 cm; Breite: 12.8 cm; Width: 12.8 cm; Height: 25.9 cm; Höhe: 25.9 cm,"MAK – Museum of Applied Arts, Vienna; MAK – Museum für angewandte Kunst, Wien",In Copyright,
/15514/KI_13758_133,,Höhe: 22.8 cm; Breite: 14.3 cm; Width: 14.3 cm; Höhe: 22.8 cm; Breite: 14.3 cm,"MAK – Museum of Applied Arts, Vienna; MAK – Museum für angewandte Kunst, Wien",In Copyright,
/15514/KI_13758_134,,Height: 25.2 cm; Höhe: 25.2 cm; Width: 18.1 cm; Breite: 18.1 cm; Höhe: 25.2 cm; Breite: 18.1 cm,"MAK – Museum of Applied Arts, Vienna; MAK – Museum für angewandte Kunst, Wien",In Copyright,
/15514/KI_13758_135,,Höhe: 22.9 cm; Breite: 9.7 cm; Höhe: 22.9 cm; Breite: 9.7 cm; Width: 9.7 cm,"MAK – Museum of Applied Arts, Vienna; MAK – Museum für angewandte Kunst, Wien",In Copyright,
/15514/KI_13758_136,,Height: 23 cm; Höhe: 23 cm; Breite: 10.8 cm; Width: 10.8 cm; Höhe: 23 cm; Breite: 10.8 cm,"MAK – Museum of Applied Arts, Vienna; MAK – Museum für angewandte Kunst, Wien",In Copyright,
/15514/KI_13758_137,,Breite: 28.9 cm; Höhe: 35.2 cm; Width: 28.9 cm; Breite: 28.9 cm; Height: 35.2 cm; Höhe: 35.2 cm,"MAK – Museum of Applied Arts, Vienna; MAK – Museum für angewandte Kunst, Wien",In Copyright,
/15514/KI_13758_139,,Höhe: 24.4 cm; Breite: 34.7 cm; Höhe: 24.4 cm; Breite: 34.7 cm; Width: 34.7 cm; Height: 24.4 cm,"MAK – Museum of Applied Arts, Vienna; MAK – Museum für angewandte Kunst, Wien",In Copyright,
/15514/KI_13758_14,,Breite: 44.5 cm; Höhe: 35.8 cm; Height: 35.8 cm; Breite: 44.5 cm; Width: 44.5 cm; Höhe: 35.8 cm,"MAK – Museum of Applied Arts, Vienna; MAK – Museum für angewandte Kunst, Wien",In Copyright,
/15514/KI_13758_143,,Höhe: 22.8 cm; Breite: 28.9 cm; Width: 28.9 cm; Höhe: 22.8 cm; Breite: 28.9 cm,"MAK – Museum of Applied Arts, Vienna; MAK – Museum für angewandte Kunst, Wien",In Copyright,
/15514/KI_13758_172,,Breite: 35.4 cm; Höhe: 24.5 cm; Breite: 35.4 cm; Width: 35.4 cm; Höhe: 24.5 cm,"MAK – Museum of Applied Arts, Vienna; MAK – Museum für angewandte Kunst, Wien",In Copyright,
/15514/KI_13758_175,,Breite: 28.9 cm; Höhe: 22.7 cm; Width: 28.9 cm; Breite: 28.9 cm; Höhe: 22.7 cm,"MAK – Museum of Applied Arts, Vienna; MAK – Museum für angewandte Kunst, Wien",In Copyright,
/15514/KI_13758_176,,Breite: 31.3 cm; Höhe: 45.1 cm; Height: 45.1 cm; Breite: 31.3 cm; Width: 31.3 cm; Höhe: 45.1 cm,"MAK – Museum of Applied Arts, Vienna; MAK – Museum für angewandte Kunst, Wien",In Copyright,
/15514/KI_13758_177,,Höhe: 31.3 cm; Breite: 45.1 cm; Höhe: 31.3 cm; Height: 31.3 cm; Width: 45.1 cm; Breite: 45.1 cm,"MAK – Museum of Applied Arts, Vienna; MAK – Museum für angewandte Kunst, Wien",In Copyright,
/15514/KI_13758_183,,Höhe: 33.9 cm; Breite: 50 cm; Höhe: 33.9 cm; Breite: 50 cm; Height: 33.9 cm,"MAK – Museum of Applied Arts, Vienna; MAK – Museum für angewandte Kunst, Wien",In Copyright,
/15514/KI_13758_184,,Höhe: 33.9 cm; Breite: 50 cm; Höhe: 33.9 cm; Breite: 50 cm; Height: 33.9 cm,"MAK – Museum of Applied Arts, Vienna; MAK – Museum für angewandte Kunst, Wien",In Copyright,
/15514/KI_13758_196,,Breite: 49.5 cm; Höhe: 34.6 cm; Height: 34.6 cm; Breite: 49.5 cm; Höhe: 34.6 cm; Width: 49.5 cm,"MAK – Museum of Applied Arts, Vienna; MAK – Museum für angewandte Kunst, Wien",In Copyright,
/15514/KI_13758_2,,Breite: 21.2 cm; Höhe: 37.3 cm; Height: 37.3 cm; Höhe: 37.3 cm,"MAK – Museum of Applied Arts, Vienna; MAK – Museum für angewandte Kunst, Wien",In Copyright,
/15514/KI_13758_20,,Breite: 12.8 cm; Höhe: 22.4 cm; Height: 22.4 cm; Breite: 12.8 cm; Width: 12.8 cm; Höhe: 22.4 cm,"MAK – Museum of Applied Arts, Vienna; MAK – Museum für angewandte Kunst, Wien",In Copyright,
/15514/KI_13758_21,,Breite: 14.5 cm; Höhe: 15.6 cm; Breite: 14.5 cm; Width: 14.5 cm; Height: 15.6 cm; Höhe: 15.6 cm,"MAK – Museum of Applied Arts, Vienna; MAK – Museum für angewandte Kunst, Wien",In Copyright,
/15514/KI_13758_37,,Höhe: 21.6 cm; Breite: 34.4 cm; Höhe: 21.6 cm; Width: 34.4 cm; Height: 21.6 cm; Breite: 34.4 cm,"MAK – Museum of Applied Arts, Vienna; MAK – Museum für angewandte Kunst, Wien",In Copyright,
/15514/KI_13758_42_2,,Höhe: 26.8 cm; Breite: 20.9 cm; Höhe: 26.8 cm; Height: 26.8 cm,"MAK – Museum of Applied Arts, Vienna; MAK – Museum für angewandte Kunst, Wien",In Copyright,
/15514/KI_13758_43_1,,Breite: 21.2 cm; Höhe: 16.5 cm; Höhe: 16.5 cm; Height: 16.5 cm,"MAK – Museum of Applied Arts, Vienna; MAK – Museum für angewandte Kunst, Wien",In Copyright,
/15514/KI_13758_50,,Höhe: 21.7 cm; Höhe: 21.7 cm; Breite: 30.1 cm,"MAK – Museum of Applied Arts, Vienna; MAK – Museum für angewandte Kunst, Wien",In Copyright,
/15514/KI_13758_57,,Breite: 20.2 cm; Höhe: 39.5 cm; Höhe: 39.5 cm; Height: 39.5 cm,"MAK – Museum of Applied Arts, Vienna; MAK – Museum für angewandte Kunst, Wien",In Copyright,
/15514/KI_13758_74,,Höhe: 34.9 cm; Breite: 23.1 cm; Höhe: 34.9 cm; Width: 23.1 cm; Height: 34.9 cm; Breite: 23.1 cm,"MAK – Museum of Applied Arts, Vienna; MAK – Museum für angewandte Kunst, Wien",In Copyright,
/15514/KI_14284_1,,Breite: 62.8 cm; Höhe: 22 cm; Width: 62.8 cm; Breite: 62.8 cm; Height: 22 cm; Höhe: 22 cm,"MAK – Museum of Applied Arts, Vienna; MAK – Museum für angewandte Kunst, Wien",In Copyright,
/15514/KI_14633_2,,Breite: 17 cm; Höhe: 21 cm; Height: 21 cm; Breite: 17 cm; Höhe: 21 cm,"MAK – Museum of Applied Arts, Vienna; MAK – Museum für angewandte Kunst, Wien",In Copyright,
/15514/KI_14633_3,,Breite: 17 cm; Höhe: 21 cm; Height: 21 cm; Breite: 17 cm; Höhe: 21 cm,"MAK – Museum of Applied Arts, Vienna; MAK – Museum für angewandte Kunst, Wien",In Copyright,
/15514/KI_14633_6,,Höhe: 21.3 cm; Breite: 17.2 cm; Width: 17.2 cm; Höhe: 21.3 cm; Breite: 17.2 cm; Height: 21.3 cm,"MAK – Museum of Applied Arts, Vienna; MAK – Museum für angewandte Kunst, Wien",In Copyright,
/15514/KI_14633_7,,Höhe: 21.3 cm; Breite: 17.2 cm; Width: 17.2 cm; Höhe: 21.3 cm; Breite: 17.2 cm; Height: 21.3 cm,"MAK – Museum of Applied Arts, Vienna; MAK – Museum für angewandte Kunst, Wien",In Copyright,
/15514/KI_14636_1,,Height: 30.3 cm; Width: 47.3 cm; Höhe: 30.3 cm; Breite: 47.3 cm; Höhe: 30.3 cm; Breite: 47.3 cm,"MAK – Museum of Applied Arts, Vienna; MAK – Museum für angewandte Kunst, Wien",In Copyright,
/15514/KI_14636_2,,Breite: 47.6 cm; Höhe: 30.1 cm; Breite: 47.6 cm; Höhe: 30.1 cm; Width: 47.6 cm,"MAK – Museum of Applied Arts, Vienna; MAK – Museum für angewandte Kunst, Wien",In Copyright,
/15514/KI_14636_3,,Breite: 43.6 cm; Höhe: 29.4 cm; Höhe: 29.4 cm; Height: 29.4 cm,"MAK – Museum of Applied Arts, Vienna; MAK – Museum für angewandte Kunst, Wien",In Copyright,
/15514/KI_14636_4,,Breite: 29.5 cm; Height: 22 cm; Höhe: 22 cm; Width: 29.5 cm; Breite: 29.5 cm; Höhe: 22 cm,"MAK – Museum of Applied Arts, Vienna; MAK – Museum für angewandte Kunst, Wien",In Copyright,
/15514/KI_14636_5,,Breite: 21.8 cm; Height: 28 cm; Höhe: 28 cm; Breite: 21.8 cm; Höhe: 28 cm,"MAK – Museum of Applied Arts, Vienna; MAK – Museum für angewandte Kunst, Wien",In Copyright,
/15514/KI_14636_9,,Breite: 24.2 cm; Höhe: 20.4 cm; Height: 20.4 cm; Höhe: 20.4 cm,"MAK – Museum of Applied Arts, Vienna; MAK – Museum für angewandte Kunst, Wien",In Copyright,
/15514/KI_14644_2,,Höhe: 33.8 cm; Breite: 21 cm; Höhe: 33.8 cm; Breite: 21 cm; Height: 33.8 cm,"MAK – Museum of Applied Arts, Vienna; MAK – Museum für angewandte Kunst, Wien",In Copyright,
/15514/KI_14654_1,,Breite: 34.5 cm; Höhe: 43.4 cm; Width: 34.5 cm; Breite: 34.5 cm; Height: 43.4 cm; Höhe: 43.4 cm,"MAK – Museum of Applied Arts, Vienna; MAK – Museum für angewandte Kunst, Wien",In Copyright,
/15514/KI_14654_2,,Height: 49.1 cm; Höhe: 49.1 cm; Höhe: 49.1 cm; Breite: 71.1 cm,"MAK – Museum of Applied Arts, Vienna; MAK – Museum für angewandte Kunst, Wien",In Copyright,
/15514/KI_14657_1,,Breite: 21.4 cm; Höhe: 28.3 cm; Width: 21.4 cm; Breite: 21.4 cm; Höhe: 28.3 cm; Height: 28.3 cm,"MAK – Museum of Applied Arts, Vienna; MAK – Museum für angewandte Kunst, Wien",In Copyright,
/15514/KI_14663_25,,Breite: 23.4 cm; Höhe: 32.8 cm; Breite: 23.4 cm; Width: 23.4 cm; Height: 32.8 cm; Höhe: 32.8 cm,"MAK – Museum of Applied Arts, Vienna; MAK – Museum für angewandte Kunst, Wien",In Copyright,
/15514/KI_14663_54,,Breite: 27.1 cm; Höhe: 29.2 cm; Height: 29.2 cm; Breite: 27.1 cm; Width: 27.1 cm; Höhe: 29.2 cm,"MAK – Museum of Applied Arts, Vienna; MAK – Museum für angewandte Kunst, Wien",In Copyright,
/15514/KI_14664_16,,Breite: 43.7 cm; Höhe: 30 cm; Height: 30 cm; Width: 43.7 cm; Breite: 43.7 cm; Höhe: 30 cm,"MAK – Museum of Applied Arts, Vienna; MAK – Museum für angewandte Kunst, Wien",In Copyright,
/15514/KI_15165_158_30,,Höhe: 23.8 cm; Breite: 21.8 cm,"MAK – Museum of Applied Arts, Vienna; MAK – Museum für angewandte Kunst, Wien",In Copyright,
/15514/KI_15165_162_25,,Breite: 35.2 cm; Höhe: 21.7 cm; Breite: 35.2 cm; Höhe: 21.7 cm; Width: 35.2 cm,"MAK – Museum of Applied Arts, Vienna; MAK – Museum für angewandte Kunst, Wien",In Copyright,
/15514/KI_15165_162_37,,Höhe: 31.8 cm; Breite: 21.5 cm; Höhe: 31.8 cm; Breite: 21.5 cm; Width: 21.5 cm,"MAK – Museum of Applied Arts, Vienna; MAK – Museum für angewandte Kunst, Wien",In Copyright,
/15514/KI_15165_162_38,,Breite: 21.4 cm; Höhe: 31.8 cm; Width: 21.4 cm; Breite: 21.4 cm; Höhe: 31.8 cm,"MAK – Museum of Applied Arts, Vienna; MAK – Museum für angewandte Kunst, Wien",In Copyright,
/15514/KI_15165_162_43,,Height: 47.3 cm; Höhe: 47.3 cm; Width: 32.5 cm; Breite: 32.5 cm; Höhe: 47.3 cm; Breite: 32.5 cm,"MAK – Museum of Applied Arts, Vienna; MAK – Museum für angewandte Kunst, Wien",In Copyright,
/15514/KI_15165_21_22,,Höhe: 11.4 cm; Breite: 16.8 cm; Width: 16.8 cm; Höhe: 11.4 cm; Height: 11.4 cm; Breite: 16.8 cm,"MAK – Museum of Applied Arts, Vienna; MAK – Museum für angewandte Kunst, Wien",In Copyright,
/15514/KI_15165_801_10,,Breite: 30.8 cm; Höhe: 17.5 cm; Breite: 30.8 cm; Width: 30.8 cm; Höhe: 17.5 cm; Height: 17.5 cm,"MAK – Museum of Applied Arts, Vienna; MAK – Museum für angewandte Kunst, Wien",In Copyright,
/15514/KI_15165_801_30,,Höhe: 26.1 cm; Breite: 36 cm; Höhe: 26.1 cm; Breite: 36 cm; Height: 26.1 cm,"MAK – Museum of Applied Arts, Vienna; MAK – Museum für angewandte Kunst, Wien",In Copyright,
/15514/KI_15165_801_33,,Breite: 35.8 cm; Höhe: 25.7 cm; Width: 35.8 cm; Height: 25.7 cm; Breite: 35.8 cm; Höhe: 25.7 cm,"MAK – Museum of Applied Arts, Vienna; MAK – Museum für angewandte Kunst, Wien",In Copyright,
/15514/KI_15165_801_35,,Breite: 35.9 cm; Höhe: 24.1 cm; Breite: 35.9 cm; Width: 35.9 cm; Höhe: 24.1 cm,"MAK – Museum of Applied Arts, Vienna; MAK – Museum für angewandte Kunst, Wien",In Copyright,
/15514/KI_15165_801_47,,Height: 35.9 cm; Höhe: 35.9 cm; Breite: 52 cm; Höhe: 35.9 cm; Breite: 52 cm,"MAK – Museum of Applied Arts, Vienna; MAK – Museum für angewandte Kunst, Wien",In Copyright,
/15514/KI_15165_801_48,,Höhe: 36.3 cm; Breite: 52.4 cm; Höhe: 36.3 cm; Height: 36.3 cm; Breite: 52.4 cm; Width: 52.4 cm,"MAK – Museum of Applied Arts, Vienna; MAK – Museum für angewandte Kunst, Wien",In Copyright,
/15514/KI_15165_802_103,,Height: 35.8 cm; Width: 51.4 cm; Höhe: 35.8 cm; Breite: 51.4 cm; Höhe: 35.8 cm; Breite: 51.4 cm,"MAK – Museum of Applied Arts, Vienna; MAK – Museum für angewandte Kunst, Wien",In Copyright,
/15514/KI_15165_802_130,,Breite: 36 cm; Höhe: 26 cm; Height: 26 cm; Breite: 36 cm; Höhe: 26 cm,"MAK – Museum of Applied Arts, Vienna; MAK – Museum für angewandte Kunst, Wien",In Copyright,
/15514/KI_15165_802_132,,Höhe: 51.5 cm; Breite: 35.9 cm; Höhe: 51.5 cm; Breite: 35.9 cm; Height: 51.5 cm; Width: 35.9 cm,"MAK – Museum of Applied Arts, Vienna; MAK – Museum für angewandte Kunst, Wien",In Copyright,
/15514/KI_15165_802_135,,Breite: 34.8 cm; Höhe: 25.8 cm; Width: 34.8 cm; Breite: 34.8 cm; Höhe: 25.8 cm; Height: 25.8 cm,"MAK – Museum of Applied Arts, Vienna; MAK – Museum für angewandte Kunst, Wien",In Copyright,
/15514/KI_15165_802_140,,Breite: 51.7 cm; Höhe: 35.8 cm; Height: 35.8 cm; Höhe: 35.8 cm,"MAK – Museum of Applied Arts, Vienna; MAK – Museum für angewandte Kunst, Wien",In Copyright,
/15514/KI_15165_802_157,,Breite: 35.6 cm; Height: 26 cm; Width: 35.6 cm; Höhe: 26 cm; Breite: 35.6 cm; Höhe: 26 cm,"MAK – Museum of Applied Arts, Vienna; MAK – Museum für angewandte Kunst, Wien",In Copyright,
/15514/KI_15165_802_162,,Höhe: 25.6 cm; Breite: 35.8 cm; Width: 35.8 cm; Höhe: 25.6 cm; Height: 25.6 cm; Breite: 35.8 cm,"MAK – Museum of Applied Arts, Vienna; MAK – Museum für angewandte Kunst, Wien",In Copyright,
/15514/KI_15165_802_166,,Height: 29.2 cm; Höhe: 29.2 cm; Breite: 46 cm; Höhe: 29.2 cm; Breite: 46 cm,"MAK – Museum of Applied Arts, Vienna; MAK – Museum für angewandte Kunst, Wien",In Copyright,
/15514/KI_15165_802_169,,Höhe: 28.6 cm; Breite: 45.9 cm; Höhe: 28.6 cm; Width: 45.9 cm; Breite: 45.9 cm; Height: 28.6 cm,"MAK – Museum of Applied Arts, Vienna; MAK – Museum für angewandte Kunst, Wien",In Copyright,
/15514/KI_15165_802_171,,Höhe: 27.9 cm; Breite: 45.9 cm; Höhe: 27.9 cm; Height: 27.9 cm; Width: 45.9 cm; Breite: 45.9 cm,"MAK – Museum of Applied Arts, Vienna; MAK – Museum für angewandte Kunst, Wien",In Copyright,
/15514/KI_15165_802_182,,Höhe: 25.8 cm; Breite: 36.5 cm; Width: 36.5 cm; Höhe: 25.8 cm; Height: 25.8 cm; Breite: 36.5 cm,"MAK – Museum of Applied Arts, Vienna; MAK – Museum für angewandte Kunst, Wien",In Copyright,
/15514/KI_15165_802_185,,Höhe: 26.1 cm; Breite: 36.5 cm; Width: 36.5 cm; Höhe: 26.1 cm; Breite: 36.5 cm; Height: 26.1 cm,"MAK – Museum of Applied Arts, Vienna; MAK – Museum für angewandte Kunst, Wien",In Copyright,
/15514/KI_15165_802_192,,Breite: 35.6 cm; Höhe: 25.6 cm; Breite: 35.6 cm; Width: 35.6 cm; Höhe: 25.6 cm; Height: 25.6 cm,"MAK – Museum of Applied Arts, Vienna; MAK – Museum für angewandte Kunst, Wien",In Copyright,
/15514/KI_15165_802_194,,Breite: 35.9 cm; Höhe: 25.6 cm; Breite: 35.9 cm; Width: 35.9 cm; Höhe: 25.6 cm; Height: 25.6 cm,"MAK – Museum of Applied Arts, Vienna; MAK – Museum für angewandte Kunst, Wien",In Copyright,
/15514/KI_15165_802_200,,Breite: 36.2 cm; Height: 26 cm; Width: 36.2 cm; Höhe: 26 cm; Breite: 36.2 cm; Höhe: 26 cm,"MAK – Museum of Applied Arts, Vienna; MAK – Museum für angewandte Kunst, Wien",In Copyright,
/15514/KI_15165_802_203,,Höhe: 25.5 cm; Breite: 35.7 cm; Width: 35.7 cm; Height: 25.5 cm; Höhe: 25.5 cm; Breite: 35.7 cm,"MAK – Museum of Applied Arts, Vienna; MAK – Museum für angewandte Kunst, Wien",In Copyright,
/15514/KI_15165_802_209,,Höhe: 25.8 cm; Breite: 36.1 cm; Höhe: 25.8 cm; Breite: 36.1 cm; Width: 36.1 cm; Height: 25.8 cm,"MAK – Museum of Applied Arts, Vienna; MAK – Museum für angewandte Kunst, Wien",In Copyright,
/15514/KI_15165_802_234,,Breite: 33.1 cm; Height: 25.5 cm; Höhe: 25.5 cm; Width: 33.1 cm; Breite: 33.1 cm; Höhe: 25.5 cm,"MAK – Museum of Applied Arts, Vienna; MAK – Museum für angewandte Kunst, Wien",In Copyright,
/15514/KI_15165_802_239,,Breite: 33.1 cm; Height: 25.7 cm; Width: 33.1 cm; Höhe: 25.7 cm; Breite: 33.1 cm; Höhe: 25.7 cm,"MAK – Museum of Applied Arts, Vienna; MAK – Museum für angewandte Kunst, Wien",In Copyright,
/15514/KI_15165_802_64,,Breite: 52.1 cm; Höhe: 36.2 cm; Height: 36.2 cm; Höhe: 36.2 cm,"MAK – Museum of Applied Arts, Vienna; MAK – Museum für angewandte Kunst, Wien",In Copyright,
/15514/KI_15165_802_76,,Breite: 51.9 cm; Höhe: 36.1 cm; Height: 36.1 cm; Breite: 51.9 cm; Höhe: 36.1 cm; Width: 51.9 cm,"MAK – Museum of Applied Arts, Vienna; MAK – Museum für angewandte Kunst, Wien",In Copyright,
/15514/KI_15165_802_77,,Höhe: 26.1 cm; Breite: 36.1 cm; Höhe: 26.1 cm; Breite: 36.1 cm; Height: 26.1 cm; Width: 36.1 cm,"MAK – Museum of Applied Arts, Vienna; MAK – Museum für angewandte Kunst, Wien",In Copyright,
/15514/KI_15165_802_79,,Höhe: 36.3 cm; Breite: 52.8 cm; Höhe: 36.3 cm; Height: 36.3 cm,"MAK – Museum of Applied Arts, Vienna; MAK – Museum für angewandte Kunst, Wien",In Copyright,
/15514/KI_15165_802_91,,Height: 36.1 cm; Höhe: 36.1 cm; Breite: 52 cm; Höhe: 36.1 cm; Breite: 52 cm,"MAK – Museum of Applied Arts, Vienna; MAK – Museum für angewandte Kunst, Wien",In Copyright,
/15514/KI_15165_802_94,,Breite: 51.5 cm; Höhe: 35.9 cm; Height: 35.9 cm; Width: 51.5 cm; Breite: 51.5 cm; Höhe: 35.9 cm,"MAK – Museum of Applied Arts, Vienna; MAK – Museum für angewandte Kunst, Wien",In Copyright,
/15514/KI_15165_803_13,,Breite: 35.4 cm; Höhe: 25.6 cm; Breite: 35.4 cm; Width: 35.4 cm; Höhe: 25.6 cm; Height: 25.6 cm,"MAK – Museum of Applied Arts, Vienna; MAK – Museum für angewandte Kunst, Wien",In Copyright,
/15514/KI_15165_803_7,,Breite: 36.4 cm; Höhe: 25.9 cm; Height: 25.9 cm; Width: 36.4 cm; Breite: 36.4 cm; Höhe: 25.9 cm,"MAK – Museum of Applied Arts, Vienna; MAK – Museum für angewandte Kunst, Wien",In Copyright,
/15514/KI_15165_803_9,,Breite: 36.6 cm; Höhe: 25.9 cm; Breite: 36.6 cm; Width: 36.6 cm; Height: 25.9 cm; Höhe: 25.9 cm,"MAK – Museum of Applied Arts, Vienna; MAK – Museum für angewandte Kunst, Wien",In Copyright,
/15514/KI_15165_816_19,,Breite: 32.9 cm; Höhe: 25.7 cm; Width: 32.9 cm; Height: 25.7 cm; Breite: 32.9 cm; Höhe: 25.7 cm,"MAK – Museum of Applied Arts, Vienna; MAK – Museum für angewandte Kunst, Wien",In Copyright,
/15514/KI_15165_816_20,,Breite: 32.9 cm; Höhe: 25.6 cm; Breite: 32.9 cm; Width: 32.9 cm; Höhe: 25.6 cm; Height: 25.6 cm,"MAK – Museum of Applied Arts, Vienna; MAK – Museum für angewandte Kunst, Wien",In Copyright,
/15514/KI_15165_816_25,,Breite: 33.1 cm; Höhe: 25.8 cm; Breite: 33.1 cm; Höhe: 25.8 cm; Height: 25.8 cm; Width: 33.1 cm,"MAK – Museum of Applied Arts, Vienna; MAK – Museum für angewandte Kunst, Wien",In Copyright,
/15514/KI_15165_816_26,,Höhe: 25.6 cm; Breite: 33 cm; Höhe: 25.6 cm; Height: 25.6 cm; Breite: 33 cm,"MAK – Museum of Applied Arts, Vienna; MAK – Museum für angewandte Kunst, Wien",In Copyright,
/15514/KI_15165_816_47,,Breite: 38.8 cm; Höhe: 31.6 cm; Height: 31.6 cm; Höhe: 31.6 cm,"MAK – Museum of Applied Arts, Vienna; MAK – Museum für angewandte Kunst, Wien",In Copyright,
/15514/KI_15165_816_51,,Höhe: 33 cm; Breite: 33.1 cm; Höhe: 33 cm; Height: 33 cm; Width: 33.1 cm; Breite: 33.1 cm,"MAK – Museum of Applied Arts, Vienna; MAK – Museum für angewandte Kunst, Wien",In Copyright,
/15514/KI_15165_816_53,,Höhe: 33 cm; Breite: 33.1 cm; Höhe: 33 cm; Height: 33 cm; Width: 33.1 cm; Breite: 33.1 cm,"MAK – Museum of Applied Arts, Vienna; MAK – Museum für angewandte Kunst, Wien",In Copyright,
/15514/KI_15165_816_58,,Breite: 35.4 cm; Höhe: 25.8 cm; Breite: 35.4 cm; Width: 35.4 cm; Höhe: 25.8 cm; Height: 25.8 cm,"MAK – Museum of Applied Arts, Vienna; MAK – Museum für angewandte Kunst, Wien",In Copyright,
/15514/KI_15165_816_60,,Breite: 35.5 cm; Height: 25.5 cm; Höhe: 25.5 cm; Width: 35.5 cm; Breite: 35.5 cm; Höhe: 25.5 cm,"MAK – Museum of Applied Arts, Vienna; MAK – Museum für angewandte Kunst, Wien",In Copyright,
/15514/KI_15765_2491,,Height: 27 cm; Width: 34.1 cm; Höhe: 27 cm; Breite: 34.1 cm; Höhe: 27 cm; Breite: 34.1 cm,"MAK – Museum of Applied Arts, Vienna; MAK – Museum für angewandte Kunst, Wien",In Copyright,
/15514/KI_16396_1,,Breite: 13.7 cm; Höhe: 10.5 cm; Breite (Untersatzkarton): 24.5 cm; Höhe (Untersatzkarton): 19.1 cm; Breite: 13.7 cm; Höhe: 10.5 cm; Breite (Untersatzkarton): 24.5 cm; Höhe (Untersatzkarton): 19.1 cm; Height: 10.5 cm; Width: 13.7 cm,"MAK – Museum of Applied Arts, Vienna; MAK – Museum für angewandte Kunst, Wien",In Copyright,
/15514/KI_16396_2,,Breite (Untersatzkarton): 24.6 cm; Höhe: 9.8 cm; Breite: 12.7 cm; Höhe (Untersatzkarton): 19.1 cm; Höhe: 9.8 cm; Breite: 12.7 cm; Width: 12.7 cm; Breite (Untersatzkarton): 24.6 cm; Höhe (Untersatzkarton): 19.1 cm; Height: 9.8 cm,"MAK – Museum of Applied Arts, Vienna; MAK – Museum für angewandte Kunst, Wien",In Copyright,
/15514/KI_16396_3,,Breite: 10 cm; Höhe: 13 cm; Höhe (Untersatzkarton): 24.6 cm; Breite (Untersatzkarton): 19.1 cm; Height: 13 cm; Höhe: 13 cm; Höhe (Untersatzkarton): 24.6 cm; Breite (Untersatzkarton): 19.1 cm; Breite: 10 cm,"MAK – Museum of Applied Arts, Vienna; MAK – Museum für angewandte Kunst, Wien",In Copyright,
/15514/KI_20177,,Breite (Untersatzkarton): 32.8 cm; Höhe (Untersatzkarton): 24.5 cm; Breite: 20.5 cm; Höhe: 15.1 cm; Breite (Untersatzkarton): 32.8 cm; Höhe (Untersatzkarton): 24.5 cm; Höhe: 15.1 cm; Breite: 20.5 cm; Height: 15.1 cm; Width: 20.5 cm,"MAK – Museum of Applied Arts, Vienna; MAK – Museum für angewandte Kunst, Wien",In Copyright,
/15514/KI_23336_33,,Höhe: 24.3 cm; Breite: 19.8 cm; Höhe: 24.3 cm; Breite: 19.8 cm; Height: 24.3 cm; Width: 19.8 cm,"MAK – Museum of Applied Arts, Vienna; MAK – Museum für angewandte Kunst, Wien",In Copyright,
/15514/KI_23336_34,,Breite: 20 cm; Höhe: 25.5 cm; Breite: 20 cm; Höhe: 25.5 cm; Height: 25.5 cm,"MAK – Museum of Applied Arts, Vienna; MAK – Museum für angewandte Kunst, Wien",In Copyright,
/15514/KI_23336_56,,Höhe: 29.8 cm; Breite: 27 cm; Höhe: 29.8 cm; Height: 29.8 cm; Breite: 27 cm,"MAK – Museum of Applied Arts, Vienna; MAK – Museum für angewandte Kunst, Wien",In Copyright,
/15514/KI_23336_58,,Breite: 81.5 cm; Höhe: 50.2 cm; Breite: 81.5 cm; Width: 81.5 cm; Height: 50.2 cm; Höhe: 50.2 cm,"MAK – Museum of Applied Arts, Vienna; MAK – Museum für angewandte Kunst, Wien",In Copyright,
/15514/KI_23336_60,,Breite: 37.7 cm; Höhe: 45.5 cm; Höhe: 45.5 cm; Height: 45.5 cm,"MAK – Museum of Applied Arts, Vienna; MAK – Museum für angewandte Kunst, Wien",In Copyright,
/15514/KI_23336_64,,Breite: 27.5 cm; Height: 20.6 cm; Höhe: 20.6 cm; Width: 27.5 cm; Breite: 27.5 cm; Höhe: 20.6 cm,"MAK – Museum of Applied Arts, Vienna; MAK – Museum für angewandte Kunst, Wien",In Copyright,
/15514/KI_23336_65,,Breite: 24.5 cm; Height: 19 cm; Höhe: 19 cm; Breite: 24.5 cm; Höhe: 19 cm,"MAK – Museum of Applied Arts, Vienna; MAK – Museum für angewandte Kunst, Wien",In Copyright,
/15514/KI_23336_80,,Height: 34.8 cm; Höhe: 34.8 cm; Breite: 73 cm; Höhe: 34.8 cm; Breite: 73 cm,"MAK – Museum of Applied Arts, Vienna; MAK – Museum für angewandte Kunst, Wien",In Copyright,
/15514/KI_2594_18,,Breite: 24.1 cm; Höhe: 19.6 cm; Breite (Untersatzkarton): 38.2 cm; Höhe (Untersatzkarton): 30.6 cm; Height: 19.6 cm; Höhe: 19.6 cm; Breite (Untersatzkarton): 38.2 cm; Höhe (Untersatzkarton): 30.6 cm; Breite: 24.1 cm,"MAK – Museum of Applied Arts, Vienna; MAK – Museum für angewandte Kunst, Wien",In Copyright,
/15514/KI_3023_128,,Height: 16.9 cm; Breite (Untersatzkarton): 44.6 cm; Breite: 30.8 cm; Höhe: 16.9 cm; Width: 30.8 cm; Höhe (Untersatzkarton): 31.8 cm; Höhe (Untersatzkarton): 31.8 cm; Breite: 30.8 cm; Breite (Untersatzkarton): 44.6 cm; Höhe: 16.9 cm,"MAK – Museum of Applied Arts, Vienna; MAK – Museum für angewandte Kunst, Wien",In Copyright,
/15514/KI_7309_4,,Höhe: 26.8 cm; Breite (Untersatzkarton): 33 cm; Höhe (Untersatzkarton): 50 cm; Height: 26.8 cm; Höhe: 26.8 cm; Breite: 20.9 cm; Höhe (Untersatzkarton): 50 cm; Breite (Untersatzkarton): 33 cm,"MAK – Museum of Applied Arts, Vienna; MAK – Museum für angewandte Kunst, Wien",In Copyright,
/15514/KI_7319_11,,Breite (Untersatzkarton): 50 cm; Width: 26.3 cm; Höhe (Untersatzkarton): 32.5 cm; Breite: 26.3 cm; Höhe: 20.3 cm; Height: 20.3 cm; Höhe (Untersatzkarton): 32.5 cm; Breite (Untersatzkarton): 50 cm; Höhe: 20.3 cm; Breite: 26.3 cm,"MAK – Museum of Applied Arts, Vienna; MAK – Museum für angewandte Kunst, Wien",In Copyright,
/15514/KI_7319_12,,Breite (Untersatzkarton): 50 cm; Höhe (Untersatzkarton): 32 cm; Breite: 25.9 cm; Höhe: 20.4 cm; Width: 25.9 cm; Höhe (Untersatzkarton): 32 cm; Breite (Untersatzkarton): 50 cm; Höhe: 20.4 cm; Breite: 25.9 cm; Height: 20.4 cm,"MAK – Museum of Applied Arts, Vienna; MAK – Museum für angewandte Kunst, Wien",In Copyright,
/15514/KI_7355_24,,Breite: 20.6 cm; Height: 10.6 cm; Höhe (Untersatzkarton): 32.6 cm; Width: 20.6 cm; Breite (Untersatzkarton): 50.1 cm; Höhe: 10.6 cm; Höhe: 10.6 cm; Höhe (Untersatzkarton): 32.6 cm; Breite (Untersatzkarton): 50.1 cm; Breite: 20.6 cm,"MAK – Museum of Applied Arts, Vienna; MAK – Museum für angewandte Kunst, Wien",In Copyright,
/15514/KI_7404_9,,Höhe: 11.3 cm; Höhe (Untersatzkarton): 32.6 cm; Breite: 20.5 cm; Breite (Untersatzkarton): 50 cm; Höhe: 11.3 cm; Width: 20.5 cm; Breite (Untersatzkarton): 50 cm; Höhe (Untersatzkarton): 32.6 cm; Breite: 20.5 cm; Height: 11.3 cm,"MAK – Museum of Applied Arts, Vienna; MAK – Museum für angewandte Kunst, Wien",In Copyright,
/15514/KI_7410_17,,Höhe (Untersatzkarton): 32.4 cm; Height: 19.9 cm; Width: 25.7 cm; Breite (Untersatzkarton): 50.1 cm; Höhe: 19.9 cm; Breite: 25.7 cm; Höhe (Untersatzkarton): 32.4 cm; Höhe: 19.9 cm; Breite (Untersatzkarton): 50.1 cm; Breite: 25.7 cm,"MAK – Museum of Applied Arts, Vienna; MAK – Museum für angewandte Kunst, Wien",In Copyright,
/15514/KI_7486_32,,Height: 19.3 cm; Breite (Untersatzkarton): 49.8 cm; Breite: 26.2 cm; Höhe: 19.3 cm; Höhe (Untersatzkarton): 32.5 cm; Width: 26.2 cm; Höhe (Untersatzkarton): 32.5 cm; Breite: 26.2 cm; Breite (Untersatzkarton): 49.8 cm; Höhe: 19.3 cm,"MAK – Museum of Applied Arts, Vienna; MAK – Museum für angewandte Kunst, Wien",In Copyright,
/15514/KI_7577_170,,Breite: 26 cm; Breite (Untersatzkarton): 50 cm; Höhe (Untersatzkarton): 32.5 cm; Höhe: 17.6 cm; Height: 17.6 cm; Breite: 26 cm; Höhe: 17.6 cm; Höhe (Untersatzkarton): 32.5 cm; Breite (Untersatzkarton): 50 cm,"MAK – Museum of Applied Arts, Vienna; MAK – Museum für angewandte Kunst, Wien",In Copyright,
/15514/KI_7577_30,,Height: 19.2 cm; Width: 26.1 cm; Breite (Untersatzkarton): 50 cm; Höhe (Untersatzkarton): 32.5 cm; Höhe: 19.2 cm; Breite: 26.1 cm; Höhe (Untersatzkarton): 32.5 cm; Höhe: 19.2 cm; Breite: 26.1 cm; Breite (Untersatzkarton): 50 cm,"MAK – Museum of Applied Arts, Vienna; MAK – Museum für angewandte Kunst, Wien",In Copyright,
/15514/KI_7577_31,,Höhe: 20.2 cm; Höhe (Untersatzkarton): 32.5 cm; Breite (Untersatzkarton): 50 cm; Breite: 24.8 cm; Höhe: 20.2 cm; Width: 24.8 cm; Breite (Untersatzkarton): 50 cm; Breite: 24.8 cm; Height: 20.2 cm; Höhe (Untersatzkarton): 32.5 cm,"MAK – Museum of Applied Arts, Vienna; MAK – Museum für angewandte Kunst, Wien",In Copyright,
/15514/KI_7671_105,,Breite: 16.6 cm; Höhe (Untersatzkarton): 50 cm; Breite (Untersatzkarton): 32.6 cm; Höhe: 29.4 cm; Höhe: 29.4 cm; Height: 29.4 cm; Breite (Untersatzkarton): 32.6 cm; Breite: 16.6 cm; Width: 16.6 cm; Höhe (Untersatzkarton): 50 cm,"MAK – Museum of Applied Arts, Vienna; MAK – Museum für angewandte Kunst, Wien",In Copyright,
/15514/KI_7671_106,,Height: 24.9 cm; Breite (Untersatzkarton): 32.6 cm; Höhe: 24.9 cm; Höhe (Untersatzkarton): 50 cm; Breite: 21 cm; Höhe (Untersatzkarton): 50 cm; Breite: 21 cm; Breite (Untersatzkarton): 32.6 cm; Höhe: 24.9 cm,"MAK – Museum of Applied Arts, Vienna; MAK – Museum für angewandte Kunst, Wien",In Copyright,
/15514/KI_7671_107,,Höhe: 25.3 cm; Breite: 18.7 cm; Breite (Untersatzkarton): 32.6 cm; Höhe (Untersatzkarton): 50 cm; Width: 18.7 cm; Breite (Untersatzkarton): 32.6 cm; Height: 25.3 cm; Höhe: 25.3 cm; Höhe (Untersatzkarton): 50 cm; Breite: 18.7 cm,"MAK – Museum of Applied Arts, Vienna; MAK – Museum für angewandte Kunst, Wien",In Copyright,
/15514/KI_7671_109,,Breite (Untersatzkarton): 50 cm; Height: 17.7 cm; Höhe: 17.7 cm; Breite: 25.4 cm; Höhe (Untersatzkarton): 32.6 cm; Width: 25.4 cm; Höhe (Untersatzkarton): 32.6 cm; Breite (Untersatzkarton): 50 cm; Höhe: 17.7 cm; Breite: 25.4 cm,"MAK – Museum of Applied Arts, Vienna; MAK – Museum für angewandte Kunst, Wien",In Copyright,
/15514/KI_7671_110,,Breite: 26 cm; Breite (Untersatzkarton): 50 cm; Höhe (Untersatzkarton): 32.6 cm; Height: 19.1 cm; Höhe: 19.1 cm; Breite: 26 cm; Höhe: 19.1 cm; Höhe (Untersatzkarton): 32.6 cm; Breite (Untersatzkarton): 50 cm,"MAK – Museum of Applied Arts, Vienna; MAK – Museum für angewandte Kunst, Wien",In Copyright,
/15514/KI_7671_111,,Höhe: 20.2 cm; Breite (Untersatzkarton): 50 cm; Height: 20.2 cm; Width: 26.8 cm; Höhe (Untersatzkarton): 32.6 cm; Breite: 26.8 cm; Höhe: 20.2 cm; Breite (Untersatzkarton): 50 cm; Höhe (Untersatzkarton): 32.6 cm; Breite: 26.8 cm,"MAK – Museum of Applied Arts, Vienna; MAK – Museum für angewandte Kunst, Wien",In Copyright,
/15514/KI_7671_112,,Höhe (Untersatzkarton): 32.6 cm; Breite (Untersatzkarton): 50 cm; Breite: 27.4 cm; Höhe: 21.8 cm; Höhe (Untersatzkarton): 32.6 cm; Breite (Untersatzkarton): 50 cm; Höhe: 21.8 cm,"MAK – Museum of Applied Arts, Vienna; MAK – Museum für angewandte Kunst, Wien",In Copyright,
/15514/KI_7671_113,,Breite (Untersatzkarton): 50 cm; Höhe: 20.5 cm; Breite: 25.4 cm; Höhe (Untersatzkarton): 32.6 cm; Width: 25.4 cm; Height: 20.5 cm; Höhe: 20.5 cm; Höhe (Untersatzkarton): 32.6 cm; Breite (Untersatzkarton): 50 cm; Breite: 25.4 cm,"MAK – Museum of Applied Arts, Vienna; MAK – Museum für angewandte Kunst, Wien",In Copyright,
/15514/KI_7671_121,,Breite (Untersatzkarton): 50 cm; Höhe (Untersatzkarton): 32.6 cm; Breite: 24.5 cm; Höhe: 18.9 cm; Height: 18.9 cm; Breite (Untersatzkarton): 50 cm; Höhe (Untersatzkarton): 32.6 cm; Höhe: 18.9 cm; Breite: 24.5 cm,"MAK – Museum of Applied Arts, Vienna; MAK – Museum für angewandte Kunst, Wien",In Copyright,
/15514/KI_7671_216,,Breite: 24.2 cm; Breite (Untersatzkarton): 50 cm; Höhe: 20.1 cm; Höhe (Untersatzkarton): 32.5 cm; Height: 20.1 cm; Breite (Untersatzkarton): 50 cm; Höhe: 20.1 cm; Höhe (Untersatzkarton): 32.5 cm,"MAK – Museum of Applied Arts, Vienna; MAK – Museum für angewandte Kunst, Wien",In Copyright,
/15514/KI_7671_217,,Höhe: 20.2 cm; Breite (Untersatzkarton): 50 cm; Breite: 25.4 cm; Height: 20.2 cm; Höhe (Untersatzkarton): 32.5 cm; Width: 25.4 cm; Höhe: 20.2 cm; Höhe (Untersatzkarton): 32.5 cm; Breite (Untersatzkarton): 50 cm; Breite: 25.4 cm,"MAK – Museum of Applied Arts, Vienna; MAK – Museum für angewandte Kunst, Wien",In Copyright,
/15514/KI_7704_24,,Breite: 19.8 cm; Höhe (Untersatzkarton): 32.5 cm; Breite (Untersatzkarton): 50.1 cm; Höhe: 24.1 cm; Höhe (Untersatzkarton): 32.5 cm; Width: 19.8 cm; Breite (Untersatzkarton): 50.1 cm; Breite: 19.8 cm; Höhe: 24.1 cm,"MAK – Museum of Applied Arts, Vienna; MAK – Museum für angewandte Kunst, Wien",In Copyright,
/15514/KI_7704_25,,Breite (Untersatzkarton): 32.5 cm; Width: 18.1 cm; Breite: 18.1 cm; Höhe (Untersatzkarton): 50.1 cm; Höhe: 22.9 cm; Breite: 18.1 cm; Höhe: 22.9 cm; Breite (Untersatzkarton): 32.5 cm; Höhe (Untersatzkarton): 50.1 cm,"MAK – Museum of Applied Arts, Vienna; MAK – Museum für angewandte Kunst, Wien",In Copyright,
/15514/KI_7738_76,,Breite: 25.5 cm; Höhe: 19.1 cm; Höhe (Untersatzkarton): 32.4 cm; Breite (Untersatzkarton): 50.2 cm; Höhe (Untersatzkarton): 32.4 cm; Breite: 25.5 cm; Height: 19.1 cm; Width: 25.5 cm; Höhe: 19.1 cm; Breite (Untersatzkarton): 50.2 cm,"MAK – Museum of Applied Arts, Vienna; MAK – Museum für angewandte Kunst, Wien",In Copyright,
/15514/KI_7793_8,,Breite: 17.8 cm; Breite (Untersatzkarton): 32.8 cm; Width: 17.8 cm; Höhe: 21.7 cm; Höhe (Untersatzkarton): 49.6 cm; Höhe: 21.7 cm; Breite (Untersatzkarton): 32.8 cm; Breite: 17.8 cm; Höhe (Untersatzkarton): 49.6 cm,"MAK – Museum of Applied Arts, Vienna; MAK – Museum für angewandte Kunst, Wien",In Copyright,
/15514/KI_7854_26,,Breite:  cm; Höhe:  cm,"MAK – Museum of Applied Arts, Vienna; MAK – Museum für angewandte Kunst, Wien",In Copyright,
/15514/KI_7884_31,,Höhe (Untersatzkarton): 50 cm; Höhe: 21.6 cm; Breite (Untersatzkarton): 33 cm; Breite: 16.5 cm; Höhe: 21.6 cm; Width: 16.5 cm; Breite (Untersatzkarton): 33 cm; Height: 21.6 cm; Breite: 16.5 cm; Höhe (Untersatzkarton): 50 cm,"MAK – Museum of Applied Arts, Vienna; MAK – Museum für angewandte Kunst, Wien",In Copyright,
/15514/KI_7897_3,,Höhe: 15 cm; Breite (Untersatzkarton): 32.5 cm; Breite: 10.8 cm; Höhe (Untersatzkarton): 49.5 cm; Width: 10.8 cm; Breite (Untersatzkarton): 32.5 cm; Höhe: 15 cm; Breite: 10.8 cm; Höhe (Untersatzkarton): 49.5 cm; Height: 15 cm,"MAK – Museum of Applied Arts, Vienna; MAK – Museum für angewandte Kunst, Wien",In Copyright,
/15514/KI_7920_15,,Breite (Untersatzkarton): 33.1 cm; Höhe: 17.9 cm; Breite: 15.2 cm; Höhe (Untersatzkarton): 49.9 cm; Height: 17.9 cm; Width: 15.2 cm; Breite (Untersatzkarton): 33.1 cm; Höhe: 17.9 cm; Höhe (Untersatzkarton): 49.9 cm; Breite: 15.2 cm,"MAK – Museum of Applied Arts, Vienna; MAK – Museum für angewandte Kunst, Wien",In Copyright,
/15514/KI_8119_437,,Höhe: 43.3 cm; Breite: 35.3 cm; Höhe: 43.3 cm; Breite: 35.3 cm; Height: 43.3 cm; Width: 35.3 cm,"MAK – Museum of Applied Arts, Vienna; MAK – Museum für angewandte Kunst, Wien",In Copyright,
/15514/KI_8119_438,,Breite: 26.1 cm; Höhe: 42.4 cm; Width: 26.1 cm; Breite: 26.1 cm; Höhe: 42.4 cm; Height: 42.4 cm,"MAK – Museum of Applied Arts, Vienna; MAK – Museum für angewandte Kunst, Wien",In Copyright,
/15514/KI_8119_498,,Breite: 31.3 cm; Höhe: 22.9 cm; Breite: 31.3 cm; Höhe: 22.9 cm; Width: 31.3 cm,"MAK – Museum of Applied Arts, Vienna; MAK – Museum für angewandte Kunst, Wien",In Copyright,
/15514/KI_8119_499,,Höhe: 23.4 cm; Breite: 30.9 cm; Höhe: 23.4 cm; Height: 23.4 cm,"MAK – Museum of Applied Arts, Vienna; MAK – Museum für angewandte Kunst, Wien",In Copyright,
/15514/KI_8135_29,,Height: 15.9 cm; Höhe (Untersatzkarton): 49.3 cm; Höhe: 15.9 cm; Breite: 32.9 cm; Breite (Untersatzkarton): 32.6 cm; Width: 32.9 cm; Höhe (Untersatzkarton): 49.3 cm; Höhe: 15.9 cm; Breite (Untersatzkarton): 32.6 cm; Breite: 32.9 cm,"MAK – Museum of Applied Arts, Vienna; MAK – Museum für angewandte Kunst, Wien",In Copyright,
/15514/KI_8344,,Breite: 34.4 cm; Höhe: 42 cm; Width: 34.4 cm; Breite: 34.4 cm; Height: 42 cm; Höhe: 42 cm,"MAK – Museum of Applied Arts, Vienna; MAK – Museum für angewandte Kunst, Wien",In Copyright,
/15514/KI_8836,,Breite: 21 cm; Height: 34 cm; Höhe: 34 cm; Breite: 21 cm; Höhe: 34 cm,"MAK – Museum of Applied Arts, Vienna; MAK – Museum für angewandte Kunst, Wien",In Copyright,
/15514/KI_8842,,Breite: 19 cm; Höhe: 24 cm; Breite: 19 cm; Höhe: 24 cm; Height: 24 cm,"MAK – Museum of Applied Arts, Vienna; MAK – Museum für angewandte Kunst, Wien",In Copyright,
/15514/KI_8844_1,,Breite: 34 cm; Höhe: 21 cm; Breite: 34 cm; Höhe: 21 cm; Height: 21 cm,"MAK – Museum of Applied Arts, Vienna; MAK – Museum für angewandte Kunst, Wien",In Copyright,
/15514/KI_8844_2,,Breite: 34 cm; Höhe: 21 cm; Breite: 34 cm; Höhe: 21 cm; Height: 21 cm,"MAK – Museum of Applied Arts, Vienna; MAK – Museum für angewandte Kunst, Wien",In Copyright,
/15514/KI_8845,,Breite: 19 cm; Höhe: 24 cm; Breite: 19 cm; Höhe: 24 cm; Height: 24 cm,"MAK – Museum of Applied Arts, Vienna; MAK – Museum für angewandte Kunst, Wien",In Copyright,
/15514/KI_8846,,Breite: 19 cm; Höhe: 24 cm; Breite: 19 cm; Höhe: 24 cm; Height: 24 cm,"MAK – Museum of Applied Arts, Vienna; MAK – Museum für angewandte Kunst, Wien",In Copyright,
/15514/KI_9436_3_1,,Höhe: 9.2 cm; Breite (Untersatzkarton): 32.5 cm; Höhe (Untersatzkarton): 49.7 cm; Breite: 13.9 cm; Höhe: 9.2 cm; Höhe (Untersatzkarton): 49.7 cm; Breite (Untersatzkarton): 32.5 cm; Breite: 13.9 cm; Width: 13.9 cm; Height: 9.2 cm,"MAK – Museum of Applied Arts, Vienna; MAK – Museum für angewandte Kunst, Wien",In Copyright,
/15514/KI_9436_6_2,,Breite: 9.3 cm; Höhe (Untersatzkarton): 32.5 cm; Höhe: 15.1 cm; Breite (Untersatzkarton): 49.7 cm; Höhe (Untersatzkarton): 32.5 cm; Height: 15.1 cm; Höhe: 15.1 cm; Breite (Untersatzkarton): 49.7 cm,"MAK – Museum of Applied Arts, Vienna; MAK – Museum für angewandte Kunst, Wien",In Copyright,
/15514/KI_9438,,Breite: 19.9 cm; Höhe (Untersatzkarton): 32.5 cm; Breite (Untersatzkarton): 24.7 cm; Höhe: 22.2 cm; Breite: 19.9 cm; Höhe: 22.2 cm; Höhe (Untersatzkarton): 32.5 cm; Width: 19.9 cm; Breite (Untersatzkarton): 24.7 cm,"MAK – Museum of Applied Arts, Vienna; MAK – Museum für angewandte Kunst, Wien",In Copyright,
/15514/KS_559,,Höhe: 18 cm; Höhe: 18 cm; Height: 18 cm,"MAK – Museum of Applied Arts, Vienna; MAK – Museum für angewandte Kunst, Wien",In Copyright,
/15514/ME_1529,,Depth: 25 cm; Breite: 33 cm; Height: 24 cm; Tiefe: 25 cm; Höhe: 24 cm; Tiefe: 25 cm; Höhe: 24 cm; Breite: 33 cm,"MAK – Museum of Applied Arts, Vienna; MAK – Museum für angewandte Kunst, Wien",In Copyright,
/15514/ME_175,,Height: 23.5 cm; Höhe: 23.5 cm; Höhe: 23.5 cm,"MAK – Museum of Applied Arts, Vienna; MAK – Museum für angewandte Kunst, Wien",In Copyright,
/15514/ME_353,,Height: 23.5 cm; Höhe: 23.5 cm; Höhe: 23.5 cm,"MAK – Museum of Applied Arts, Vienna; MAK – Museum für angewandte Kunst, Wien",In Copyright,
/15514/ME_401,,,"MAK – Museum of Applied Arts, Vienna; MAK – Museum für angewandte Kunst, Wien",In Copyright,
/15514/ME_402,,,"MAK – Museum of Applied Arts, Vienna; MAK – Museum für angewandte Kunst, Wien",In Copyright,
/15514/ME_403,,,"MAK – Museum of Applied Arts, Vienna; MAK – Museum für angewandte Kunst, Wien",In Copyright,
/15514/ME_404,,,"MAK – Museum of Applied Arts, Vienna; MAK – Museum für angewandte Kunst, Wien",In Copyright,
/15514/ME_522,,Höhe: 20 cm; Durchmesser: 10.3 cm; Breite: 18 cm,"MAK – Museum of Applied Arts, Vienna; MAK – Museum für angewandte Kunst, Wien",In Copyright,
/15514/ME_657,,Höhe: 24 cm; Breite: 17.5 cm; Width: 17.5 cm; Höhe: 24 cm; Breite: 17.5 cm; Height: 24 cm,"MAK – Museum of Applied Arts, Vienna; MAK – Museum für angewandte Kunst, Wien",In Copyright,
/15514/ME_713_1,,Height: 22.5 cm; Höhe: 22.5 cm; Höhe: 22.5 cm,"MAK – Museum of Applied Arts, Vienna; MAK – Museum für angewandte Kunst, Wien",In Copyright,
/15514/ME_846_1,,Höhe: 20 cm; Breite: 32 cm; Höhe: 20 cm; Breite: 32 cm; Height: 20 cm,"MAK – Museum of Applied Arts, Vienna; MAK – Museum für angewandte Kunst, Wien",In Copyright,
/15514/ME_941,,,"MAK – Museum of Applied Arts, Vienna; MAK – Museum für angewandte Kunst, Wien",In Copyright,
/15514/ME_987_1,,Breite: 24 cm; Height: 20.6 cm; Höhe: 20.6 cm; Länge: 29 cm; Breite: 24 cm; Höhe: 20.6 cm; Länge: 29 cm,"MAK – Museum of Applied Arts, Vienna; MAK – Museum für angewandte Kunst, Wien",In Copyright,
/15514/OR_1023,,Höhe: 17.5 cm; Durchmesser: 12.4 cm,"MAK – Museum of Applied Arts, Vienna; MAK – Museum für angewandte Kunst, Wien",In Copyright,
/15514/OR_1198,,Höhe: 9.2 cm; Länge: 14.3 cm; Durchmesser: 13.2 cm,"MAK – Museum of Applied Arts, Vienna; MAK – Museum für angewandte Kunst, Wien",In Copyright,
/15514/OR_1591,,Höhe: 20 cm; Höhe: 20 cm; Height: 20 cm,"MAK – Museum of Applied Arts, Vienna; MAK – Museum für angewandte Kunst, Wien",In Copyright,
/15514/OR_1596,,Höhe: 20.5 cm; Höhe: 20.5 cm; Height: 20.5 cm,"MAK – Museum of Applied Arts, Vienna; MAK – Museum für angewandte Kunst, Wien",In Copyright,
/15514/OR_2545,,Durchmesser: 10.9 cm; Höhe: 12.6 cm,"MAK – Museum of Applied Arts, Vienna; MAK – Museum für angewandte Kunst, Wien",In Copyright,
/15514/OR_2569,,Höhe (Kanne mit Deckel): 17.5 cm; Durchmesser (Kanne mit Deckel): 5.8 cm; Höhe (Kanne mit Deckel): 4.5 cm; Durchmesser (Kanne mit Deckel): 11.4 cm; Höhe (Kanne mit Deckel): 15.2 cm; Breite (Kanne mit Deckel): 18.2 cm; Höhe (Kanne mit Deckel): 17.5 cm; Height (pot with lid): 4.5 cm; Durchmesser (Kanne mit Deckel): 5.8 cm; Höhe (Kanne mit Deckel): 4.5 cm; Durchmesser (Kanne mit Deckel): 11.4 cm; Höhe (Kanne mit Deckel): 15.2 cm; Breite (Kanne mit Deckel): 18.2 cm,"MAK – Museum of Applied Arts, Vienna; MAK – Museum für angewandte Kunst, Wien",In Copyright,
/15514/OR_2603,,Höhe (Kanne mit Deckel): 9.1 cm; Durchmesser (Kanne mit Deckel): 10 cm; Höhe (Kanne mit Deckel): 11 cm; Breite (Kanne mit Deckel): 17.1 cm; Höhe (Kanne mit Deckel): 6.4 cm; Durchmesser (Kanne mit Deckel): 7.5 cm; Durchmesser (Kanne mit Deckel): 5.6 cm; Höhe (Kanne mit Deckel): 3.2 cm; Höhe (Kanne mit Deckel): 9.1 cm; Height (pot with lid): 3.2 cm; Durchmesser (Kanne mit Deckel): 10 cm; Höhe (Kanne mit Deckel): 11 cm; Breite (Kanne mit Deckel): 17.1 cm; Höhe (Kanne mit Deckel): 6.4 cm; Durchmesser (Kanne mit Deckel): 7.5 cm; Durchmesser (Kanne mit Deckel): 5.6 cm; Höhe (Kanne mit Deckel): 3.2 cm,"MAK – Museum of Applied Arts, Vienna; MAK – Museum für angewandte Kunst, Wien",In Copyright,
/15514/OR_2612,,Breite (Kanne mit Deckel): 9.2 cm; Höhe (Kanne mit Deckel): 5 cm; Höhe (Kanne mit Deckel): 18.8 cm; Tiefe (Kanne mit Deckel): 13.8 cm; Breite (Kanne mit Deckel): 22 cm; Höhe (Kanne mit Deckel): 15.6 cm; Tiefe (Kanne mit Deckel): 9.3 cm,"MAK – Museum of Applied Arts, Vienna; MAK – Museum für angewandte Kunst, Wien",In Copyright,
/15514/OR_2614,,Höhe (Kanne mit Deckel): 15.4 cm; Breite (Kanne mit Deckel): 7.1 cm; Höhe (Kanne mit Deckel): 12.5 cm; Breite (Kanne mit Deckel): 14.7 cm; Tiefe (Kanne mit Deckel): 7 cm; Höhe (Kanne mit Deckel): 3.9 cm; Tiefe (Kanne mit Deckel): 10.8 cm,"MAK – Museum of Applied Arts, Vienna; MAK – Museum für angewandte Kunst, Wien",In Copyright,
/15514/OR_375,,,"MAK – Museum of Applied Arts, Vienna; MAK – Museum für angewandte Kunst, Wien",In Copyright,
/15514/OR_528,,Höhe (Kanne mit Deckel): 2.8 cm; Höhe (Kanne mit Deckel): 10.3 cm; Durchmesser (Kanne mit Deckel): 13.2 cm; Höhe (Kanne mit Deckel): 8.6 cm,"MAK – Museum of Applied Arts, Vienna; MAK – Museum für angewandte Kunst, Wien",In Copyright,
/15514/OR_543,,Breite: 12.2 cm; Tiefe: 8.8 cm; Höhe: 18.4 cm; Width: 12.2 cm; Breite: 12.2 cm; Höhe: 18.4 cm; Height: 18.4 cm; Depth: 8.8 cm; Tiefe: 8.8 cm,"MAK – Museum of Applied Arts, Vienna; MAK – Museum für angewandte Kunst, Wien",In Copyright,
/15514/OR_563,,Höhe (Kanne mit Deckel): 8.8 cm; Tiefe (Kanne mit Deckel): 11.2 cm; Durchmesser (Kanne mit Deckel): 6.3 cm; Höhe (Kanne mit Deckel): 8.2 cm; Höhe (Kanne mit Deckel): 2.6 cm; Breite (Kanne mit Deckel): 13.4 cm,"MAK – Museum of Applied Arts, Vienna; MAK – Museum für angewandte Kunst, Wien",In Copyright,
/15514/OR_620,,Durchmesser: 13 cm; Höhe: 24 cm,"MAK – Museum of Applied Arts, Vienna; MAK – Museum für angewandte Kunst, Wien",In Copyright,
/15514/OR_621,,Breite: 16.6 cm; Durchmesser: 13.5 cm; Höhe: 23.7 cm,"MAK – Museum of Applied Arts, Vienna; MAK – Museum für angewandte Kunst, Wien",In Copyright,
/15514/OR_622,,Höhe: 11.3 cm; Breite: 14.1 cm; Durchmesser: 9 cm,"MAK – Museum of Applied Arts, Vienna; MAK – Museum für angewandte Kunst, Wien",In Copyright,
/15514/OR_623,,Höhe: 19.8 cm; Durchmesser: 10.9 cm; Breite: 15.3 cm,"MAK – Museum of Applied Arts, Vienna; MAK – Museum für angewandte Kunst, Wien",In Copyright,
/15514/OR_627,,Höhe: 10.4 cm; Tiefe: 6 cm; Breite: 9.5 cm; Höhe: 10.4 cm; Width: 9.5 cm; Depth: 6 cm; Breite: 9.5 cm; Height: 10.4 cm; Tiefe: 6 cm,"MAK – Museum of Applied Arts, Vienna; MAK – Museum für angewandte Kunst, Wien",In Copyright,
/15514/OR_712,,Breite: 28.1 cm; Durchmesser: 18.7 cm; Höhe: 11.4 cm,"MAK – Museum of Applied Arts, Vienna; MAK – Museum für angewandte Kunst, Wien",In Copyright,
/15514/OR_750,,Durchmesser: 10.6 cm; Höhe: 13.2 cm; Breite: 16.8 cm,"MAK – Museum of Applied Arts, Vienna; MAK – Museum für angewandte Kunst, Wien",In Copyright,
/15514/OR_751,,Höhe: 9.6 cm; Durchmesser: 9.8 cm; Breite: 14.9 cm,"MAK – Museum of Applied Arts, Vienna; MAK – Museum für angewandte Kunst, Wien",In Copyright,
/15514/OR_753,,Breite: 15.6 cm; Höhe: 10.8 cm; Durchmesser: 9.8 cm,"MAK – Museum of Applied Arts, Vienna; MAK – Museum für angewandte Kunst, Wien",In Copyright,
/15514/OR_756,,Tiefe: 9.7 cm; Höhe: 12.5 cm; Breite: 14.8 cm; Tiefe: 9.7 cm; Höhe: 12.5 cm; Breite: 14.8 cm; Height: 12.5 cm; Width: 14.8 cm; Depth: 9.7 cm,"MAK – Museum of Applied Arts, Vienna; MAK – Museum für angewandte Kunst, Wien",In Copyright,
/15514/OR_762,,Höhe: 13.1 cm; Tiefe: 10.5 cm; Durchmesser: 8.1 cm,"MAK – Museum of Applied Arts, Vienna; MAK – Museum für angewandte Kunst, Wien",In Copyright,
/15514/OR_951,,Höhe: 6.6 cm; Durchmesser: 8.3 cm,"MAK – Museum of Applied Arts, Vienna; MAK – Museum für angewandte Kunst, Wien",In Copyright,
/15514/PI_2862,,Höhe: 198 cm; Breite: 130 cm; Höhe: 198 cm; Breite: 130 cm; Height: 198 cm,"MAK – Museum of Applied Arts, Vienna; MAK – Museum für angewandte Kunst, Wien",In Copyright,
/15514/PL_1001,,Height: 10.5 cm; Höhe: 10.5 cm; Länge: 16.5 cm; Length: 16.5 cm; Höhe: 10.5 cm; Länge: 16.5 cm,"MAK – Museum of Applied Arts, Vienna; MAK – Museum für angewandte Kunst, Wien",In Copyright,
/15514/PL_1020,,Breite: 19.1 cm; Durchmesser: 12 cm; Höhe: 7.7 cm,"MAK – Museum of Applied Arts, Vienna; MAK – Museum für angewandte Kunst, Wien",In Copyright,
/15514/PL_417,,Height: 10.5 cm; Höhe: 10.5 cm; Länge: 16 cm; Höhe: 10.5 cm; Länge: 16 cm,"MAK – Museum of Applied Arts, Vienna; MAK – Museum für angewandte Kunst, Wien",In Copyright,
/15514/WI_1102_1,,Breite: 14 cm; Länge: 22 cm; Höhe: 18.5 cm; Height: 18.5 cm; Breite: 14 cm; Länge: 22 cm; Höhe: 18.5 cm,"MAK – Museum of Applied Arts, Vienna; MAK – Museum für angewandte Kunst, Wien",In Copyright,
/15514/WI_1115_1,,Höhe: 14 cm; Breite: 26.2 cm; Höhe: 14 cm; Height: 14 cm; Breite: 26.2 cm; Width: 26.2 cm,"MAK – Museum of Applied Arts, Vienna; MAK – Museum für angewandte Kunst, Wien",In Copyright,
/15514/WI_1300_1,,Breite: 14 cm; Höhe: 9.5 cm; Länge: 16.5 cm; Breite: 14 cm; Length: 16.5 cm; Höhe: 9.5 cm; Height: 9.5 cm; Länge: 16.5 cm,"MAK – Museum of Applied Arts, Vienna; MAK – Museum für angewandte Kunst, Wien",In Copyright,
/15514/WI_149,,Breite: 13.5 cm; Höhe: 11 cm; Länge: 21.8 cm; Height: 11 cm; Höhe: 11 cm; Länge: 21.8 cm,"MAK – Museum of Applied Arts, Vienna; MAK – Museum für angewandte Kunst, Wien",In Copyright,
/15514/WI_1536_1,,Durchmesser: 20.5 cm; Gewicht: 616 g; Höhe: 15.6 cm; Gewicht: 616 g; Durchmesser: 20.5 cm; Höhe: 15.6 cm,"MAK – Museum of Applied Arts, Vienna; MAK – Museum für angewandte Kunst, Wien",In Copyright,
/15514/WI_1538_1,,Höhe: 11.3 cm; Gewicht: 422 g; Durchmesser: 12 cm; Höhe: 13.1 cm; Durchmesser: 21.5 cm,"MAK – Museum of Applied Arts, Vienna; MAK – Museum für angewandte Kunst, Wien",In Copyright,
/15514/WI_844_1,,Durchmesser: 7 cm; Gewicht: 611 g; Höhe: 19.7 cm; Durchmesser: 20 cm; Höhe: 16.6 cm; Durchmesser: 8.4 cm,"MAK – Museum of Applied Arts, Vienna; MAK – Museum für angewandte Kunst, Wien",In Copyright,
/15514/WI_844_2,,Durchmesser: 7.9 cm; Gewicht: 64 g; Höhe: 4 cm,"MAK – Museum of Applied Arts, Vienna; MAK – Museum für angewandte Kunst, Wien",In Copyright,
/15514/WI_927_1,,Höhe: 17.2 cm; Durchmesser: 20.2 cm; Durchmesser: 10 cm; Gewicht: 699 g,"MAK – Museum of Applied Arts, Vienna; MAK – Museum für angewandte Kunst, Wien",In Copyright,
/15514/WI_968_1,,Breite: 14 cm; Höhe: 21 cm; Länge: 25 cm; Breite: 14 cm; Höhe: 21 cm; Länge: 25 cm; Height: 21 cm,"MAK – Museum of Applied Arts, Vienna; MAK – Museum für angewandte Kunst, Wien",In Copyright,
/15514/WI_968_2,,Height: 23 cm; Höhe: 23 cm; Length: 22.5 cm; Länge: 22.5 cm; Höhe: 23 cm; Breite: 10.9 cm; Länge: 22.5 cm,"MAK – Museum of Applied Arts, Vienna; MAK – Museum für angewandte Kunst, Wien",In Copyright,
/15514/WWE_166,,Höhe: 39.1 cm; Breite: 54 cm; Höhe: 39.1 cm; Height: 39.1 cm; Breite: 54 cm,"MAK – Museum of Applied Arts, Vienna; MAK – Museum für angewandte Kunst, Wien",In Copyright,
/15514/WWE_168_2,,Höhe: 24.6 cm; Breite: 28.2 cm; Width: 28.2 cm; Height: 24.6 cm; Höhe: 24.6 cm; Breite: 28.2 cm,"MAK – Museum of Applied Arts, Vienna; MAK – Museum für angewandte Kunst, Wien",In Copyright,
/15514/WWE_27_5,,Breite: 34 cm; Höhe: 21 cm; Breite: 34 cm; Höhe: 21 cm; Height: 21 cm,"MAK – Museum of Applied Arts, Vienna; MAK – Museum für angewandte Kunst, Wien",In Copyright,
/15514/WWE_76_1,,Height: 20.1 cm; Höhe: 20.1 cm; Höhe: 20.1 cm; Breite: 32.8 cm,"MAK – Museum of Applied Arts, Vienna; MAK – Museum für angewandte Kunst, Wien",In Copyright,
/15514/WWE_76_2,,Höhe: 26.7 cm; Breite: 21 cm; Höhe: 26.7 cm; Breite: 21 cm; Height: 26.7 cm,"MAK – Museum of Applied Arts, Vienna; MAK – Museum für angewandte Kunst, Wien",In Copyright,
/15514/WWE_76_3,,Höhe: 19.6 cm; Breite: 33.5 cm; Höhe: 19.6 cm; Breite: 33.5 cm; Width: 33.5 cm; Height: 19.6 cm,"MAK – Museum of Applied Arts, Vienna; MAK – Museum für angewandte Kunst, Wien",In Copyright,
/15514/WWE_76_4,,Höhe: 19.5 cm; Breite: 33.6 cm; Höhe: 19.5 cm; Breite: 33.6 cm; Width: 33.6 cm; Height: 19.5 cm,"MAK – Museum of Applied Arts, Vienna; MAK – Museum für angewandte Kunst, Wien",In Copyright,
/15514/WWE_76_5,,Breite: 45 cm; Höhe: 28.6 cm; Breite: 45 cm; Höhe: 28.6 cm; Height: 28.6 cm,"MAK – Museum of Applied Arts, Vienna; MAK – Museum für angewandte Kunst, Wien",In Copyright,
/15514/WWE_76_7,,Breite: 22.4 cm; Höhe: 35.9 cm; Height: 35.9 cm; Width: 22.4 cm; Breite: 22.4 cm; Höhe: 35.9 cm,"MAK – Museum of Applied Arts, Vienna; MAK – Museum für angewandte Kunst, Wien",In Copyright,
/15514/WWE_80_2,,Breite: 13.4 cm; Höhe: 21.1 cm; Breite: 13.4 cm; Höhe: 21.1 cm; Width: 13.4 cm; Height: 21.1 cm,"MAK – Museum of Applied Arts, Vienna; MAK – Museum für angewandte Kunst, Wien",In Copyright,
/15514/WWE_80_3,,Breite: 13.5 cm; Höhe: 21.1 cm; Höhe: 21.1 cm; Height: 21.1 cm,"MAK – Museum of Applied Arts, Vienna; MAK – Museum für angewandte Kunst, Wien",In Copyright,
/15514/WWE_80_4,,Höhe: 33 cm; Breite: 19.6 cm; Höhe: 33 cm; Height: 33 cm,"MAK – Museum of Applied Arts, Vienna; MAK – Museum für angewandte Kunst, Wien",In Copyright,
/2048001/AP_10287682,cuit[céramique] technique d'émaillage,hauteur: 13.2 cm; height: 13.2 cm; largeur: 18 cm; hauteur: 13.2 cm; largeur: 18 cm,,"© KIK-IRPA, Brussels (Belgium)",
/2048001/AP_10289140,[ceramic] enameled cookie; cuit[céramique] émaillé,hauteur: 11.4 cm; largeur: 17 cm,,"© KIK-IRPA, Brussels (Belgium)",
/2048001/AP_10289931,http://data.europeana.eu/concept/51; http://partage.vocnet.org/part00880; sculpting; sculpté cuit[céramique] émaillé,hauteur: 10.5 cm,,"© KIK-IRPA, Brussels (Belgium)",
/08602/IL3000092696,,,,"Istituto Luce - Cinecittà, All rights reserved",
/199/item_3B26B5G3YWEQJ7QRITTDBVZY2OPI3MAM,http://vocab.getty.edu/aat/300411320,"Höhe x Breite: 65,5 x 53,5 cm",,,
/199/item_44QHENEG637PFKZGMEO5EXTMVRLZKONH,geschliffen (Material/Technik); glasiert (Material/Technik); http://vocab.getty.edu/aat/300140803; glazed (material/technique),,,,
/199/item_FJGQDH6GA4MQOEI2VAZQJOPACXTXQAFP,Engraved (material/technique); http://data.europeana.eu/concept/1775; http://data.europeana.eu/concept/1816; graviert (Material/Technik); http://vocab.getty.edu/aat/300011914; http://vocab.getty.edu/aat/300011029; gegossen (Material/Technik),,,,
/199/item_GHDSWDBDTKVEFXITTGGYKVEISAYUJ2TP,http://data.europeana.eu/concept/1757; http://vocab.getty.edu/aat/300010662; bemalt (Material/Technik),,,,
/199/item_HYDHAARTLAPSDBH4JS7UPMMPZVIEUQEU,http://vocab.getty.edu/aat/300015050,Höhe x Breite: 42 x 52 cm,,,
/199/item_IQHP4C3PWAMI5H3GJ2Q3UIQUBQSGBWBK,http://vocab.getty.edu/aat/300011099; gefasst (Material/Technik),Höhe: 33 cm; Breite: 33 cm; Tiefe: 11 cm,,,
/199/item_NBXVCUJM3UVVUUS6SOTIEKLW7ZFJC5S5,http://vocab.getty.edu/aat/300014078,"Höhe x Breite: 64 x 76,7 cm",,,
/199/item_NNCYYN4OINFHNBI3JZQ3HJYY3N5H7M36,http://data.europeana.eu/concept/1807; http://data.europeana.eu/concept/1775; http://vocab.getty.edu/aat/300011857; http://vocab.getty.edu/aat/300011029; getrieben (Material/Technik),,,,
/199/item_TVCZOWUGGFYIY3EYXP3GSDDEQNMIXUVH,http://data.europeana.eu/concept/2090; http://vocab.getty.edu/aat/300080064; http://vocab.getty.edu/aat/300014109,,,,
/199/item_VQWLZ54OXIPY6C6TTRKFM4HMNKIWJHJY,,,,,
/199/item_VRWFD6XC7WZT3BYSZLXPGVBCVTENQHPN,http://data.europeana.eu/concept/1769; http://data.europeana.eu/concept/1757; http://vocab.getty.edu/aat/300010662; http://vocab.getty.edu/aat/300010957,,,,
/376/photography_ProvidedCHO_Royal_Institute_for_Cultural_Heritage__KIK_IRPA___Brussels__Belgium__KIK_IRPA_n__11063953,polychromé; cuit[céramique],diamètre: 19 cm  hauteur: 12 cm,,,
/2058207/10970_objects_H500186,,"20 x 19,5 cm",,Museu de Cultures del Món,
/1176/item_3SNLVCV2KI7OHTK4MBRLDRGZJIERROLK,,,,LVR-Freilichtmuseum Kommern,
/1176/item_AJ5GSFRN5PV33AO3UFEZTHSGUSZSDQMP,,,,LVR-Freilichtmuseum Kommern,
/1176/item_CZKMYU6FPYNQGN2ZA73KHJKGC7ZMB2E4,,,,LVR-Freilichtmuseum Kommern,
/1176/item_FAZSEPZ7VBX7HXKKNXC7PYJMIMH3BNQZ,,,,LVR-Freilichtmuseum Kommern,
/1176/item_K7E5DWWSQAAPAVH5GXCP6W5C5HZVI62H,,,,LVR-Freilichtmuseum Kommern,
/1176/item_L7L7IDCV4W6I4ZRE7NOECAE57Q63LBXO,,,,LVR-Freilichtmuseum Kommern,
/1176/item_TFISXO5WBRFFWDTNNNBCT3W2RRR34LJD,,,,LVR-Freilichtmuseum Kommern,
/1176/item_ULZ64DYY23KWTTCH6EKGS2LMGVYLBU7Y,,,,LVR-Freilichtmuseum Kommern,
/1176/item_Y3PUJTH7YEKWJWQY56ANMSJZ6UPZA5ZI,,,,LVR-Freilichtmuseum Kommern,
/1043/item_A46VRBDO64C7ECVVNPAOFM2J5C2HUO4G,"Kupfer, getrieben (Material)",Höhe: 460 mm; Breite: 410 mm; Durchmesser: 30 mm,,Deutsches Bergbau-Museum Bochum – Leibniz-Forschungsmuseum für Georessourcen,
/823/item_7FBJYQCFHNW6OVGX7H6RAUDKT7SFRPSZ,,,,Historisches Museum der Pfalz - Speyer,
/1236/item_3VXZSG363TKYO7IFH6MLCZXLHPG7GEXT,gebrannt (Material/Technik); https://d-nb.info/gnd/4046851-3; gegossen (Material/Technik); glasiert (Material/Technik); http://data.europeana.eu/concept/1757,"Durchmesser: 13.5 cm, Länge: 22.5 cm; Höhe: 19.0 cm (Gesamt); Höhe: 4.5 cm, Durchmesser: 7.0 cm (Deckel)",,Badisches Landesmuseum,
/1236/item_44CVGP657WAP3VMF4JLU2NXBW3GSMIYW,https://d-nb.info/gnd/4410323-2; https://d-nb.info/gnd/4127928-1,Höhe: 14.8 cm (Kanne); Durchmesser: 6.3 cm (Hals); Durchmesser: 6.5 cm (Standring); Durchmesser: 10.0 cm (Gesamt),,Badisches Landesmuseum,
/1236/item_4GGSDEXV36X43RTCFQWPFIDTKDKQXXV4,http://data.europeana.eu/concept/1757; https://d-nb.info/gnd/4046851-3,"Durchmesser: 6.1 cm (Standring); Höhe: 20.0 cm, Breite: 11.4 cm, Tiefe: 8.0 cm",,Badisches Landesmuseum,
/1236/item_BRTOTWT43X5SKMXNCTVEYJMGSWKF3XVO,https://d-nb.info/gnd/7537327-0; https://d-nb.info/gnd/4127840-9; Mattglasur (Material/Technik); Farbglasur (Material/Technik); gegossen (Material/Technik); https://d-nb.info/gnd/4021190-3,"Höhe: 12.7 cm, Durchmesser: 16.3 cm",,Badisches Landesmuseum,
/1236/item_CAYCW6TASFIP4PHKLHMKEVSD7IVDBOU6,https://d-nb.info/gnd/4410323-2; https://d-nb.info/gnd/4127928-1,"Höhe: 12.8 cm, Breite: 19.0 cm, Durchmesser: 11.2 cm",,Badisches Landesmuseum,
/1236/item_CFMPBCSRBTVEYTP4CBZP5W56YSAWH3JS,http://data.europeana.eu/concept/1665; http://data.europeana.eu/concept/1764; https://d-nb.info/gnd/4720599-4; https://d-nb.info/gnd/4121634-9; https://d-nb.info/gnd/4174503-6; https://d-nb.info/gnd/4347758-6; https://d-nb.info/gnd/4021142-3,"Höhe: 9.0 cm, Breite: 12.0 cm",,Badisches Landesmuseum,
/1236/item_CMKEUW4DEOS4QJ3Z754WFTTRXGNBLP62,gebrannt (Material/Technik); https://d-nb.info/gnd/4046851-3; gegossen (Material/Technik); glasiert (Material/Technik); http://data.europeana.eu/concept/1757,Höhe: 22.7 cm (Gesamt),,Badisches Landesmuseum,
/1236/item_EVBKNHHFXUVTK6LPMXSKTLBFIBI5E7ZR,gebrannt (Material/Technik); https://d-nb.info/gnd/4046851-3; gegossen (Material/Technik); glasiert (Material/Technik); http://data.europeana.eu/concept/1757,Höhe: 13.0 cm,,Badisches Landesmuseum,
/1236/item_IKV34JZNIGQWIOYXAONGCJKEOF6FB7TL,https://d-nb.info/gnd/4410323-2; https://d-nb.info/gnd/4127928-1,"Höhe: 22.5 cm, Durchmesser: 12.0 cm",,Badisches Landesmuseum,
/1236/item_JQR7KTLPC5HTWWV63DFSESXCX4Z3YMT7,https://d-nb.info/gnd/4410323-2; https://d-nb.info/gnd/4127928-1,"Höhe: 23.0 cm, Durchmesser: 12.5 cm",,Badisches Landesmuseum,
/1236/item_KGAKPKG346J4A33UC2IVYMPMWSAXY4NS,gebrannt (Material/Technik); https://d-nb.info/gnd/4046851-3; glasiert (Material/Technik); geformt (Material/Technik); http://data.europeana.eu/concept/1757,Höhe: 13.5 cm,,Badisches Landesmuseum,
/1236/item_M6754RS62B36LSEVNOY24DNDTM6ZHYAF,gebrannt (Material/Technik); https://d-nb.info/gnd/4127840-9; gegossen (Material/Technik); glasiert (Material/Technik),"Durchmesser: 12.5 cm, Länge: 21.3 cm; Höhe: 17.5 cm (Gesamt)",,Badisches Landesmuseum,
/1236/item_NHTDJLJWI4EOW6MJOY6UNKG77H6FPHR7,https://d-nb.info/gnd/4045895-7,"Höhe: 9.0 cm, Breite: 14.0 cm",,Badisches Landesmuseum,
/1236/item_RYIRLD3BGUEGIYGKIYJSBTBJR7QYNJXQ,https://d-nb.info/gnd/4410323-2; https://d-nb.info/gnd/4127928-1,"Breite: 5.9 cm, Tiefe: 4.0 cm; Höhe: 11.0 cm (Gesamt)",,Badisches Landesmuseum,
/1236/item_TLUFFXCRLWKLT3MPQDWQQWYL6S2XKU2S,https://d-nb.info/gnd/4127928-1; glasiert (Material/Technik),Durchmesser: 6.2 cm (Hals); Durchmesser: 5.7 cm (Standring); Höhe: 15.0 cm (Gesamt),,Badisches Landesmuseum,
/1236/item_USGMUZXGYEHVPSQCEHDAXEB5NPZNCZHO,http://data.europeana.eu/concept/2009; http://data.europeana.eu/concept/1665; https://d-nb.info/gnd/4347758-6; https://d-nb.info/gnd/4154345-2; https://d-nb.info/gnd/4121634-9; https://d-nb.info/gnd/4147452-1,"Höhe: 9.0 cm, Breite: 14.0 cm",,Badisches Landesmuseum,
/1236/item_VCLJLVJVJ22IMYYZ6UDOMC5HWHZT6JSM,http://data.europeana.eu/concept/1757; https://d-nb.info/gnd/4046851-3; https://d-nb.info/gnd/4707892-3,"Höhe: 21.0 cm, Durchmesser: 13.0 cm",,Badisches Landesmuseum,
/1236/item_VI5YV5JLSWQBHVDV4EOMYNSGXHTOIJUC,gebrannt (Material/Technik); https://d-nb.info/gnd/4046851-3; glasiert (Material/Technik); geformt (Material/Technik); http://data.europeana.eu/concept/1757,"Höhe: 9.0 cm, Durchmesser: 19.0 cm",,Badisches Landesmuseum,
/1236/item_WP235YQ7WZI773XKGWKULAQGNWDMU5DF,http://data.europeana.eu/concept/1757; https://d-nb.info/gnd/4046851-3,"Höhe: 21.2 cm, Breite: 21.0 cm, Tiefe: 11.7 cm; Durchmesser: 8.0 cm (Standring)",,Badisches Landesmuseum,
/1228/item_U3C2TGNLOCUOSLBDQ5DMQYJEQFTH3RV2,,,,LVR-Institut für Landeskunde und Regionalgeschichte,
/1010/item_GS5LPD3GBN4A3JPDG5AICR6LFB2KFYUS,Ölfarbe (Material/Technik); Leinwand (Material/Technik),35 x 30 cm,,Erb:innen,
/1010/item_SV4HJN3OHHAL2NJDMJ6RXNB3TVN6DE7F,Hartfaser (Material/Technik); Ölfarbe (Material/Technik),"40 x 49,5 cm",,Erb:innen,
/966/europeana_fashion_500012772,http://data.europeana.eu/concept/2811; http://thesaurus.europeanafashion.eu/thesaurus/10421; Technique: hand painting,"Hauteur: 17,70 cm (Feuille (éventail)); Hauteur: 31,50 cm (Oeuvre)",,,
/15514/KE_6208_3,,Gewicht: 40 g; Durchmesser: 7.5 cm; Höhe: 4 cm,"MAK – Museum of Applied Arts, Vienna; MAK – Museum für angewandte Kunst, Wien",In Copyright,
/15514/KI_10059_81,,Höhe (Blattmaß): 27.2 cm; Breite (Blattmaß): 18.1 cm,"MAK – Museum of Applied Arts, Vienna; MAK – Museum für angewandte Kunst, Wien",In Copyright,
/15514/KI_10059_82,,Höhe (Blattmaß): 28.2 cm; Breite (Blattmaß): 18.7 cm,"MAK – Museum of Applied Arts, Vienna; MAK – Museum für angewandte Kunst, Wien",In Copyright,
/15514/KI_13680,,Höhe (Blattmaß): 41.8 cm; Breite (Blattmaß): 31.5 cm,"MAK – Museum of Applied Arts, Vienna; MAK – Museum für angewandte Kunst, Wien",In Copyright,
/15514/KI_15165_802_220,,Height: 25.2 cm; Höhe: 25.2 cm; Width: 36.5 cm; Breite: 36.5 cm; Höhe: 25.2 cm; Breite: 36.5 cm,"MAK – Museum of Applied Arts, Vienna; MAK – Museum für angewandte Kunst, Wien",In Copyright,
/15514/KI_1_426_9,,Höhe (Blattmaß): 19.4 cm; Breite (Blattmaß): 30.4 cm,"MAK – Museum of Applied Arts, Vienna; MAK – Museum für angewandte Kunst, Wien",In Copyright,
/15514/OR_3925_7969,,,"MAK – Museum of Applied Arts, Vienna; MAK – Museum für angewandte Kunst, Wien",In Copyright,
/15514/WWF_108_42_4,,Breite (Fotografie): 16.5 cm; Höhe (Fotografie): 8.4 cm,"MAK – Museum of Applied Arts, Vienna; MAK – Museum für angewandte Kunst, Wien",In Copyright,
/15514/WWF_110_14_1,,Breite (Fotografie): 17 cm; Höhe (Fotografie): 10.3 cm,"MAK – Museum of Applied Arts, Vienna; MAK – Museum für angewandte Kunst, Wien",In Copyright,
/15514/WWF_110_14_3,,Höhe (Fotografie): 5.6 cm; Breite (Fotografie): 16.6 cm,"MAK – Museum of Applied Arts, Vienna; MAK – Museum für angewandte Kunst, Wien",In Copyright,
/15514/WWF_110_14_4,,Höhe (Fotografie): 10.4 cm; Breite (Fotografie): 16.9 cm,"MAK – Museum of Applied Arts, Vienna; MAK – Museum für angewandte Kunst, Wien",In Copyright,
/15514/WWF_110_15_1,,Breite (Fotografie): 19 cm; Höhe (Fotografie): 16.9 cm,"MAK – Museum of Applied Arts, Vienna; MAK – Museum für angewandte Kunst, Wien",In Copyright,
/15514/WWF_111_13_3,,Höhe (Fotografie): 8 cm; Breite (Fotografie): 16.2 cm,"MAK – Museum of Applied Arts, Vienna; MAK – Museum für angewandte Kunst, Wien",In Copyright,
/15514/WWF_113_23_1,,Breite (Fotografie): 21.5 cm; Höhe (Fotografie): 10.8 cm,"MAK – Museum of Applied Arts, Vienna; MAK – Museum für angewandte Kunst, Wien",In Copyright,
/15514/WWF_113_23_2,,Breite (Fotografie): 20.8 cm; Höhe (Fotografie): 11.2 cm,"MAK – Museum of Applied Arts, Vienna; MAK – Museum für angewandte Kunst, Wien",In Copyright,
/15514/WWF_113_23_3,,Höhe (Fotografie): 7.7 cm; Breite (Fotografie): 15.3 cm,"MAK – Museum of Applied Arts, Vienna; MAK – Museum für angewandte Kunst, Wien",In Copyright,
/15514/WWF_113_23_4,,Breite (Fotografie): 16.4 cm; Höhe (Fotografie): 7.1 cm,"MAK – Museum of Applied Arts, Vienna; MAK – Museum für angewandte Kunst, Wien",In Copyright,
/15514/WWF_113_39_4,,Höhe (Fotografie): 8.6 cm; Breite (Fotografie): 10.1 cm,"MAK – Museum of Applied Arts, Vienna; MAK – Museum für angewandte Kunst, Wien",In Copyright,
/15514/WWF_113_91_4,,Höhe (Fotografie): 7.9 cm; Breite (Fotografie): 18 cm,"MAK – Museum of Applied Arts, Vienna; MAK – Museum für angewandte Kunst, Wien",In Copyright,
/15514/WWF_114_10_2,,Breite (Fotografie): 21.1 cm; Höhe (Fotografie): 15.2 cm,"MAK – Museum of Applied Arts, Vienna; MAK – Museum für angewandte Kunst, Wien",In Copyright,
/15514/WWF_114_11_3,,Breite (Fotografie): 15.5 cm; Höhe (Fotografie): 11 cm,"MAK – Museum of Applied Arts, Vienna; MAK – Museum für angewandte Kunst, Wien",In Copyright,
/15514/WWF_114_13_1,,Breite (Fotografie): 21.2 cm; Höhe (Fotografie): 14.1 cm,"MAK – Museum of Applied Arts, Vienna; MAK – Museum für angewandte Kunst, Wien",In Copyright,
/15514/WWF_114_1_2,,Breite (Fotografie): 11.6 cm; Höhe (Fotografie): 8.7 cm,"MAK – Museum of Applied Arts, Vienna; MAK – Museum für angewandte Kunst, Wien",In Copyright,
/15514/WWF_114_2_2,,Breite (Fotografie): 17 cm; Höhe (Fotografie): 10.6 cm,"MAK – Museum of Applied Arts, Vienna; MAK – Museum für angewandte Kunst, Wien",In Copyright,
/15514/WWF_114_2_3,,Breite (Fotografie): 15.2 cm; Höhe (Fotografie): 11.2 cm,"MAK – Museum of Applied Arts, Vienna; MAK – Museum für angewandte Kunst, Wien",In Copyright,
/15514/WWF_114_3_1,,Breite (Fotografie): 16.9 cm; Höhe (Fotografie): 11.2 cm,"MAK – Museum of Applied Arts, Vienna; MAK – Museum für angewandte Kunst, Wien",In Copyright,
/15514/WWF_114_4_1,,Breite (Fotografie): 12.4 cm; Höhe (Fotografie): 13.7 cm,"MAK – Museum of Applied Arts, Vienna; MAK – Museum für angewandte Kunst, Wien",In Copyright,
/15514/WWF_115_11_1,,Breite (Fotografie): 16.5 cm; Höhe (Fotografie): 10.6 cm,"MAK – Museum of Applied Arts, Vienna; MAK – Museum für angewandte Kunst, Wien",In Copyright,
/15514/WWF_115_11_3,,Breite (Fotografie): 16.8 cm; Höhe (Fotografie): 12.2 cm,"MAK – Museum of Applied Arts, Vienna; MAK – Museum für angewandte Kunst, Wien",In Copyright,
/15514/WWF_115_13_1,,Breite (Fotografie): 20.3 cm; Höhe (Fotografie): 16.8 cm,"MAK – Museum of Applied Arts, Vienna; MAK – Museum für angewandte Kunst, Wien",In Copyright,
/15514/WWF_115_13_2,,Höhe (Fotografie): 16.2 cm; Breite (Fotografie): 22.9 cm,"MAK – Museum of Applied Arts, Vienna; MAK – Museum für angewandte Kunst, Wien",In Copyright,
/15514/WWF_115_15_1,,Höhe (Fotografie): 16.5 cm; Breite (Fotografie): 22.8 cm,"MAK – Museum of Applied Arts, Vienna; MAK – Museum für angewandte Kunst, Wien",In Copyright,
/15514/WWF_115_16_2,,Breite (Fotografie): 17 cm; Höhe (Fotografie): 19.5 cm,"MAK – Museum of Applied Arts, Vienna; MAK – Museum für angewandte Kunst, Wien",In Copyright,
/15514/WWF_115_1_1,,Breite (Fotografie): 22.8 cm; Höhe (Fotografie): 16.2 cm,"MAK – Museum of Applied Arts, Vienna; MAK – Museum für angewandte Kunst, Wien",In Copyright,
/15514/WWF_115_20_3,,Höhe (Fotografie): 16.5 cm; Breite (Fotografie): 20.1 cm,"MAK – Museum of Applied Arts, Vienna; MAK – Museum für angewandte Kunst, Wien",In Copyright,
/15514/WWF_115_2_1,,Breite (Fotografie): 22.3 cm; Höhe (Fotografie): 13.8 cm,"MAK – Museum of Applied Arts, Vienna; MAK – Museum für angewandte Kunst, Wien",In Copyright,
/15514/WWF_115_2_2,,Höhe (Fotografie): 12.4 cm; Breite (Fotografie): 22.1 cm,"MAK – Museum of Applied Arts, Vienna; MAK – Museum für angewandte Kunst, Wien",In Copyright,
/15514/WWF_115_4_1,,Höhe (Fotografie): 14.7 cm; Breite (Fotografie): 23 cm,"MAK – Museum of Applied Arts, Vienna; MAK – Museum für angewandte Kunst, Wien",In Copyright,
/15514/WWF_115_4_2,,Höhe (Fotografie): 13.2 cm; Breite (Fotografie): 21.7 cm,"MAK – Museum of Applied Arts, Vienna; MAK – Museum für angewandte Kunst, Wien",In Copyright,
/15514/WWF_115_5_2,,Breite (Fotografie): 16.9 cm; Höhe (Fotografie): 10.8 cm,"MAK – Museum of Applied Arts, Vienna; MAK – Museum für angewandte Kunst, Wien",In Copyright,
/15514/WWF_116_21_5,,Breite (Fotografie): 17.2 cm; Höhe (Fotografie): 11 cm,"MAK – Museum of Applied Arts, Vienna; MAK – Museum für angewandte Kunst, Wien",In Copyright,
/15514/WWF_116_6_2,,Breite (Fotografie): 22.8 cm; Höhe (Fotografie): 13.6 cm,"MAK – Museum of Applied Arts, Vienna; MAK – Museum für angewandte Kunst, Wien",In Copyright,
/15514/WWF_126_26_1,,Höhe (Fotografie): 10.5 cm; Breite (Fotografie): 15.8 cm,"MAK – Museum of Applied Arts, Vienna; MAK – Museum für angewandte Kunst, Wien",In Copyright,
/15514/WWF_137_73_2,,Breite (Fotografie): 16.3 cm; Höhe (Fotografie): 17.5 cm,"MAK – Museum of Applied Arts, Vienna; MAK – Museum für angewandte Kunst, Wien",In Copyright,
/15514/WWF_160_1,,Höhe (Fotografie): 20.6 cm; Breite (Fotografie): 17 cm,"MAK – Museum of Applied Arts, Vienna; MAK – Museum für angewandte Kunst, Wien",In Copyright,
/15514/WWF_160_3,,Höhe (Fotografie): 23 cm; Breite (Fotografie): 17 cm,"MAK – Museum of Applied Arts, Vienna; MAK – Museum für angewandte Kunst, Wien",In Copyright,
/15514/WWF_185_19,,Breite (Fotografie): 19.5 cm; Höhe (Fotografie): 12.2 cm,"MAK – Museum of Applied Arts, Vienna; MAK – Museum für angewandte Kunst, Wien",In Copyright,
/15514/WWF_185_30,,Höhe (Fotografie): 18 cm; Breite (Fotografie): 23.9 cm,"MAK – Museum of Applied Arts, Vienna; MAK – Museum für angewandte Kunst, Wien",In Copyright,
/15514/WWF_185_31,,Höhe (Fotografie): 15.6 cm; Breite (Fotografie): 19.5 cm,"MAK – Museum of Applied Arts, Vienna; MAK – Museum für angewandte Kunst, Wien",In Copyright,
/15514/WWF_185_54,,Breite (Fotografie): 22.3 cm; Höhe (Fotografie): 15.7 cm,"MAK – Museum of Applied Arts, Vienna; MAK – Museum für angewandte Kunst, Wien",In Copyright,
/15514/WWF_185_59,,Höhe (Fotografie): 11.8 cm; Breite (Fotografie): 16.8 cm,"MAK – Museum of Applied Arts, Vienna; MAK – Museum für angewandte Kunst, Wien",In Copyright,
/15514/WWF_89_3_6,,Breite (Fotografie): 11.1 cm; Höhe (Fotografie): 9.1 cm,"MAK – Museum of Applied Arts, Vienna; MAK – Museum für angewandte Kunst, Wien",In Copyright,
/15514/WWF_93_12_8,,Höhe (Fotografie): 7.2 cm; Breite (Fotografie): 11.2 cm,"MAK – Museum of Applied Arts, Vienna; MAK – Museum für angewandte Kunst, Wien",In Copyright,
/15514/WWF_93_13_5,,Breite (Fotografie): 20.6 cm; Höhe (Fotografie): 7 cm,"MAK – Museum of Applied Arts, Vienna; MAK – Museum für angewandte Kunst, Wien",In Copyright,
/15514/WWF_93_14_1,,Breite (Fotografie): 21.3 cm; Höhe (Fotografie): 10.3 cm,"MAK – Museum of Applied Arts, Vienna; MAK – Museum für angewandte Kunst, Wien",In Copyright,
/15514/WWF_93_17_4,,Höhe (Fotografie): 10.9 cm; Breite (Fotografie): 8.4 cm,"MAK – Museum of Applied Arts, Vienna; MAK – Museum für angewandte Kunst, Wien",In Copyright,
/15514/WWF_93_18_1,,Breite (Fotografie): 20 cm; Höhe (Fotografie): 9 cm,"MAK – Museum of Applied Arts, Vienna; MAK – Museum für angewandte Kunst, Wien",In Copyright,
/15514/WWF_93_18_7,,Höhe (Fotografie): 8.4 cm; Breite (Fotografie): 7.8 cm,"MAK – Museum of Applied Arts, Vienna; MAK – Museum für angewandte Kunst, Wien",In Copyright,
/15514/WWF_93_26_2,,Breite (Fotografie): 14.1 cm; Höhe (Fotografie): 6.9 cm,"MAK – Museum of Applied Arts, Vienna; MAK – Museum für angewandte Kunst, Wien",In Copyright,
/15514/WWF_93_26_3,,Breite (Fotografie): 10.8 cm; Höhe (Fotografie): 9 cm,"MAK – Museum of Applied Arts, Vienna; MAK – Museum für angewandte Kunst, Wien",In Copyright,
/15514/WWF_93_27_4,,Breite (Fotografie): 7.1 cm; Höhe (Fotografie): 7.4 cm,"MAK – Museum of Applied Arts, Vienna; MAK – Museum für angewandte Kunst, Wien",In Copyright,
/15514/WWF_93_2_10,,Breite (Fotografie): 9.5 cm; Höhe (Fotografie): 6.9 cm,"MAK – Museum of Applied Arts, Vienna; MAK – Museum für angewandte Kunst, Wien",In Copyright,
/15514/WWF_93_33_1,,Höhe (Fotografie): 14.2 cm; Breite (Fotografie): 19.4 cm,"MAK – Museum of Applied Arts, Vienna; MAK – Museum für angewandte Kunst, Wien",In Copyright,
/15514/WWF_93_33_4,,Höhe (Fotografie): 11.5 cm; Breite (Fotografie): 22.3 cm,"MAK – Museum of Applied Arts, Vienna; MAK – Museum für angewandte Kunst, Wien",In Copyright,
/15514/WWF_93_34_2,,Höhe (Fotografie): 13.5 cm; Breite (Fotografie): 13.3 cm,"MAK – Museum of Applied Arts, Vienna; MAK – Museum für angewandte Kunst, Wien",In Copyright,
/15514/WWF_93_34_5,,Breite (Fotografie): 9.9 cm; Höhe (Fotografie): 6.9 cm,"MAK – Museum of Applied Arts, Vienna; MAK – Museum für angewandte Kunst, Wien",In Copyright,
/15514/WWF_93_35_1,,Höhe (Fotografie): 12.7 cm; Breite (Fotografie): 11.4 cm,"MAK – Museum of Applied Arts, Vienna; MAK – Museum für angewandte Kunst, Wien",In Copyright,
/15514/WWF_93_35_2,,Höhe (Fotografie): 13.5 cm; Breite (Fotografie): 10.7 cm,"MAK – Museum of Applied Arts, Vienna; MAK – Museum für angewandte Kunst, Wien",In Copyright,
/15514/WWF_93_39_1,,Breite (Fotografie): 11.8 cm; Höhe (Fotografie): 9 cm,"MAK – Museum of Applied Arts, Vienna; MAK – Museum für angewandte Kunst, Wien",In Copyright,
/15514/WWF_93_42_2,,Höhe (Fotografie): 11.5 cm; Breite (Fotografie): 9.3 cm,"MAK – Museum of Applied Arts, Vienna; MAK – Museum für angewandte Kunst, Wien",In Copyright,
/15514/WWF_93_42_5,,Breite (Fotografie): 10.8 cm; Höhe (Fotografie): 9 cm,"MAK – Museum of Applied Arts, Vienna; MAK – Museum für angewandte Kunst, Wien",In Copyright,
/15514/WWF_93_47_10,,Breite (Fotografie): 7.2 cm; Höhe (Fotografie): 7 cm,"MAK – Museum of Applied Arts, Vienna; MAK – Museum für angewandte Kunst, Wien",In Copyright,
/15514/WWF_93_48_1,,Höhe (Fotografie): 8.7 cm; Breite (Fotografie): 24.7 cm,"MAK – Museum of Applied Arts, Vienna; MAK – Museum für angewandte Kunst, Wien",In Copyright,
/15514/WWF_93_8_10,,Breite (Fotografie): 16.3 cm; Höhe (Fotografie): 8 cm,"MAK – Museum of Applied Arts, Vienna; MAK – Museum für angewandte Kunst, Wien",In Copyright,
/15514/WWF_94_105_4,,Höhe (Fotografie): 7.7 cm; Breite (Fotografie): 10.4 cm,"MAK – Museum of Applied Arts, Vienna; MAK – Museum für angewandte Kunst, Wien",In Copyright,
/15514/WWF_94_111_4,,Höhe (Fotografie): 9.8 cm; Breite (Fotografie): 10.5 cm,"MAK – Museum of Applied Arts, Vienna; MAK – Museum für angewandte Kunst, Wien",In Copyright,
/15514/WWF_94_118_1,,Breite (Fotografie): 16.9 cm; Höhe (Fotografie): 12.4 cm,"MAK – Museum of Applied Arts, Vienna; MAK – Museum für angewandte Kunst, Wien",In Copyright,
/15514/WWF_94_118_2,,Höhe (Fotografie): 12 cm; Breite (Fotografie): 16.9 cm,"MAK – Museum of Applied Arts, Vienna; MAK – Museum für angewandte Kunst, Wien",In Copyright,
/15514/WWF_94_61_2,,Höhe (Fotografie): 7.9 cm; Breite (Fotografie): 7.1 cm,"MAK – Museum of Applied Arts, Vienna; MAK – Museum für angewandte Kunst, Wien",In Copyright,
/15514/WWF_94_69_2,,Breite (Fotografie): 14.3 cm; Höhe (Fotografie): 15.7 cm,"MAK – Museum of Applied Arts, Vienna; MAK – Museum für angewandte Kunst, Wien",In Copyright,
/15514/WWF_94_75_2,,Breite (Fotografie): 7.2 cm; Höhe (Fotografie): 8.3 cm,"MAK – Museum of Applied Arts, Vienna; MAK – Museum für angewandte Kunst, Wien",In Copyright,
/15514/WWF_94_87_1,,Höhe (Fotografie): 12.8 cm; Breite (Fotografie): 19.8 cm,"MAK – Museum of Applied Arts, Vienna; MAK – Museum für angewandte Kunst, Wien",In Copyright,
/15514/WWF_94_88_1,,Breite (Fotografie): 18 cm; Höhe (Fotografie): 10.6 cm,"MAK – Museum of Applied Arts, Vienna; MAK – Museum für angewandte Kunst, Wien",In Copyright,
/15514/WWF_94_88_3,,Breite (Fotografie): 18 cm; Höhe (Fotografie): 9.8 cm,"MAK – Museum of Applied Arts, Vienna; MAK – Museum für angewandte Kunst, Wien",In Copyright,
/15514/WWF_94_95_1,,Breite (Fotografie): 19 cm; Höhe (Fotografie): 10 cm,"MAK – Museum of Applied Arts, Vienna; MAK – Museum für angewandte Kunst, Wien",In Copyright,
/15514/WWF_94_95_4,,Höhe (Fotografie): 9.3 cm; Breite (Fotografie): 12.2 cm,"MAK – Museum of Applied Arts, Vienna; MAK – Museum für angewandte Kunst, Wien",In Copyright,
/15514/WWF_95_121_1,,Breite (Fotografie): 16.3 cm; Höhe (Fotografie): 9.7 cm,"MAK – Museum of Applied Arts, Vienna; MAK – Museum für angewandte Kunst, Wien",In Copyright,
/15514/WWF_95_135_6,,Höhe (Fotografie): 8.7 cm; Breite (Fotografie): 15.3 cm,"MAK – Museum of Applied Arts, Vienna; MAK – Museum für angewandte Kunst, Wien",In Copyright,
/15514/WWF_95_140_3,,Höhe (Fotografie): 6.4 cm; Breite (Fotografie): 15.7 cm,"MAK – Museum of Applied Arts, Vienna; MAK – Museum für angewandte Kunst, Wien",In Copyright,
/15514/WWF_95_140_8,,Breite (Fotografie): 6.2 cm; Höhe (Fotografie): 7 cm,"MAK – Museum of Applied Arts, Vienna; MAK – Museum für angewandte Kunst, Wien",In Copyright,
/15514/WWF_95_145_5,,Breite (Fotografie): 8.8 cm; Höhe (Fotografie): 6.1 cm,"MAK – Museum of Applied Arts, Vienna; MAK – Museum für angewandte Kunst, Wien",In Copyright,
/15514/WWF_95_149_1,,Höhe (Fotografie): 13.5 cm; Breite (Fotografie): 21.5 cm,"MAK – Museum of Applied Arts, Vienna; MAK – Museum für angewandte Kunst, Wien",In Copyright,
/15514/WWF_95_150_1,,Höhe (Fotografie): 11.4 cm; Breite (Fotografie): 19.8 cm,"MAK – Museum of Applied Arts, Vienna; MAK – Museum für angewandte Kunst, Wien",In Copyright,
/15514/WWF_95_154_4,,Breite (Fotografie): 18.2 cm; Höhe (Fotografie): 8 cm,"MAK – Museum of Applied Arts, Vienna; MAK – Museum für angewandte Kunst, Wien",In Copyright,
/15514/WWF_95_154_6,,Höhe (Fotografie): 8.3 cm; Breite (Fotografie): 20.6 cm,"MAK – Museum of Applied Arts, Vienna; MAK – Museum für angewandte Kunst, Wien",In Copyright,
/15514/WWF_95_155_1,,Breite (Fotografie): 19.3 cm; Höhe (Fotografie): 11.6 cm,"MAK – Museum of Applied Arts, Vienna; MAK – Museum für angewandte Kunst, Wien",In Copyright,
/15514/WWF_95_156_1,,Breite (Fotografie): 21.1 cm; Höhe (Fotografie): 10.9 cm,"MAK – Museum of Applied Arts, Vienna; MAK – Museum für angewandte Kunst, Wien",In Copyright,
/15514/WWF_95_156_3,,Breite (Fotografie): 20.3 cm; Höhe (Fotografie): 9.8 cm,"MAK – Museum of Applied Arts, Vienna; MAK – Museum für angewandte Kunst, Wien",In Copyright,
/15514/WWF_95_157_2,,Höhe (Fotografie): 10.5 cm; Breite (Fotografie): 20 cm,"MAK – Museum of Applied Arts, Vienna; MAK – Museum für angewandte Kunst, Wien",In Copyright,
/15514/WWF_95_175_1,,Breite (Fotografie): 20.2 cm; Höhe (Fotografie): 12.2 cm,"MAK – Museum of Applied Arts, Vienna; MAK – Museum für angewandte Kunst, Wien",In Copyright,
/15514/WWF_96_181_2,,Höhe (Fotografie): 15.5 cm; Breite (Fotografie): 22.3 cm,"MAK – Museum of Applied Arts, Vienna; MAK – Museum für angewandte Kunst, Wien",In Copyright,
/15514/WWF_96_188_1,,Breite (Fotografie): 13.2 cm; Höhe (Fotografie): 10.5 cm,"MAK – Museum of Applied Arts, Vienna; MAK – Museum für angewandte Kunst, Wien",In Copyright,
/15514/WWF_96_188_2,,Höhe (Fotografie): 8.6 cm; Breite (Fotografie): 13.8 cm,"MAK – Museum of Applied Arts, Vienna; MAK – Museum für angewandte Kunst, Wien",In Copyright,
/15514/WWF_96_188_3,,Breite (Fotografie): 14.4 cm; Höhe (Fotografie): 10.6 cm,"MAK – Museum of Applied Arts, Vienna; MAK – Museum für angewandte Kunst, Wien",In Copyright,
/15514/WWF_96_188_5,,Höhe (Fotografie): 9.4 cm; Breite (Fotografie): 14.7 cm,"MAK – Museum of Applied Arts, Vienna; MAK – Museum für angewandte Kunst, Wien",In Copyright,
/15514/WWF_96_189_1,,Breite (Fotografie): 16.3 cm; Höhe (Fotografie): 10.4 cm,"MAK – Museum of Applied Arts, Vienna; MAK – Museum für angewandte Kunst, Wien",In Copyright,
/15514/WWF_96_189_3,,Höhe (Fotografie): 11.5 cm; Breite (Fotografie): 15.7 cm,"MAK – Museum of Applied Arts, Vienna; MAK – Museum für angewandte Kunst, Wien",In Copyright,
/15514/WWF_96_189_5,,Höhe (Fotografie): 11 cm; Breite (Fotografie): 16 cm,"MAK – Museum of Applied Arts, Vienna; MAK – Museum für angewandte Kunst, Wien",In Copyright,
/15514/WWF_96_199_1,,Breite (Fotografie): 11.8 cm; Höhe (Fotografie): 11.6 cm,"MAK – Museum of Applied Arts, Vienna; MAK – Museum für angewandte Kunst, Wien",In Copyright,
/15514/WWF_96_202_1,,Breite (Fotografie): 21.7 cm; Höhe (Fotografie): 15.7 cm,"MAK – Museum of Applied Arts, Vienna; MAK – Museum für angewandte Kunst, Wien",In Copyright,
/15514/WWF_96_205_1,,Breite (Fotografie): 20.5 cm; Höhe (Fotografie): 12.5 cm,"MAK – Museum of Applied Arts, Vienna; MAK – Museum für angewandte Kunst, Wien",In Copyright,
/15514/WWF_96_205_2,,Höhe (Fotografie): 11.9 cm; Breite (Fotografie): 16.2 cm,"MAK – Museum of Applied Arts, Vienna; MAK – Museum für angewandte Kunst, Wien",In Copyright,
/15514/WWF_96_221_1,,Breite (Fotografie): 22 cm; Höhe (Fotografie): 16.3 cm,"MAK – Museum of Applied Arts, Vienna; MAK – Museum für angewandte Kunst, Wien",In Copyright,
/15514/WWF_96_221_2,,Höhe (Fotografie): 143.5 cm; Breite (Fotografie): 22.2 cm,"MAK – Museum of Applied Arts, Vienna; MAK – Museum für angewandte Kunst, Wien",In Copyright,
/15514/WWF_96_222_1,,Höhe (Fotografie): 8.4 cm; Breite (Fotografie): 16.1 cm,"MAK – Museum of Applied Arts, Vienna; MAK – Museum für angewandte Kunst, Wien",In Copyright,
/15514/WWF_96_224_1,,Höhe (Fotografie): 13.9 cm; Breite (Fotografie): 22 cm,"MAK – Museum of Applied Arts, Vienna; MAK – Museum für angewandte Kunst, Wien",In Copyright,
/15514/WWF_96_224_2,,Höhe (Fotografie): 14.4 cm; Breite (Fotografie): 22.7 cm,"MAK – Museum of Applied Arts, Vienna; MAK – Museum für angewandte Kunst, Wien",In Copyright,
/15514/WWF_96_225_1,,Breite (Fotografie): 16.6 cm; Höhe (Fotografie): 10.9 cm,"MAK – Museum of Applied Arts, Vienna; MAK – Museum für angewandte Kunst, Wien",In Copyright,
/15514/WWF_96_225_2,,Höhe (Fotografie): 10.5 cm; Breite (Fotografie): 14.9 cm,"MAK – Museum of Applied Arts, Vienna; MAK – Museum für angewandte Kunst, Wien",In Copyright,
/15514/WWF_96_227_4,,Breite (Fotografie): 22.5 cm; Höhe (Fotografie): 15 cm,"MAK – Museum of Applied Arts, Vienna; MAK – Museum für angewandte Kunst, Wien",In Copyright,
/15514/WWF_96_228_3,,Höhe (Fotografie): 10.5 cm; Breite (Fotografie): 15.3 cm,"MAK – Museum of Applied Arts, Vienna; MAK – Museum für angewandte Kunst, Wien",In Copyright,
/15514/WWF_96_228_4,,Höhe (Fotografie): 7.3 cm; Breite (Fotografie): 11.5 cm,"MAK – Museum of Applied Arts, Vienna; MAK – Museum für angewandte Kunst, Wien",In Copyright,
/15514/WWF_96_231_1,,Breite (Fotografie): 23 cm; Höhe (Fotografie): 15.2 cm,"MAK – Museum of Applied Arts, Vienna; MAK – Museum für angewandte Kunst, Wien",In Copyright,
/15514/WWF_96_235_1,,Höhe (Fotografie): 7.9 cm; Breite (Fotografie): 21.9 cm,"MAK – Museum of Applied Arts, Vienna; MAK – Museum für angewandte Kunst, Wien",In Copyright,
/15514/WWF_96_236_1,,Höhe (Fotografie): 16.9 cm; Breite (Fotografie): 22.8 cm,"MAK – Museum of Applied Arts, Vienna; MAK – Museum für angewandte Kunst, Wien",In Copyright,
/15514/WWF_96_236_2,,Höhe (Fotografie): 14.7 cm; Breite (Fotografie): 22.4 cm,"MAK – Museum of Applied Arts, Vienna; MAK – Museum für angewandte Kunst, Wien",In Copyright,
/15514/WWF_96_237_1,,Breite (Fotografie): 22.5 cm; Höhe (Fotografie): 14 cm,"MAK – Museum of Applied Arts, Vienna; MAK – Museum für angewandte Kunst, Wien",In Copyright,
/15514/WWF_96_237_3,,Breite (Fotografie): 17.1 cm; Höhe (Fotografie): 10.1 cm,"MAK – Museum of Applied Arts, Vienna; MAK – Museum für angewandte Kunst, Wien",In Copyright,
/15514/WWF_96_238_1,,Breite (Fotografie): 22 cm; Höhe (Fotografie): 14.5 cm,"MAK – Museum of Applied Arts, Vienna; MAK – Museum für angewandte Kunst, Wien",In Copyright,
/15514/WWF_96_238_2,,Breite (Fotografie): 22.8 cm; Höhe (Fotografie): 14.5 cm,"MAK – Museum of Applied Arts, Vienna; MAK – Museum für angewandte Kunst, Wien",In Copyright,
/15514/WWF_96_239_1,,Breite (Fotografie): 22.5 cm; Höhe (Fotografie): 15.3 cm,"MAK – Museum of Applied Arts, Vienna; MAK – Museum für angewandte Kunst, Wien",In Copyright,
/15514/WWF_97_27_7,,Höhe (Fotografie): 9.2 cm; Breite (Fotografie): 10 cm,"MAK – Museum of Applied Arts, Vienna; MAK – Museum für angewandte Kunst, Wien",In Copyright,
/15514/WWF_97_37_1,,Höhe (Fotografie): 15.6 cm; Breite (Fotografie): 21.8 cm,"MAK – Museum of Applied Arts, Vienna; MAK – Museum für angewandte Kunst, Wien",In Copyright,
/15514/WWF_97_37_4,,Breite (Fotografie): 6.5 cm; Höhe (Fotografie): 6.9 cm,"MAK – Museum of Applied Arts, Vienna; MAK – Museum für angewandte Kunst, Wien",In Copyright,
/15514/WWF_97_37_8,,Breite (Fotografie): 10.7 cm; Höhe (Fotografie): 7 cm,"MAK – Museum of Applied Arts, Vienna; MAK – Museum für angewandte Kunst, Wien",In Copyright,
/15514/WWF_98_64_3,,Breite (Fotografie): 10 cm; Höhe (Fotografie): 6.1 cm,"MAK – Museum of Applied Arts, Vienna; MAK – Museum für angewandte Kunst, Wien",In Copyright,
/2048001/AP_10275131,cuit[céramique] polychromé,hauteur: 12 cm; largeur: 23 cm,,"© KIK-IRPA, Brussels (Belgium)",
/2048001/AP_10275139,cuit[céramique] peint; http://partage.vocnet.org/part00664; painting (image-making),hauteur: 11.5 cm; height: 11.5 cm; hauteur: 11.5 cm,,"© KIK-IRPA, Brussels (Belgium)",
/2048001/AP_10275189,cuit[céramique] peint; http://partage.vocnet.org/part00664; painting (image-making),hauteur: 20.5 cm; hauteur: 21.5 cm; hauteur: 26.2 cm; hauteur: 17.5 cm,,"© KIK-IRPA, Brussels (Belgium)",
/2048001/AP_10275190,http://partage.vocnet.org/part00664; cuit[céramique] peint doré; painting (image-making),hauteur: 20.5 cm; hauteur: 25.5 cm; hauteur: 18 cm,,"© KIK-IRPA, Brussels (Belgium)",
/2048001/AP_10275192,http://partage.vocnet.org/part00664; cuit[céramique] peint doré; painting (image-making),hauteur: 17 cm; hauteur: 21 cm; hauteur: 26 cm,,"© KIK-IRPA, Brussels (Belgium)",
/2048001/AP_10275943,cuit[céramique] doré,hauteur: 19.5 cm; hauteur: 16.5 cm; hauteur: 26 cm,,"© KIK-IRPA, Brussels (Belgium)",
/2048001/AP_10276988,http://partage.vocnet.org/part00664; cuit[céramique] peint doré; painting (image-making),,,"© KIK-IRPA, Brussels (Belgium)",
/2048001/AP_10280103,http://partage.vocnet.org/part00664; peint; painting (image-making),hauteur: 31 cm; largeur: 25 cm,,"© KIK-IRPA, Brussels (Belgium)",
/2048001/AP_10281539,chiseled back; repoussé ciselé,hauteur: 19 cm,,"© KIK-IRPA, Brussels (Belgium)",
/2048001/AP_10286253,soufflé[verre] taillé[verre],hauteur: 10 cm,,"© KIK-IRPA, Brussels (Belgium)",
/2048001/AP_10287873,cuit[céramique] polychromé,hauteur: 12.5 cm,,"© KIK-IRPA, Brussels (Belgium)",
/2048001/AP_10287937,cuit[céramique],hauteur: 12.3 cm; largeur: 18.5 cm,,"© KIK-IRPA, Brussels (Belgium)",
/2048001/AP_10287938,cuit[céramique],hauteur: 9.3 cm; largeur: 14 cm,,"© KIK-IRPA, Brussels (Belgium)",
/2048001/AP_10287944,cuit[céramique],hauteur: 13 cm; largeur: 21.5 cm,,"© KIK-IRPA, Brussels (Belgium)",
/2048001/AP_10287962,cuit[céramique] polychromé,hauteur: 13.4 cm; largeur: 20 cm,,"© KIK-IRPA, Brussels (Belgium)",
/2048001/AP_10288082,cuit[céramique],hauteur: 12.6 cm,,"© KIK-IRPA, Brussels (Belgium)",
/2048001/AP_10288096,cuit[céramique],hauteur: 14.5 cm,,"© KIK-IRPA, Brussels (Belgium)",
/2048001/AP_10288260,cuit[céramique] polychromé,hauteur: 10 cm,,"© KIK-IRPA, Brussels (Belgium)",
/2048001/AP_10288502,cuit[céramique] polychromé,hauteur: 12.4 cm,,"© KIK-IRPA, Brussels (Belgium)",
/2048001/AP_10288505,cuit[céramique] polychromé,hauteur: 14.7 cm,,"© KIK-IRPA, Brussels (Belgium)",
/2048001/AP_10288702,cuit[céramique] polychromé,hauteur: 19 cm,,"© KIK-IRPA, Brussels (Belgium)",
/2048001/AP_10289119,cuit[céramique] polychromé,hauteur: 16.9 cm,,"© KIK-IRPA, Brussels (Belgium)",
/2048001/AP_10295062,[pottery] enameled repulsed; cuit[céramique] émaillé repoussé,hauteur: 21 cm,,"© KIK-IRPA, Brussels (Belgium)",
/2048001/AP_10295139,http://partage.vocnet.org/part00664; cuit[céramique] peint doré; painting (image-making),hauteur: 21.5 cm,,"© KIK-IRPA, Brussels (Belgium)",
/2048001/AP_10295410,cuit[céramique] peint; http://partage.vocnet.org/part00664; painting (image-making),,,"© KIK-IRPA, Brussels (Belgium)",
/2048001/AP_10295519,[ceramic] enameled cookie; cuit[céramique] émaillé,diamètre: 20 cm; diameter: 20 cm; hauteur: 21.4 cm; diamètre: 20 cm; hauteur: 21.4 cm,,"© KIK-IRPA, Brussels (Belgium)",
/2048001/AP_10295749,cuit[céramique],hauteur: 12 cm,,"© KIK-IRPA, Brussels (Belgium)",
/2048001/AP_10295785,cuit[céramique] polychromé doré,hauteur: 21 cm,,"© KIK-IRPA, Brussels (Belgium)",
/2048001/AP_10296117,cuit[céramique],hauteur: 12.5 cm,,"© KIK-IRPA, Brussels (Belgium)",
/2048001/AP_10296118,cuit[céramique] polychromé doré,hauteur: 26 cm,,"© KIK-IRPA, Brussels (Belgium)",
/2048001/AP_10346433,http://partage.vocnet.org/part00664; peint; painting (image-making),hauteur: 74 cm; largeur: 61.5 cm,,"© KIK-IRPA, Brussels (Belgium)",
/2048001/AP_10351228,http://partage.vocnet.org/part00664; peint; painting (image-making),largeur: 41 cm; hauteur: 49 cm,,"© KIK-IRPA, Brussels (Belgium)",
/2048001/AP_10351919,http://partage.vocnet.org/part00664; peint; painting (image-making),hauteur: 31 cm; largeur: 21 cm,,"© KIK-IRPA, Brussels (Belgium)",
/2048001/AP_10351925,http://partage.vocnet.org/part00664; peint; painting (image-making),,,"© KIK-IRPA, Brussels (Belgium)",
/2048001/AP_10352649,cuit[céramique] peint; http://partage.vocnet.org/part00664; painting (image-making),,,"© KIK-IRPA, Brussels (Belgium)",
/2048001/AP_10353230,cuit[céramique] peint; http://partage.vocnet.org/part00664; painting (image-making),hauteur: 9.3 cm; hauteur: 9.3 cm; diamètre: 5.9 cm,,"© KIK-IRPA, Brussels (Belgium)",
/2048001/AP_10355688,cuit[céramique],hauteur: 27 cm; hauteur: 27 cm; diamètre: 12.4 cm,,"© KIK-IRPA, Brussels (Belgium)",
/08547/Museu_ProvidedCHO_Stadtgeschichtliches_Museum_Leipzig_PO000117,gebrannt; handbemalt; glasiert; bossiert; geformt; http://data.europeana.eu/concept/2811; bossil; glazed; shaped; burnt,Height: 25 cm; Höhe: 25 cm,,Stadtgeschichtliches Museum Leipzig,
/08547/Museu_ProvidedCHO_Stadtgeschichtliches_Museum_Leipzig_PO000139,,,,Stadtgeschichtliches Museum Leipzig,
/08547/Museu_ProvidedCHO_Stadtgeschichtliches_Museum_Leipzig_PO000147,bedruckt; gebrannt; getöpfert; printed; Killed; burnt,"Height: 15.7 cm; Höhe: 15,7 cm",,Stadtgeschichtliches Museum Leipzig,
/08547/Museu_ProvidedCHO_Stadtgeschichtliches_Museum_Leipzig_PO000186,bossil; glazed; shaped; burnt; glasiert; bossiert; gebrannt; geformt,Höhe: 23 cm (mit Deckel),,Stadtgeschichtliches Museum Leipzig,
/08547/Museu_ProvidedCHO_Stadtgeschichtliches_Museum_Leipzig_PO000304,gebrannt; handbemalt; glasiert; bossiert; geformt; http://data.europeana.eu/concept/2811; bossil; glazed; shaped; burnt,H.: 21 cm; H: 21 cm,,Stadtgeschichtliches Museum Leipzig,
/08547/Museu_ProvidedCHO_Stadtgeschichtliches_Museum_Leipzig_V0005825,,Height: 24 cm; Höhe: 24 cm,,Stadtgeschichtliches Museum Leipzig,
/08547/Museu_ProvidedCHO_Stadtgeschichtliches_Museum_Leipzig_Z0001627,,"Height: 12.5 cm; Höhe: 12,5 cm",,Stadtgeschichtliches Museum Leipzig,
/08547/Museu_ProvidedCHO_Stadtgeschichtliches_Museum_Leipzig_Z0043819,gedruckt; printed,"Height x width: 31.5 x 23.5 cm; Höhe x Breite: 31,5 x 23,5 cm",,Stadtgeschichtliches Museum Leipzig,
/08547/Museu_ProvidedCHO_Stadtgeschichtliches_Museum_Leipzig_Z0063549,Druck; http://data.europeana.eu/concept/2538; Pressure,"Height x width: 26.6 x 46.3 cm; Höhe x Breite: 26,6 x 46,3 cm",,Stadtgeschichtliches Museum Leipzig,
/08547/Museu_ProvidedCHO_Stadtgeschichtliches_Museum_Leipzig_Z0104926,graviert; gebrannt; geklebt; gebogen; gesteckt; stuck; glued; engraved; bent; burnt,Height: 22 cm; Höhe: 22 cm,,Stadtgeschichtliches Museum Leipzig,
/191/item_7KU2E4INT5AOYMBUITP37L55GRZMPSME,Copper (material/technique); Brass (material/technique); Kupfer (Material/Technik); getrieben (Material/Technik); Messing (Material/Technik),"Objektmaße (DxH): 13 x 23,5 cm",,Stiftung Stadtmuseum Berlin,
/08602/IL3000051195,,,,"Istituto Luce - Cinecittà, All rights reserved",
/199/item_2GECBGADORGGFUOCOLE3QTOGS5AJEOIJ,http://data.europeana.eu/concept/1755; http://vocab.getty.edu/aat/300010439,"Höhe: 21,5 cm",,,
/199/item_2ITXWLEXAFVTTAIFAKLGKMC5JWA5FW2L,,,,,
/199/item_2NSR5RND7DR52Q6XUPLZZODRPD7MX47W,http://data.europeana.eu/concept/1755; http://vocab.getty.edu/aat/300010439,Höhe: 20 cm,,,
/199/item_2RMLKRUUJAFHYANSIYTWGXUS3QUAOYP4,http://data.europeana.eu/concept/1757; gilded (material/technique); http://vocab.getty.edu/aat/300010662; vergoldet (Material/Technik),,,,
/199/item_2T6ZZ6RVLPEM5S35EJXQ6T7CAITZH7RK,,,,,
/199/item_2THT7ASNR64AJJ6VFWUUYI4BD6FC2R6P,,,,,
/199/item_2WNHJ4U664CRY7PUVCTECVEGY6C5SEQ6,http://data.europeana.eu/concept/1757; http://vocab.getty.edu/aat/300010662,,,,
/199/item_3F5ABMOHEUYQMME7Y3T3OXFVUQNALTTF,burnt (material/technique); http://data.europeana.eu/concept/1755; glazed (material/technique); gebrannt (Material/Technik); http://vocab.getty.edu/aat/300010439; glasiert (Material/Technik),"Höhe x Breite: ?; Durchmesser (oben): 9 cm; Höhe (mit Deckel): 22,5 cm; Durchmesser (Boden): 14 cm; Höhe: 20,5 cm",,,
/199/item_3OACDW5LE32RCYNTKIWUVSFF4KHWC4GP,bemalt (Material/Technik); http://vocab.getty.edu/aat/300010439; glasiert (Material/Technik); http://data.europeana.eu/concept/1755; glazed (material/technique),Durchmesser (Boden): 14 cm; Höhe: 34 cm,,,
/199/item_3PT4FMPUFZPRLH5Y2YLS6N5PECYU6QPJ,http://data.europeana.eu/concept/1755; http://vocab.getty.edu/aat/300010439,,,,
/199/item_44MNXSXJPE6PVTEFDJLESRS3AMPRZYUQ,,,,,
/199/item_4635IFAYY5TLJ7JT53XMZVXGMUO5SGQN,aufgelegter Dekor (Material/Technik),"Höhe: 17,3 cm & 22 cm (mit Deckel)",,,
/199/item_46GNEWWLRGCY3NIQN2A3MS5I35RTB2BE,graviert (Material/Technik); http://vocab.getty.edu/aat/300011029; gegossen (Material/Technik); http://data.europeana.eu/concept/1775; Engraved (material/technique),,,,
/199/item_47MY5BFFCNAMLAWJKCVQN4XLFMAVO4F3,Hafnerware (material/technology); grundiert (Material/Technik); aufgelegter Dekor (Material/Technik); Hafnerware (Material/Technik); bemalt (Material/Technik),"Höhe (mit Deckel): 15 cm; Höhe: 12,5 cm",,,
/199/item_4BCD5CCDJPYW7ZKV2RRJAQSRTH2BLIRG,http://vocab.getty.edu/aat/300014078; http://vocab.getty.edu/aat/300015050,Höhe x Breite: 59 x 80 cm,,,
/199/item_4ESYWBIGLTJ45SMUZ7O7OFOFAQ66CH27,http://data.europeana.eu/concept/1757; http://vocab.getty.edu/aat/300010662; bemalt (Material/Technik),,,,
/199/item_4G4KMME6DOEVEMH73CHSFAN2TACRXTTN,http://data.europeana.eu/concept/1757; http://vocab.getty.edu/aat/300010662; bemalt (Material/Technik),,,,
/199/item_4QG74W7GY57PY4HKMSI2KZGYSS6Z6KSN,gerippt (Material/Technik); http://vocab.getty.edu/aat/300011029; http://vocab.getty.edu/aat/300011914; getrieben (Material/Technik); http://data.europeana.eu/concept/1775; http://data.europeana.eu/concept/1816,Gewicht: 645 g; Höhe: 25 cm,,,
/199/item_4RIU57EWQR2QQYVA5XMF6FPNPJ4NNFPJ,,,,,
/199/item_4ZBSF6CDYPYWFMWRIVP3GNNGZVR4X3I7,http://data.europeana.eu/concept/1755; http://vocab.getty.edu/aat/300010439,,,,
/199/item_56O2ZJKQXFHC2X6BSZ2JL7C2BT6DUEKC,http://data.europeana.eu/concept/1757; http://vocab.getty.edu/aat/300010662; bemalt (Material/Technik),,,,
/199/item_5JFIRZPFKJOVH5E2GM4H6ZPNSQ4BRSOO,burnt (material/technique); http://data.europeana.eu/concept/1757; http://vocab.getty.edu/aat/300010662; gebrannt (Material/Technik),Höhe: 20 cm,,,
/199/item_5JGB2G4T6GUAPBY6TTDCYCBO52L4PSTW,http://data.europeana.eu/concept/1757; http://vocab.getty.edu/aat/300010662,,,,
/199/item_5SCUEHGRT5GIURMFQH3MDG6U33W2DY7A,aufgelegter Dekor (Material/Technik); http://vocab.getty.edu/aat/300010439; http://data.europeana.eu/concept/1755,"Höhe: 22,5 cm; Höhe: 25,5 cm (mit Deckel); Durchmesser: 7,5 cm (Mündung)",,,
/199/item_64Z7CBD7STAM2KICTHQYXHN66N6BSG73,aufgelegter Dekor (Material/Technik); Hafnerware (Material/Technik); grundiert (Material/Technik); glasiert (Material/Technik); bemalt (Material/Technik); glazed (material/technique); Hafnerware (material/technology),"Höhe: 14,7 cm & 18,2 cm (mit Deckel)",,,
/199/item_6CL25DXHJO2TM33HVAYSP6Y76HVJTCQR,http://data.europeana.eu/concept/1757; http://vocab.getty.edu/aat/300010662,,,,
/199/item_6DO3PH2J62ZLEVRTMQBVTH2HTQQ6CHSV,http://data.europeana.eu/concept/1755; http://vocab.getty.edu/aat/300010439,Höhe: 21 cm,,,
/199/item_6MYQHYWJY3GSKGZW5J4FCX35NRPXZUCE,bemalt (Material/Technik); aufgelegter Dekor (Material/Technik); grundiert (Material/Technik); http://vocab.getty.edu/aat/300010439; http://data.europeana.eu/concept/1755,"Höhe: 21 cm & 25 cm (mit Deckel); Durchmesser: 7,5 cm",,,
/199/item_6PPBMKOAWSD4ICYRSHADB55VBBCCUFSD,,,,,
/199/item_73VDNNOWDAIKOWA3CQFUGE3JSWZQDCTI,http://data.europeana.eu/concept/1757; http://vocab.getty.edu/aat/300010662; bemalt (Material/Technik),"Höhe: 8,3 cm",,,
/199/item_7CWJIFMQDORPCTKYEP223S2RZI7PVR3Y,http://data.europeana.eu/concept/1775; http://vocab.getty.edu/aat/300011029,"Höhe: 19,5 cm",,,
/199/item_7D4CJ5AH6XCL32AKWU35DFH35CSNTULT,,,,,
/199/item_7G6WMABFSQR3LHWQCQTME62SPE74W42H,http://data.europeana.eu/concept/1775; http://data.europeana.eu/concept/1816; http://vocab.getty.edu/aat/300011029; http://vocab.getty.edu/aat/300011914,"Gewicht: ca. 380 g; Höhe: 20,5 cm",,,
/199/item_7IRCSPL76YQRMFWCTSKQZUGDO6C7KBAJ,http://vocab.getty.edu/aat/300140803,,,,
/199/item_7XF3YTBJNJ6OA5WIMZRZVGK4MRLNF7B4,,Höhe: 25 cm (mit Deckel),,,
/199/item_A2NA4JU3A2FTHA7N37LXETTNNKHSV7LT,,,,,
/199/item_AB7BKNX6BZMCFLDYGZQBLEUZS2RGIC2K,aufgelegter Dekor (Material/Technik); http://vocab.getty.edu/aat/300010439; http://data.europeana.eu/concept/1755,"Höhe: 12,5 cm & 15 cm (mit Deckel)",,,
/199/item_ABNX6DRLONTOGJGWAXPJS7DCQKJ45QBE,http://data.europeana.eu/concept/1757; http://vocab.getty.edu/aat/300010662,,,,
/199/item_ADNDBSW6CCRL5FSDGCUKXOXGLP4BSXDK,http://data.europeana.eu/concept/1757; http://vocab.getty.edu/aat/300010662; bemalt (Material/Technik),,,,
/199/item_AE7DODXAQKFHYCJOKQ3NTCYQGZZ5JFQG,http://data.europeana.eu/concept/1757; http://vocab.getty.edu/aat/300010662; bemalt (Material/Technik),,,,
/199/item_B4KGIY4CLZZ4MZ7WP532AYRKTU2NHHI6,http://data.europeana.eu/concept/1755; http://vocab.getty.edu/aat/300010439,,,,
/199/item_BHNZ5XUTAHY2AFR4ZFN2LBWVRH3DBDL5,http://data.europeana.eu/concept/1775; http://vocab.getty.edu/aat/300011029,Höhe: 24 cm; Gewicht: ca. 1127 g,,,
/199/item_BQ2AHN2ARJ745JJ7J6M7N2A3NM4MFBIJ,glazed (material/technique); http://data.europeana.eu/concept/1757; gilded (material/technique); http://vocab.getty.edu/aat/300010662; bemalt (Material/Technik); vergoldet (Material/Technik); glasiert (Material/Technik),"Durchmesser (Standring): 7,1 cm; Höhe (mit Deckel): 13,8 cm; Höhe (ohne Deckel): 10 cm",,,
/199/item_C3PX6QZIFM7COFFFR467YEU3L6I6KTJX,glazed (material/technique); http://data.europeana.eu/concept/1757; gilded (material/technique); http://vocab.getty.edu/aat/300010662; bemalt (Material/Technik); vergoldet (Material/Technik); glasiert (Material/Technik),Höhe: 10 cm; Höhe: 12 cm (mit Deckel),,,
/199/item_CEUXQS5XPYUYWJANQEFHVRBFSAB52CMN,aufgelegter Dekor (Material/Technik),"Höhe: 18 cm; Höhe: 21,5 cm (mit Deckel)",,,
/199/item_CIJOHSDVTFM6RI7OWHCPTCM22EANIIKU,aufgelegter Dekor (Material/Technik); http://vocab.getty.edu/aat/300010439; glasiert (Material/Technik); http://data.europeana.eu/concept/1755; glazed (material/technique),"Höhe: 20,3 cm",,,
/199/item_CPNTLKNCBSNXK4JEER5MYDGUTYJXIUO4,aufgelegter Dekor (Material/Technik); http://vocab.getty.edu/aat/300010439; http://data.europeana.eu/concept/1755,"Höhe: 20,2 cm (ohne Deckel)",,,
/199/item_CTNN7SU44M4SW5TB3GPIG6MWAQK6XXZJ,,,,,
/199/item_CZYEFOJWKCPVR24ZZSVGCZGZZG4KWFDY,http://data.europeana.eu/concept/1757; http://vocab.getty.edu/aat/300010662; bemalt (Material/Technik),,,,
/199/item_D44UAXO76ZFLZWQSINYZOBMMKSHYMYY2,Hafnerware (Material/Technik); marmoriert (Material/Technik); marbled (material/technique); Hafnerware (material/technology),Höhe: 24 cm,,,
/199/item_DCBC324Z7FV3PLS7U5KSXVPJBWRZBEKS,,Höhe: 23 cm (mit Deckel),,,
/199/item_DUZSWHUYIUGPMF2E5UXX7JQF2SESW7WZ,bemalt (Material/Technik); http://vocab.getty.edu/aat/300010439; http://data.europeana.eu/concept/1755,,,,
/199/item_E77SC4GBGZABKJOT7GC2DDRXYREIDVKV,http://data.europeana.eu/concept/1757; http://vocab.getty.edu/aat/300010662,,,,
/199/item_EGUFTUPSDOHRWIEW2J4SQRAYWSRYE4ZV,aufgelegter Dekor (Material/Technik); http://vocab.getty.edu/aat/300010439; glasiert (Material/Technik); http://data.europeana.eu/concept/1755; glazed (material/technique),,,,
/199/item_EJU4A237MUOD666IBU4CRZWJVQIX2KTT,glazed (material/technique); http://data.europeana.eu/concept/1757; gilded (material/technique); http://vocab.getty.edu/aat/300010662; bemalt (Material/Technik); vergoldet (Material/Technik); glasiert (Material/Technik),"Höhe: 12,5 cm (mit Deckel); Höhe: 9 cm (ohne Deckel); Durchmesser: 6,8 cm (Standring)",,,
/199/item_EZZGYAKJKIHXXAULZCO6YASPSIZMEKNA,aufgelegter Dekor (Material/Technik); http://vocab.getty.edu/aat/300010439; glasiert (Material/Technik); http://data.europeana.eu/concept/1755; glazed (material/technique),,,,
/199/item_FGGTXIBMVV76YVP66HZTJWNT4VPAAV7V,aufgelegter Dekor (Material/Technik); http://vocab.getty.edu/aat/300010439; glasiert (Material/Technik); http://data.europeana.eu/concept/1755; glazed (material/technique),Höhe: 25 cm (ca.),,,
/199/item_FKQWMICUFONGJVFPKR227U3WULLZE6N3,http://data.europeana.eu/concept/1757; http://vocab.getty.edu/aat/300010662,,,,
/199/item_FRDCPICE3N3SGNYWDKYBQVCL6M2TMB5H,http://data.europeana.eu/concept/1775; http://vocab.getty.edu/aat/300011029,"Höhe: 11,5 cm; Gewicht: 1358 g; Höhe: 19 cm; Höhe: 25 cm",,,
/199/item_FTPOMZUQZKP5GC4JOAL5AC7H7IZ2GDGB,glazed (material/technique); http://data.europeana.eu/concept/1757; http://vocab.getty.edu/aat/300010662; bemalt (Material/Technik); glasiert (Material/Technik),,,,
/199/item_FXMGKHZRIS6FGEOOXNBU5SI7NDOZH3X3,http://data.europeana.eu/concept/1757; http://vocab.getty.edu/aat/300010662,Höhe: 19 cm; Höhe: 28 cm,,,
/199/item_FZBQ63OKUG74SFEMDRWURJCCFTRSUH7Q,aufgelegter Dekor (Material/Technik); Hafnerware (Material/Technik); grundiert (Material/Technik); http://vocab.getty.edu/aat/300242297; bemalt (Material/Technik); http://data.europeana.eu/concept/2001; Hafnerware (material/technology),"Höhe: 14,5 cm",,,
/199/item_GIYR7UL625CUKVAG4PEXEYKDU4HMLTVN,http://data.europeana.eu/concept/1755; http://vocab.getty.edu/aat/300010439,,,,
/199/item_GN46VOPEUT2XNJFOBB6ANVL4XNEHL3BD,aufgelegter Dekor (Material/Technik); http://vocab.getty.edu/aat/300010439; http://data.europeana.eu/concept/1755,"Höhe: 21 cm & 24,5 cm (mit Deckel)",,,
/199/item_GPFZJ4TJE75IJAN6K7O7WDH2R6DGGWOC,aufgelegter Dekor (Material/Technik); http://vocab.getty.edu/aat/300242297; glasiert (Material/Technik); http://data.europeana.eu/concept/2001; glazed (material/technique),"Durchmesser: 11,4 cm (Boden); Durchmesser: 8,1 cm (Mündung); Höhe: 23,5 cm",,,
/199/item_GU3HQ6CZ7ETCQGZDUNNOLPNEVZSAVSSG,,,,,
/199/item_GWZRHGE5NREEDP2NWZSXCOVAFF7YUJIX,http://vocab.getty.edu/aat/300011004,,,,
/199/item_H75TPM2REOSQTLRKRSILNOSRGACXDIME,,,,,
/199/item_HA45G527RRFOGD4IZAIHGBTUWGTETHTG,,,,,
/199/item_HDIQVPWUMURWKP7D6EBZ7SKU3XQTFAIZ,http://data.europeana.eu/concept/1757; http://vocab.getty.edu/aat/300010662,,,,
/199/item_HEEM3ZBPIPXUSJPD5PMPAB52A5KE2CPF,bemalt (Material/Technik),,,,
/199/item_HEEPTACBU73HTEMUROTZYSBIZVX3VRZ6,aufgelegter Dekor (Material/Technik); http://vocab.getty.edu/aat/300010439; http://data.europeana.eu/concept/1755,"Höhe: 13,8 cm",,,
/199/item_HEHHZJ6Q7Y3SZ43JNWLQQ6ZAIGERHQE2,,,,,
/199/item_HEUUCXR2A6MBQJ2OMDKKDWZ4MTIIJNDN,http://data.europeana.eu/concept/1757; http://vocab.getty.edu/aat/300010662,,,,
/199/item_HLEKEOH5XRRI63PNW74UA7EQWAQHEWOM,bemalt (Material/Technik); Hafnerware (Material/Technik); http://vocab.getty.edu/aat/300242297; glasiert (Material/Technik); http://data.europeana.eu/concept/2001; glazed (material/technique); Hafnerware (material/technology),"Durchmesser (Boden): 10,5 cm; Höhe: 24 cm",,,
/199/item_HS43ELTINOC6A4GQX5LOJGFBATLZHMXQ,aufgelegter Dekor (Material/Technik); http://vocab.getty.edu/aat/300010439; glasiert (Material/Technik); http://data.europeana.eu/concept/1755; glazed (material/technique),"Höhe: 15,5 cm",,,
/199/item_I23OOK5PPT6DYWXXXAA6K2ZB6DVDGGLG,http://data.europeana.eu/concept/1775; http://vocab.getty.edu/aat/300011029,Gewicht: ca. 1489 g; Höhe: 18 cm; Höhe: 28 cm,,,
/199/item_I2BUNO4XWPEGVHLMCOG6I5YE527YMPWN,glazed (material/technique); http://data.europeana.eu/concept/1757; gilded (material/technique); http://vocab.getty.edu/aat/300010662; bemalt (Material/Technik); vergoldet (Material/Technik); glasiert (Material/Technik),"Durchmesser: 7 cm (am Oberrand); Durchmesser: 14,2 cm (am Boden); Höhe: 25 cm (mit Deckel); Höhe: 20,7 cm (ohne Deckel)",,,
/199/item_IA6R4EF3QY2A5P5JM64F6BJWRBOZSCDB,http://data.europeana.eu/concept/1775; gilded (material/technique); vergoldet (Material/Technik); http://vocab.getty.edu/aat/300011029,Höhe x Breite: H: 21 cm,,,
/199/item_IG3WYFUUO4V3JUEQRSBCRC7SJBFN2K3S,,"Höhe: 16,2 cm",,,
/199/item_IJMB3D3LR6K2TLYFM5LA7MU6WFZU263G,aufgelegter Dekor (Material/Technik); http://vocab.getty.edu/aat/300010439; http://data.europeana.eu/concept/1755,"Höhe: 14,5 cm",,,
/199/item_IMCFEONW4A6ACLC2KW54ZKJJ3GHX2TZV,http://vocab.getty.edu/aat/300014078; http://vocab.getty.edu/aat/300015050,Höhe x Breite: 53 x 43 cm,,,
/199/item_IOOO53TZCNGMPKRYZINU6HA5C3UNLDRL,,,,,
/199/item_IP57YD6SOPS67PMNQXEK4WITK6EFXT62,,"Höhe: 22,5 cm (mit Deckel)",,,
/199/item_ISYULSMIL7EPEBLDQ4GJTNJF6KXXK7HG,bemalt (Material/Technik); http://vocab.getty.edu/aat/300010439; reliefiert (Material/Technik); http://data.europeana.eu/concept/1755; relieved (material/technique),,,,
/199/item_IZHDR46243KBXZTMGCBWMN4SHJME5KID,http://data.europeana.eu/concept/1757; http://vocab.getty.edu/aat/300010662; bemalt (Material/Technik),,,,
/199/item_J6X43XE5GHXITCFYUWCVGPTIXCC2SUIH,,,,,
/199/item_JLSVQ4Y26DZC35WETODV2NBTCBDJFX2Y,Hafnerware (material/technology); grundiert (Material/Technik); aufgelegter Dekor (Material/Technik); Hafnerware (Material/Technik); bemalt (Material/Technik),Höhe: 19 cm & 23 cm (mit Deckel),,,
/199/item_JNWGCZDDU22K4QCDN7AA6NU2AVLGU2ZJ,http://data.europeana.eu/concept/1775; http://vocab.getty.edu/aat/300011029; getrieben (Material/Technik),,,,
/199/item_JOMZFDR7KMUQVQGRBR5YEYZWF75QAL2V,http://data.europeana.eu/concept/1757; http://vocab.getty.edu/aat/300010662,,,,
/199/item_JXTPXCF2LDBPCTVGYC5E67U5JSGH5W7G,http://data.europeana.eu/concept/1775; gilded (material/technique); vergoldet (Material/Technik); http://vocab.getty.edu/aat/300011029,"Höhe x Breite: H: 19,5 cm",,,
/199/item_KFFNKO6FMF6XOM6JTEM63ETFZQSGXWH4,glazed (material/technique); http://data.europeana.eu/concept/1757; http://vocab.getty.edu/aat/300010662; bemalt (Material/Technik); glasiert (Material/Technik),"Höhe: 14,5 cm",,,
/199/item_KG7AW6U7IEJDW54RBLQNTJAI2RVTEPIM,,,,,
/199/item_KGA4AEW3UYQQE6IBN77LS6HJAAL2LQQN,http://data.europeana.eu/concept/1757; http://vocab.getty.edu/aat/300010662; bemalt (Material/Technik),,,,
/199/item_KGBD4WJJ33QHS4F6ATJBM3GQUBFAXCMO,http://data.europeana.eu/concept/1775; http://data.europeana.eu/concept/1816; http://vocab.getty.edu/aat/300011029; http://vocab.getty.edu/aat/300011914; gerippt (Material/Technik),"Gewicht: 600 g; Höhe: 23,5 cm",,,
/199/item_KJUWMZMD36KSRVEC5STQDNOGXZS2WBGZ,,,,,
/199/item_KN6T75T3PDNQO6LGX32J7CCGKFWOS5RP,http://data.europeana.eu/concept/1775; http://vocab.getty.edu/aat/300011029,"Höhe: 13,5 cm",,,
/199/item_KU56SE5UWTQ5PD33O5VOZENSLRJ3EJ2G,http://data.europeana.eu/concept/1757; http://vocab.getty.edu/aat/300010662; Emailmalerei (Material/Technik),,,,
/199/item_KVMFEQW52MC3ANVNKQY4PVDJ4LE33DC2,aufgelegter Dekor (Material/Technik); http://vocab.getty.edu/aat/300242297; glasiert (Material/Technik); http://data.europeana.eu/concept/2001; glazed (material/technique),Höhe: 14 cm,,,
/199/item_L23OQCWYWCLM5CLZ66B3SSNO5TIF5GTJ,aufgelegter Dekor (Material/Technik); http://vocab.getty.edu/aat/300010439; http://data.europeana.eu/concept/1755,"Höhe: 16,2 cm",,,
/199/item_L3JIUXHMNWFMMAMBTIUUMTNUCWRCOPZ4,glazed (material/technique); http://data.europeana.eu/concept/1757; http://vocab.getty.edu/aat/300010662; bemalt (Material/Technik); glasiert (Material/Technik),"Höhe: 11,5 cm",,,
/199/item_LATQVWXEKALCD355YACMRKEG4KCDBKWZ,,,,,
/199/item_LB3YOWRH5OUMOUIU3NTXFFMBX6EAUFNV,Hafnerware (Material/Technik); http://vocab.getty.edu/aat/300242297; glasiert (Material/Technik); http://data.europeana.eu/concept/2001; glazed (material/technique); Hafnerware (material/technology),Höhe: 9 cm,,,
/199/item_LMIFGAA7YCI72N3VPS6TGNKHAOKK6RO7,http://data.europeana.eu/concept/1755; http://vocab.getty.edu/aat/300010439,"Höhe: 22,5 cm",,,
/199/item_LPZRU57TTC5QHH3UGY6NKK3PONEM4NYE,http://data.europeana.eu/concept/1775; http://vocab.getty.edu/aat/300011029; getrieben (Material/Technik),,,,
/199/item_LSC4UVRPLS26D7V3TJ4VB6UTURHPSJ73,http://data.europeana.eu/concept/1757; http://vocab.getty.edu/aat/300010662; bemalt (Material/Technik),,,,
/199/item_LTRAXNWZ7XX6VJF6GJEEPETPU4QOXVMD,http://data.europeana.eu/concept/2001; http://vocab.getty.edu/aat/300242297,,,,
/199/item_LVO3UOUSUJUQACVB3AUOVE3RNJRKBMQJ,grundiert (Material/Technik); aufgelegter Dekor (Material/Technik); Hafnerware (Material/Technik); http://vocab.getty.edu/aat/300242297; http://data.europeana.eu/concept/2001; Hafnerware (material/technology),"Höhe: 14,4 cm; Höhe (mit Deckel): 18 cm",,,
/199/item_MDUV2SFD5NQA2ZCG75SQCTQFXN74H3N3,,,,,
/199/item_MGCFY6EJX6METTH4D67ZNKO6GNFDCQ4L,http://data.europeana.eu/concept/1757; http://vocab.getty.edu/aat/300010662,,,,
/199/item_MUC2Y4ZTCMUYJNFAZRMICNUKWXXIA3EI,http://data.europeana.eu/concept/1757; http://vocab.getty.edu/aat/300010662; bemalt (Material/Technik),,,,
/199/item_MVMU4KABSW3FLPULJ62Q2PPNX55BNEBS,,,,,
/199/item_MVZ4RRZJEZIJIHT433WZT7DAX2NOWOUA,glazed (material/technique); http://data.europeana.eu/concept/1757; http://vocab.getty.edu/aat/300010662; bemalt (Material/Technik); glasiert (Material/Technik),,,,
/199/item_N3EOGSWK4OTT4LD3BPZIWL6XYMNRAXHT,http://data.europeana.eu/concept/1757; http://vocab.getty.edu/aat/300010662,,,,
/199/item_N3VCR6NKTAAY2PWS2HODXMQ33EA4MRKK,http://data.europeana.eu/concept/1757; http://vocab.getty.edu/aat/300010662; bemalt (Material/Technik),,,,
/199/item_NCK43EU7YU7GJC6LUPRSLESV67W5NZFI,aufgelegter Dekor (Material/Technik); http://vocab.getty.edu/aat/300242297; glasiert (Material/Technik); http://data.europeana.eu/concept/2001; glazed (material/technique),"Durchmesser: 11,8 cm (Boden); Durchmesser: 9 cm (Mündung); Höhe: 24 cm",,,
/199/item_NSY6PQ47NCCZJD53VPQLP22HJY4VTSNM,,"Höhe: 22,3 cm",,,
/199/item_O4KYJURMJQ7H6TNEKWSPOTIMU6P26VSO,Hafnerware (material/technology); grundiert (Material/Technik); bemalt (Material/Technik); Hafnerware (Material/Technik),Höhe: 21 cm,,,
/199/item_O5JR2LG3KCZTWDR2YQ5PGAFS2OEG6M3L,bemalt (Material/Technik); http://vocab.getty.edu/aat/300010439; reliefiert (Material/Technik); http://data.europeana.eu/concept/1755; relieved (material/technique),,,,
/199/item_OCPDGCRAM6DSSCILM3IB52FDJPPGDNSI,http://data.europeana.eu/concept/1775; http://data.europeana.eu/concept/1816; http://vocab.getty.edu/aat/300011029; http://vocab.getty.edu/aat/300011914; gerippt (Material/Technik),Höhe: 23 cm,,,
/199/item_ODGPCGBJTAYW2JRLRDCCUTYGPFDNJSHD,http://data.europeana.eu/concept/1757; http://vocab.getty.edu/aat/300010662; bemalt (Material/Technik),,,,
/199/item_OE3KDJFUSPNYR7CZM52V2FILP3DLWLKX,http://vocab.getty.edu/aat/300010662; http://vocab.getty.edu/aat/300010957; glasiert (Material/Technik); bemalt (Material/Technik); montiert (Material/Technik); mounted (material/technique); http://data.europeana.eu/concept/1769; http://data.europeana.eu/concept/1757; glazed (material/technique),"Höhe: 27,5 cm (mit Griff)",,,
/199/item_OJGM5XWZUNE2JW4TOPDXWIGBF72BVBZZ,http://data.europeana.eu/concept/1755; http://vocab.getty.edu/aat/300010439,Höhe: 14 cm,,,
/199/item_OKI5S2NCNRHKPSVHSTBAWULBJEDME2LA,aufgelegter Dekor (Material/Technik); Hafnerware (Material/Technik); grundiert (Material/Technik); http://vocab.getty.edu/aat/300242297; glasiert (Material/Technik); http://data.europeana.eu/concept/2001; glazed (material/technique); Hafnerware (material/technology),"Höhe: 21,7 cm",,,
/199/item_OSVRRDTTJ5PUE35I26QKZX4523OA6LUB,http://data.europeana.eu/concept/1757; http://vocab.getty.edu/aat/300010662; bemalt (Material/Technik),,,,
/199/item_OT5HF27H7KV3V2QJQJ4SJ7NTF5TMBIXA,http://vocab.getty.edu/aat/300010979,,,,
/199/item_OWZ5ZUDDQ3SXRB62ZDW4U56FQMEZIXR3,Fayence (Material/Technik); Fayence (material/technique),"Höhe: 15,5 cm",,,
/199/item_P3WPTXPDURSHYAEZJ3JREMJJGAUWKCA6,http://data.europeana.eu/concept/1757; http://vocab.getty.edu/aat/300010662; bemalt (Material/Technik),,,,
/199/item_PENH3I3OUYWG4OYLLSKMRPIQLFOOQAIG,,,,,
/199/item_PHYQ364AEA5RGXYB7LXGOEZQSMP34EYR,,,,,
/199/item_Q6FU6BQJGBRPCSTRH55UMIM53EDECL7L,Hafnerware (material/technology); grundiert (Material/Technik); bemalt (Material/Technik); Hafnerware (Material/Technik); aufgelegter Dekor (Material/Technik),"Höhe: 22,7 cm",,,
/199/item_QOXBWL62UYY6AS3KX4ZF2AGCIQE24JH3,http://data.europeana.eu/concept/1775; http://vocab.getty.edu/aat/300011029,"Höhe: 20,5 cm",,,
/199/item_QPAUCNJXXQTMGU3V6ILCDBX4Y5X5K3IQ,http://data.europeana.eu/concept/1775; gilded (material/technique); http://data.europeana.eu/concept/1816; vergoldet (Material/Technik); http://vocab.getty.edu/aat/300011914; http://vocab.getty.edu/aat/300011029,Höhe: 24 cm; Gewicht: 550 g,,,
/199/item_QPV6WMOKWVA4AZNXAHDQX5ARLYTIHZSE,,,,,
/199/item_RBVQ3G3N4HSMIFECEA2EZXSZUYILFDPV,,,,,
/199/item_ROY6MVZB4WHMYRCDR3XM6CSQRROMR4VT,aufgelegter Dekor (Material/Technik); http://vocab.getty.edu/aat/300010439; http://data.europeana.eu/concept/1755,"Durchmesser des Bodens: 13,5 cm; Höhe: 20 cm & 22,5 cm (mit Deckel)",,,
/199/item_RX3EL6DBWJTCAFO43PARKHUKTTP3S5BZ,,,,,
/199/item_S52MULHVUQ42A7AQS75ZUIBYU6QRXFSU,bemalt (Material/Technik); http://vocab.getty.edu/aat/300010439; reliefiert (Material/Technik); http://data.europeana.eu/concept/1755; relieved (material/technique),"Höhe: 19,5 cm",,,
/199/item_SAFFVY6WF7M3JK4LQHPLW5EJSAF7DSTP,http://data.europeana.eu/concept/1755; http://vocab.getty.edu/aat/300010439,"Höhe: 23,7 cm & 27 cm (mit Deckel)",,,
/199/item_SARMCJ3VTGVXQCP4W2OCLYJBK5VY7WKM,http://data.europeana.eu/concept/1755; http://vocab.getty.edu/aat/300010439,"Höhe: 13,4 cm",,,
/199/item_SETXWS3UGPDQOMB6IXN3NK4HV373RIJC,glazed (material/technique); http://data.europeana.eu/concept/1757; gilded (material/technique); http://vocab.getty.edu/aat/300010662; bemalt (Material/Technik); vergoldet (Material/Technik); glasiert (Material/Technik),Höhe: 9 cm (ohne Deckel); Höhe: 12 cm (mit Deckel); Länge: 16 cm,,,
/199/item_SOVG3R4TY4JW2VV3WJEFWIUNIWDL7PIH,http://data.europeana.eu/concept/1775; http://data.europeana.eu/concept/1816; http://vocab.getty.edu/aat/300011029; http://vocab.getty.edu/aat/300011914; gerippt (Material/Technik),"Höhe: 31,5 cm",,,
/199/item_SZJMR3JYXZPTC3OYF4RV2UYZY6YRIO2J,http://data.europeana.eu/concept/1757; http://vocab.getty.edu/aat/300010662; bemalt (Material/Technik),,,,
/199/item_T5PFSOEEUL42LN25OPUG4YKDH5O4ZM4S,,,,,
/199/item_T6NFFRHDPMAPCTDFDDFDKTCPDCSP43Z3,http://data.europeana.eu/concept/1775; gilded (material/technique); vergoldet (Material/Technik); http://vocab.getty.edu/aat/300011029,Höhe x Breite: H: 31 cm,,,
/199/item_THLLHARFVZXGYB4F4CLSMUOJU4KXHFXX,,,,,
/199/item_TL27FWQCWLB5SJRYHBVVTNYCHQK2MIMJ,,,,,
/199/item_TMSSOBM5GIMZCFGXBMVHPOR47PM2SKYN,glazed (material/technique); http://data.europeana.eu/concept/1757; gilded (material/technique); http://vocab.getty.edu/aat/300010662; bemalt (Material/Technik); vergoldet (Material/Technik); glasiert (Material/Technik),"Höhe: 22,5 cm",,,
/199/item_TQ7FOSPLCRKSYXYFJZRG7YTBMEA3LPOE,http://data.europeana.eu/concept/1755; http://vocab.getty.edu/aat/300010439,,,,
/199/item_UDAJ627YZEFETR64JRAUQCD77RQCP2WD,http://data.europeana.eu/concept/1775; http://vocab.getty.edu/aat/300011029,,,,
/199/item_UJYRQGDTVFHX2BY22NOBT3K2VLTM5NVH,aufgelegter Dekor (Material/Technik); http://vocab.getty.edu/aat/300010439; http://data.europeana.eu/concept/1755,"Höhe: 22,5 cm",,,
/199/item_UOPQ44BK4T3XSY3PWFQ7BJ4LPOHE6AGK,,,,,
/199/item_USQTUGYKJNHQPQTOA2DIDNS3TDHDRBLW,bemalt (Material/Technik),,,,
/199/item_UVDZUCJB3FZ53GLKM2OAKTDF7DGMHV6O,Fayence (Material/Technik); Fayence (material/technique),,,,
/199/item_UWTCZGSRQCLR3KBDAJ4LTY7NNGSVMKEG,aufgelegter Dekor (Material/Technik); http://vocab.getty.edu/aat/300010439; http://data.europeana.eu/concept/1755,Höhe: 18 cm,,,
/199/item_V3KSBEK34LKKVEU4QUVCD5Y7PBOWGIB2,http://data.europeana.eu/concept/1755; http://vocab.getty.edu/aat/300010439,,,,
/199/item_V7LXZMQI2WHN4BCFR473WUXPYBNDFB7Q,,,,,
/199/item_VFQXV6HNUZXZT2BIT73AM3T45AWDVOM5,,,,,
/199/item_VMF3MO56DCH6PFVQX46TMM25IABYZJJT,http://data.europeana.eu/concept/1757; http://vocab.getty.edu/aat/300010662,,,,
/199/item_VMR4DMYEJ34FDUGCJXQB6GF5QFJVLLUO,,,,,
/199/item_VT2KE6ZI362YNPTTY7NAJ6WLF3DBJMXC,http://data.europeana.eu/concept/1757; http://vocab.getty.edu/aat/300010662; bemalt (Material/Technik),,,,
/199/item_VYDLGWHGYNZFJDHE4TQBOCOU2ANHE4DF,http://data.europeana.eu/concept/1757; http://vocab.getty.edu/aat/300010662,,,,
/199/item_WDUKVDC6BVGETK5EW2TZIRWZKFDD5H2D,,,,,
/199/item_WHY7NE4TSWMTN3VOG6WVFIZLHQH25KGJ,aufgelegter Dekor (Material/Technik); Hafnerware (Material/Technik); grundiert (Material/Technik); http://vocab.getty.edu/aat/300242297; bemalt (Material/Technik); http://data.europeana.eu/concept/2001; Hafnerware (material/technology),Höhe: 21 cm,,,
/199/item_WKCTLN57NYN6XLA75ZXI4M3QTHJTER7N,http://data.europeana.eu/concept/1757; http://vocab.getty.edu/aat/300010662; bemalt (Material/Technik),,,,
/199/item_WPBY4HE6OYJFLBMVYDX7HGVYYMQ2BA4P,bemalt (Material/Technik); http://vocab.getty.edu/aat/300010672,,,,
/199/item_WUSTVP7LBYIHV3K4VZT5XULBGPTPAMRN,,,,,
/199/item_X37XOJGV2CBEJA6S2UCOZKN5WA4LCTGC,http://data.europeana.eu/concept/1775; teilvergoldet (Material/Technik); http://vocab.getty.edu/aat/300011029,Höhe: 33 cm; Gewicht: 1019 g,,,
/199/item_X3UZ4IRKRAOU5OQ5FBEPG4NWWL6UESRQ,,Höhe: 32 cm (mit Deckelheber),,,
/199/item_X55ZC7FRAEZUPRPRXVR3VCNCAH6S3NIL,aufgelegter Dekor (Material/Technik); Hafnerware (Material/Technik); grundiert (Material/Technik); bemalt (Material/Technik); http://vocab.getty.edu/aat/300010439; http://data.europeana.eu/concept/1755; Hafnerware (material/technology),"Höhe: 8,5 cm; Durchmesser: 5,5 cm (Mündungsdurchmesser)",,,
/199/item_X56Y7B6I5EGSJ2S3NIFNH7CDFFMZHIDN,http://data.europeana.eu/concept/1757; http://vocab.getty.edu/aat/300010662; bemalt (Material/Technik),,,,
/199/item_X7DUXMAE3SG6QHCEZTNIW47FJHDUGUWG,http://data.europeana.eu/concept/1775; gilded (material/technique); vergoldet (Material/Technik); http://vocab.getty.edu/aat/300011029,Höhe x Breite: H: 30 cm,,,
/199/item_X7JLUUW6RSQPBDK3F4Z25XNMSALOXQWY,http://vocab.getty.edu/aat/300010979,,,,
/199/item_XCUX5YU4JMJKGQB5QKCQFZSO3WBXUOXN,http://data.europeana.eu/concept/1775; http://data.europeana.eu/concept/1816; http://vocab.getty.edu/aat/300011029; http://vocab.getty.edu/aat/300011914,Gewicht: ca. 250 g; Höhe: 17 cm,,,
/199/item_XJJOAYYGWQO6VEY3QQGMZ6NLJITLS5RZ,http://data.europeana.eu/concept/1755; http://vocab.getty.edu/aat/300010439,"Höhe: 15,1 cm; Höhe: 19,2 cm (mit Deckel)",,,
/199/item_XXIAHFZSFPZO5X2EWCJ5JAQY62TPSCAM,http://data.europeana.eu/concept/1757; http://vocab.getty.edu/aat/300010662; bemalt (Material/Technik),,,,
/199/item_Y5LZSMXIPVLYYQNMALD7RNXISSSAKKZX,http://vocab.getty.edu/aat/300010979,,,,
/199/item_YDGSFPDPQF2IZTWQM4GAWFO6BZWMV7AO,http://data.europeana.eu/concept/1757; http://vocab.getty.edu/aat/300010662,,,,
/199/item_YIPHNKAGTB57DKJBAYNFUT2JWG4C5AL5,http://data.europeana.eu/concept/1755; http://vocab.getty.edu/aat/300010439,"Höhe: 22,3 cm; Durchmesser des Bodens: 8,8 cm",,,
/199/item_YJH6NSF7HMMA6MVENAGFPVPP4CU7ZZ5B,glazed (material/technique); http://data.europeana.eu/concept/1757; http://vocab.getty.edu/aat/300010662; bemalt (Material/Technik); glasiert (Material/Technik),Höhe: 19 cm,,,
/199/item_YJK6AYFIZ2H5S33AQJ5DQPNYG4WKYPTH,http://data.europeana.eu/concept/1775; http://data.europeana.eu/concept/1816; http://vocab.getty.edu/aat/300011029; http://vocab.getty.edu/aat/300011914,Höhe: 21 cm; Gewicht: 430 g,,,
/199/item_YN2WSNDB24E5574ZJJSFJN5DN7MDMXOX,http://data.europeana.eu/concept/1775; gilded (material/technique); http://vocab.getty.edu/aat/300010672; vergoldet (Material/Technik); http://vocab.getty.edu/aat/300011029,Höhe: 15 cm,,,
/199/item_YNJKB3LAINT3M6J4NA3GXKX5UR5BNKRQ,aufgelegter Dekor (Material/Technik); http://vocab.getty.edu/aat/300010439; glasiert (Material/Technik); http://data.europeana.eu/concept/1755; glazed (material/technique),"Höhe: 14,4 cm & 18 cm (mit Deckel)",,,
/199/item_YTBLRJB6J45UXGECSI7YDHXGDONJAOMK,bemalt (Material/Technik); aufgelegter Dekor (Material/Technik); Hafnerware (Material/Technik); glasiert (Material/Technik); glazed (material/technique); Hafnerware (material/technology),"Höhe: 14,3 cm",,,
/199/item_YU7LOBTP7NK2HWIVVF5DUI25OA727T5Z,http://data.europeana.eu/concept/1757; http://vocab.getty.edu/aat/300010662; bemalt (Material/Technik),,,,
/199/item_Z2I22Q34NBD5SFOLNXRVIVKK275ZQVQN,http://data.europeana.eu/concept/1757; http://vocab.getty.edu/aat/300010662; bemalt (Material/Technik),,,,
/199/item_Z36FGPWPOIOTVYT6JGOH7Z7TW6TIR3LD,aufgelegter Dekor (Material/Technik); http://vocab.getty.edu/aat/300010439; glasiert (Material/Technik); http://data.europeana.eu/concept/1755; glazed (material/technique),"Höhe: 19,5 cm",,,
/199/item_Z54GCCO3LI6ZU3DTL65TDYQUADFJKDYG,glazed (material/technique); staggered (material/technique); http://data.europeana.eu/concept/1757; http://vocab.getty.edu/aat/300010662; bemalt (Material/Technik); staffiert (Material/Technik); glasiert (Material/Technik),Höhe: 11 cm,,,
/199/item_ZA54U477OYBWLLXUJZ4EQAP5BCPDS2SP,,,,,
/199/item_ZCSDSPBEWEXP7BEYSL4MTBOA7CBDEXQI,aufgelegter Dekor (Material/Technik); http://vocab.getty.edu/aat/300010439; http://data.europeana.eu/concept/1755,Höhe: 19 cm,,,
/199/item_ZPD4WLIGLLA2G4MFAGJ35C5TN6OSVN3E,,,,,
/199/item_ZVHJHJ4ILNYJIOLOG26ET3FZ5T63LHSL,http://vocab.getty.edu/aat/300140803,,,,
/626/item_XL727BF4EF5KD6ZZ6DL4PSMFV4GI5RFR,Reverse film/35mm (material/technique); Umkehrfilm / 35mm (Material/Technik),5x5cm,,Mediathek des Instituts für Kunst- und Bildgeschichte der Humboldt Universität zu Berlin; gemeinfrei (Lizenz Werk),
/376/photography_ProvidedCHO_Royal_Institute_for_Cultural_Heritage__KIK_IRPA___Brussels__Belgium__KIK_IRPA_n__151580,baking [pottery]; bakken[aardewerk],,,,
/285/gam5913,matita; pencil,mm 211 (h) x 312 (b); mm 211(h) x 312(b); mm 211(h) x 312(b),,Fondazione Torino Musei (Galleria di Arte Moderna),
/285/gam5915,matita; pencil,mm 180(h) x 328(b); mm 180(h) x 328(b); mm 180 (h) x 328 (b),,Fondazione Torino Musei (Galleria di Arte Moderna),
/285/gam7648,"matita, acquerello e inchiostro a pennello; pencil, watercolor and brush ink",mm 190 (h) x 291 (b); mm 190(h) x 291(b); mm 190(h) x 291(b),,Fondazione Torino Musei (Galleria di Arte Moderna),
/2023010/71022A51_priref_1538,,hoogte geheel: 26 cm,,,
/2023010/71022A51_priref_7424,,,,,
/2058628/KF_objecten_136671909638325543749,,"hoogte: 21,5 cm; breedte: 21 cm",,,
/2023006/24062A51_priref_13567,,"hoogte: 32.5 cm; breedte: 30 cm (inclusief handvat en tuit); diameter: 16 cm (kan, exclusief handvat en tuit)",,,
/2023006/24062A51_priref_13706,,hoogte: 38 cm; breedte: 29 cm (inclusief tuit en handvat); diameter voet: 17.5 cm (inclusief pootjes),,,
/2058201/10970_objects_H564909,policromada,,,Museu Frederic Marès,
/542/item_556LX7ZXAK5HY3BBPIRDBODIGNA3ELBI,,,,Es gelten die Nutzungsbedingungen des Landesarchivs Baden-Württemberg.,
/542/item_LR4FWNL5VE2VSD7X26YZCY7GCAOXSQZO,,,,Es gelten die Nutzungsbedingungen des Landesarchivs Baden-Württemberg.,
/542/item_MPCEAFJPNOQKAD653XSQW3X3VDCAHFD2,,1 Bü,,Es gelten die Nutzungsbedingungen des Landesarchivs Baden-Württemberg.,
/542/item_VP5M2T5LB2KP4TZMXAK64KGTDDPAYLT6,,1 Bü,,Es gelten die Nutzungsbedingungen des Landesarchivs Baden-Württemberg.,
/542/item_XBWD4QXPDNWHPDE52XKVGYRMHZMLWTCG,,,,Es gelten die Nutzungsbedingungen des Landesarchivs Baden-Württemberg.,
/542/item_ZGFJYAUDR7YKNUYQ4UJUBW7EVQFTZDMR,14 x 9 cm (Höhe x Breite),1 Postkarte,,Es gelten die Nutzungsbedingungen des Landesarchivs Baden-Württemberg.,
/206/item_3IJZFGK6CWVQBNCLD3TL6B4HCV6Y7UDY,,,,,
/206/item_DM3FVZOSRCGYU6N2U7D4R3GOD6QDG66K,,,,,
/206/item_EHAO6FBNK5FNCOEKR4LQ5HHLFMESMG6L,,,,,
/206/item_LW5XI3EEAIR2AJDNUFC3VUUTJRMNKQN4,,,,,
/206/item_OOALWE5ASTXS5AT4CCUX6QBVVUW5N3A6,,,,,
/206/item_XQZGZ7FE46OTSIAEAEFKKXSEHGAQWG3S,,,,,
/1230/item_44BOONPZYAYMX4BC5V5NYO5L7QLH5OPG,,,,,
/1230/item_6AXYC57HH34ZUAQG4VTM3H26FJKRM3OO,Porzellan (Material/Technik),,,,
/1230/item_GKUTODJI52WFFPKAJBKZUO53UGILYA2E,Porzellan  (Material/Technik),,,,
/1230/item_LGMAK7RO33R3R7JDFDR5MB5L7GHATVR3,,,,,
/1230/item_UP6LEVJKNXGCPVLYG2C5QK7FWKEJMQ2U,,,,,
/1230/item_Z32ONCQ6JBYODGCIJFUBLKBOKFUOCEU7,Porzellan (Material/Technik),,,,
/1230/item_ZULVDKLW7BQ3IRW2AZMZ3GVR77W77JII,Porzellan (Material/Technik),,,,
/669/item_2AT2KKLV7Z6NK43IWENYQFB6LKJZG4G4,Steinzeug (Material/Technik),"H. mit Deckel: 19,3 cm, H. ohne Deckel: 14,1 cm, B. 18,5 cm, T. 11,8 cm, D. Fuß: 8,9 cm",,"Porzellansammlung, Staatliche Kunstsammlungen Dresden",
/669/item_2CLE57PFKQPR7KB3LSZBIEKGIKI2UA3N,Porzellan (Material/Technik),"H. mit Deckel: 8,9 cm, H. ohne Deckel: 6,7 cm, B. 14,6 cm, T. 8,5 cm, B. Fuß: 7,1 cm, T. Fuß: 5,9 cm",,"Porzellansammlung, Staatliche Kunstsammlungen Dresden",
/669/item_2CZMQDIWAYWA55ELLNXJDKWGO5IN5EVL,Böttgersteinzeug (Material/Technik); poliert (Material/Technik),"H. mit Deckel: 9,3 cm, H. ohne Deckel: 9,0 cm, B. 15,8 cm, T. 10,8 cm, D. Fuß: 6,7 cm",,"Porzellansammlung, Staatliche Kunstsammlungen Dresden",
/669/item_2IZV4NGIWAZLE7CNKAI6UB2GFB7HHCXQ,Böttgersteinzeug (Material/Technik),"H. ohne Deckel: 8,5 cm, B. 14,0 cm, T. 9,4 cm, D. Fuß: 5,3 cm",,"Porzellansammlung, Staatliche Kunstsammlungen Dresden",
/669/item_2MTJJDFWFIIRUKFZCLZH5VJWB55JESTW,Unterglasurfarbe (Material/Technik),"H. mit Deckel: 10,3 cm, H. ohne Deckel: 7,5 cm, B. 14,2 cm, T. 9,3 cm, D. Fuß: 6,2 cm",,"Porzellansammlung, Staatliche Kunstsammlungen Dresden",
/669/item_356DKMZH2H2IDKFBTMSSGLTUEXBMA5JF,Porzellan (Material/Technik),"H. mit Deckel: 22,6 cm, H. ohne Deckel: 18,5 cm, L. 15,5 cm, D. 11,0 cm, D. Fuß: 6,4 cm",,"Porzellansammlung, Staatliche Kunstsammlungen Dresden",
/669/item_3JLGEGDU4OCND4M3XU34E2IL7JRMBN3O,Böttgersteinzeug (Material/Technik),"H. mit Deckel: 8,7 cm, H. ohne Deckel: 7,2 cm, B. 13,2 cm, T. 8,9 cm, D. Fuß: 5,0 cm",,"Porzellansammlung, Staatliche Kunstsammlungen Dresden",
/669/item_3PVBKMPSDO4EC2HXAEOV3CK6KVY72NS3,Lack (Material/Technik),"H. mit Deckel: 9,5 cm, H. ohne Deckel: 8,8 cm, B. 13,3 cm, T. 8,6 cm, D. Fuß: 6,3 cm",,"Porzellansammlung, Staatliche Kunstsammlungen Dresden",
/669/item_3VL7TEB4IVNFRW4D6HJHB23TRUEQOIKY,Böttgersteinzeug (Material/Technik),"H. mit Deckel: 9,7 cm, H. ohne Deckel: 8,1 cm, B. 13,2 cm, T. 8,3 cm, B. Fuß: 6,2 cm, T. Fuß: 6,1 cm",,"Porzellansammlung, Staatliche Kunstsammlungen Dresden",
/669/item_4QE67JZQCI2YKMSOE4V7NAPSIMYQVSRD,Tonware (rot) (Material/Technik),"H. mit Deckel: 14,2 cm, H. ohne Deckel: 11,3 cm, B. 18,5 cm, T. 12,0 cm, D. Fuß: 6,6 cm",,"Porzellansammlung, Staatliche Kunstsammlungen Dresden",
/669/item_4YP6AOG4NSAE542OYAPC4RS7U55BEFJV,Unterglasurfarbe (Material/Technik); bemalt (Material/Technik),"H. mit Deckel: 12,9 cm, H. ohne Deckel: 9,0 cm, L. 16,2 cm, B. 10,7 cm, D. Fuß: 6,1 cm",,"Porzellansammlung, Staatliche Kunstsammlungen Dresden",
/669/item_5EXJV44RLPKDKHPD6JZRMGR22TZTWUDS,Unterglasurfarbe (Material/Technik); montiert (Material/Technik),"H. mit Deckel: 7,8 cm, H. ohne Deckel: 6,1 cm, L. 13,7 cm, D. 8,3 cm, D. Fuß: 4,5 cm",,"Porzellansammlung, Staatliche Kunstsammlungen Dresden",
/669/item_5IK6WH7SNXN6UZNROUHDE7R3H3A4EKOG,Böttgersteinzeug (Material/Technik),"H. ohne Deckel: 10,0 cm, B. 15,1 cm, T. 10,8 cm, D. Fuß: 6,2 cm",,"Porzellansammlung, Staatliche Kunstsammlungen Dresden",
/669/item_5IUTV52XXGDSC2I6QU3ZTAMLUK4ORN6U,Porzellan (Material/Technik),"H. 12,2 cm, B. 21,0 cm, T. 12,0 cm, B. Fuß: 9,9 cm, T. Fuß: 7,5 cm",,"Porzellansammlung, Staatliche Kunstsammlungen Dresden",
/669/item_5KTBG5MDMELYT46NV7JD2GWBWSH3KME2,Böttgersteinzeug (Material/Technik),"H. mit Deckel: 11,1 cm, H. mit Deckel: 8,5 cm, B. 14,6 cm, T. 8,4 cm, D. Fuß: 6,7 cm",,"Porzellansammlung, Staatliche Kunstsammlungen Dresden",
/669/item_5LAVPZSBBOUKKWR2CN2O4BP6YOHGKWRS,Steinzeug (Material/Technik),"H. mit Deckel: 8,5 cm, H. ohne Deckel: 6,5 cm, B. 11,7 cm, T. 8,2 cm, D. Fuß: 4,5 cm",,"Porzellansammlung, Staatliche Kunstsammlungen Dresden",
/669/item_5LSPEYB6GO55HWR6JNYEZ2DLDXBROSQC,Böttgerporzellan (Material/Technik),"H. 24,5 cm, B. 23,3 cm, T. 14,4 cm, D. Fuß: 9,2 cm",,"Porzellansammlung, Staatliche Kunstsammlungen Dresden",
/669/item_5NHOJCD2HE5P4P4V27JEFQY4LLZ25AKY,Böttgersteinzeug (Material/Technik); poliert (Material/Technik),"H. mit Deckel (Knauf fehlt): 7,9 cm, H. ohne Deckel: 5,8 cm, B. 10,9 cm, T. 7,6 cm",,"Porzellansammlung, Staatliche Kunstsammlungen Dresden",
/669/item_5QDCVRIP76T2ZX5ZYQTJFWKPROWD6F2L,Unterglasurfarbe (Material/Technik),"H. mit Deckel: 8,1 cm, H. ohne Deckel: 6,4 cm, B. 13,3 cm, T. 8,4 cm, D. Fuß: 4,6 cm",,"Porzellansammlung, Staatliche Kunstsammlungen Dresden",
/669/item_5YOUI5EBIDBHUDGMCQKKG77U5IUYMIID,Unterglasurfarbe (Material/Technik),"H. 16,5 cm, L. 14,2 cm, D. 11,7 cm",,"Porzellansammlung, Staatliche Kunstsammlungen Dresden",
/669/item_5YPXO2NN65RLB3R7QBIIGJ4K43HCKUYC,Böttgersteinzeug (Material/Technik),"H. ohne Deckel: 8,9 cm, B. (Henkel abgebrochen, Tülle bestoßen): 14,6 cm, T. 13,1 cm, D. Fuß: 7,8 cm",,"Porzellansammlung, Staatliche Kunstsammlungen Dresden",
/669/item_62VAD3BXTSSTUIGOHLKSF4KLCJXTR6L2,Porzellan (Material/Technik),"H. mit Deckel: 8,1 cm, H. ohne Deckel: 6,4 cm, B. 14,5 cm, T. 9,2 cm, D. Fuß: 5,8 cm",,"Porzellansammlung, Staatliche Kunstsammlungen Dresden",
/669/item_64N3DMKLNOUTFSMMXWHRO6I5XDE4BNS3,Porzellan (Material/Technik),"H. mit Deckel: 8,5 cm, H. ohne Deckel: 7,3 cm, L. 11,9 cm, D. 8 cm, D. Fuß: 5,0 cm",,"Porzellansammlung, Staatliche Kunstsammlungen Dresden",
/669/item_6PFOJOOKUNAHS6I3GJ5WJDH6S2MH6Y6K,Böttgerporzellan (Material/Technik),"H. mit Deckel: 18,9 cm, H. ohne Deckel: 16,0 cm, B. 16,1 cm, T. 11,2 cm, D. Fuß: 6,1 cm",,"Porzellansammlung, Staatliche Kunstsammlungen Dresden",
/669/item_6Q7PAXLXOLSI2J6LXARN2E7N3OHYB5NB,Böttgersteinzeug (Material/Technik),"H. mit Deckel (festgeklebt): 14,2 cm, B. 17,3 cm, T. 11,7 cm, D. Fuß: 9,0 cm",,"Porzellansammlung, Staatliche Kunstsammlungen Dresden",
/669/item_6TQDIG5XUJNV4Q2HWIOLSFND4AFIQ55S,graviert (Material/Technik); Zinn (Material/Technik),"25,2 x 17,5 x 12,2 cm",,"Kunstgewerbemuseum, Staatliche Kunstsammlungen Dresden",
/669/item_6W72EULQUUFET4A7LYIOQKUIA6NTNPV7,Steinzeug (Material/Technik),"H. mit Deckel: 7,1 cm, H. ohne Deckel: 5.8 cm, L. 12,8 cm, D. 8,7 cm, D. Fuß: 4,8 cm",,"Porzellansammlung, Staatliche Kunstsammlungen Dresden",
/669/item_6ZAOCGF4HPTO3GQD6XNQGLNPFEFN5W4Y,Porzellan (Material/Technik),"H. 14,2 cm, B. 12,7 cm, D. 9,0 cm",,"Porzellansammlung, Staatliche Kunstsammlungen Dresden",
/669/item_7AEVRLNEMHLPNN7SGUWW3Q7OSINNCX3C,Porzellan (Material/Technik),"H. mit Deckel: 14,5 cm, H. ohne Deckel: 10,7 cm, L. 18,7 cm, D. 11,6 cm, D. Fuß: 8,7 cm",,"Porzellansammlung, Staatliche Kunstsammlungen Dresden",
/669/item_7TLTUDNAD4CLXWH3UPX23EISJSOCI7C7,gegossen (Material/Technik); Zinn (Material/Technik),"21,5 x 17,05 x 10,8 cm",,"Kunstgewerbemuseum, Staatliche Kunstsammlungen Dresden",
/669/item_7XTQ4HIYZSCYYC3AIHK4T2BLJPIB7UXZ,Unterglasurfarbe (Material/Technik); bemalt (Material/Technik),"H. mit Deckel: 10,5 cm, H. ohne Deckel: 8,7 cm, L. 15,8 cm, D. 10,4 cm, D. Fuß: 6,3 cm",,"Porzellansammlung, Staatliche Kunstsammlungen Dresden",
/669/item_A3LNJXFAXB277O72R6QO2JOAVHQQQR4U,Böttgersteinzeug (Material/Technik),"H. ohne Deckel: 7,6 cm, B. (Tülle bestoßen): 13,3 cm, T. 8,6 cm, D. Fuß: 4,3 cm",,"Porzellansammlung, Staatliche Kunstsammlungen Dresden",
/669/item_A4PEGFGL3NFBKAEO56ZHOJUP57Y4RL5Q,Böttgersteinzeug (Material/Technik),"H. mit Deckel: 11,3 cm, H. ohne Deckel: 9,9 cm, B. 15,8 cm, T. 11,1 cm, D. Fuß: 6,6 cm",,"Porzellansammlung, Staatliche Kunstsammlungen Dresden",
/669/item_A6VHHHOJJUYWBEUBKXB766E3BOSKF75U,Böttgersteinzeug (Material/Technik),"H. mit Deckel: 22,6 cm, H. ohne Deckel: 18,5 cm, B. 16,9 cm, T. 11,0 cm, D. Fuß: 7,6 cm",,"Porzellansammlung, Staatliche Kunstsammlungen Dresden",
/669/item_AALTUN7WGG76QBYGVKZTRDRRZAF4MHDZ,Kaltfarbe (Material/Technik),"H. mit Deckel: 12,1 cm, H. ohne Deckel: 8,8 cm, B. 16,2 cm, T. 12,4 cm, D. Fuß: 2,5 cm",,"Porzellansammlung, Staatliche Kunstsammlungen Dresden",
/669/item_ABYYR4AUWFR4PQLDUR57FSQCXJ75X4SA,Porzellan (Material/Technik),"H. ohne Deckel: 8,7 cm, B. 18,8 cm, T. 11,2 cm, B. Fuß: 7,3 cm, T. Fuß: 7,2 cm",,"Porzellansammlung, Staatliche Kunstsammlungen Dresden",
/669/item_AGR47ZAJRUNI7FIY7OFLWC27HGK2PIVQ,Unterglasurfarbe (Material/Technik),"H. mit Deckel: 7,0 cm, H. ohne Deckel: 6,2 cm, B. 13,2 cm, T. 8,4 cm, D. Fuß: 4,6 cm",,"Porzellansammlung, Staatliche Kunstsammlungen Dresden",
/669/item_AILNP3OXMRKZF2KNS6SWR6WFTGNAP444,Porzellan (Material/Technik),"H. mit Deckel: 14,7 cm, H. ohne Deckel: 12,0 cm, B. 19,0 cm, T. 12,8 cm, D. Fuß: 7,0 cm",,"Porzellansammlung, Staatliche Kunstsammlungen Dresden",
/669/item_AR3BBTVK3FHVRGM2DHJ3OGJ3F2CQV7OR,Gold (Material/Technik),"H. mit Deckel: 21,4 cm, H. ohne Deckel: 18,3 cm, B. 13,6 cm, T. 10,9 cm, D. Fuß: 8,1 cm",,"Porzellansammlung, Staatliche Kunstsammlungen Dresden",
/669/item_AUQ4JTEGNUBQHGSOM4TVQBQAGZDCX24B,graviert (Material/Technik); Zinn (Material/Technik),"25,4 x 15,5 x 10,95 cm",,"Kunstgewerbemuseum, Staatliche Kunstsammlungen Dresden",
/669/item_AW7GCKPRFOFPLJF74LHCTBMJ3BNNOWAI,Porzellan (Material/Technik),"H. 16,6 cm, B. 14,6 cm, T. 11,7 cm, D. Fuß: 7,0 cm",,"Porzellansammlung, Staatliche Kunstsammlungen Dresden",
/669/item_B3FAHV6ZLI2EU4U3V2ILXB3R3275LD6W,Lack (Material/Technik),"H. mit Deckel (Knopf bestoßen): 12,8 cm, H. ohne Deckel: 11,3 cm, B. 18,8 cm, T. 13,0 cm, D. Fuß: 7,2 cm",,"Porzellansammlung, Staatliche Kunstsammlungen Dresden",
/669/item_B7VDW34GSUJEO75JD66CU4ASIPB7K6M4,vergoldet (Material/Technik); Silber (Material/Technik),"H 9,5 cm, Dm 48,0 cm; Gewicht: 3386 g",,"Grünes Gewölbe, Staatliche Kunstsammlungen Dresden",
/669/item_BWIW67NJXGRCLZVHZC43YCLETYZBHKSK,Böttgersteinzeug (Material/Technik),"H. mit Deckel: 11,7 cm, H. ohne Deckel: 10,0 cm, B. 15,3 cm, T. 10,7 cm, D. Fuß: 5,5 cm",,"Porzellansammlung, Staatliche Kunstsammlungen Dresden",
/669/item_BZZ6RHXSCULAJSW436QV6LMUDCU6G5AN,Böttgersteinzeug (Material/Technik),"H. mit Deckel (Knopf fehlt): 11,0 cm, H. ohne Deckel: 9,5 cm, B. 17,9 cm, T. 13,0 cm, D. Fuß: 6,8 cm",,"Porzellansammlung, Staatliche Kunstsammlungen Dresden",
/669/item_CGOGXSH7AYEDH4GUYDJA6VCFWOYOA5HC,Porzellan (Material/Technik),"H. mit Deckel: 12,0 cm, H. ohne Deckel: 9,0 cm, B. 17,3 cm, T. 11,2 cm, D. Fuß: 6,8 cm",,"Porzellansammlung, Staatliche Kunstsammlungen Dresden",
/669/item_CIPFEJU4JBW5U4QOAPK4BFSN42XWAMZ3,graviert (Material/Technik); Zinn (Material/Technik),"3,95 x 50,55 x 32,5 cm",,"Kunstgewerbemuseum, Staatliche Kunstsammlungen Dresden",
/669/item_CJA4VW4QGUHII3BPMEZS3UM24TVKP7IY,Porzellan (Material/Technik),"H. 17,1 cm, B. 15,1 cm, T. 12,4 cm, D. Fuß: 6,9 cm",,"Porzellansammlung, Staatliche Kunstsammlungen Dresden",
/669/item_CMVEBCXDAWAV5YEMXD3AFXZIXH4KZYGC,Papier (Material/Technik); Lithografie (Material/Technik),709 x 1003 mm (Darstellung); 720 x 1016 mm (Blatt),,"Kupferstich-Kabinett, Staatliche Kunstsammlungen Dresden",
/669/item_CR645RGFR77EVXPEP7EYU7HFJ35FWTWL,Böttgersteinzeug (Material/Technik),"H. mit Deckel: 9,5 cm, H. ohne Deckel: 8,0 cm, B. 12,7 cm, T. 8,2 cm, B. Fuß: 6,0 cm, T. Fuß: 6,0 cm",,"Porzellansammlung, Staatliche Kunstsammlungen Dresden",
/669/item_CZSJKPDP5FIZUC7O5MGM4A2X2NHYZDPY,Porzellan (Material/Technik),"H. 18 cm, L. 16,1 cm, T. 8,6 cm",,"Porzellansammlung, Staatliche Kunstsammlungen Dresden",
/669/item_D3PD4WKXQWUDNPASY6P7HBSFP34RLU3O,gegossen (Material/Technik); Zinn (Material/Technik),"23,6 x 13,8 x 10,5 cm",,"Kunstgewerbemuseum, Staatliche Kunstsammlungen Dresden",
/669/item_E2L3GQD4TEVEFFPD2DWYWYRCWEMVZMP6,gegossen (Material/Technik); Zinn (Material/Technik),"21,2 x 15,9 x 10,1 cm",,"Kunstgewerbemuseum, Staatliche Kunstsammlungen Dresden",
/669/item_E3NSUPR2YZE3VZBB6H62TD2USPZGET4K,Böttgersteinzeug (Material/Technik),"H. ohne Deckel: 8,1 cm, B. 14,1 cm, T. 9,2 cm, D. Fuß: 5,9 cm",,"Porzellansammlung, Staatliche Kunstsammlungen Dresden",
/669/item_E5ESV2JI3B5EEHYINANSH4M3VTYY6KCG,Böttgerporzellan (Material/Technik),"H. mit Deckel: 13,1 cm, H. ohne Deckel: 8,8 cm, B. 13,7 cm, T. 10,9 cm, D. Fuß: 6,2 cm",,"Porzellansammlung, Staatliche Kunstsammlungen Dresden",
/669/item_EBLNCVHPJIYGLFYZ3MU7KO7CFXC5WRF3,Böttgersteinzeug (Material/Technik),"H. mit Deckel: 9,5 cm, H. ohne Deckel: 8,1 cm, B. 14,1 cm, T. 9,2 cm, D. Fuß: 6,1 cm",,"Porzellansammlung, Staatliche Kunstsammlungen Dresden",
/669/item_EHB3PEKLSGPASIBROC6BUVHDWVZ47NTE,Steinzeug (Material/Technik),"H. mit Deckel: 16,0 cm, H. ohne Deckel: 12,1 cm, B. 14,3 cm, T. 8,3 cm, B. Fuß: 5,8 cm, T. Fuß: 5,7 cm",,"Porzellansammlung, Staatliche Kunstsammlungen Dresden",
/669/item_EHOPDFSRYHEOU6RLN5GFRIYBKTQO66CN,poliert (Material/Technik); Zinn (Material/Technik),"H. mit Deckel: 9,5 cm, H. ohne Deckel: 7,8 cm, B. 13,9 cm, T. 9,0 cm, D. Fuß: 6,0 cm",,"Porzellansammlung, Staatliche Kunstsammlungen Dresden",
/669/item_EK7UJ435I3BM2S64AH5YM5533JZM3YBT,gegossen (Material/Technik); Zinn (Material/Technik),"23,2 x 18,8 x 11,5 cm",,"Kunstgewerbemuseum, Staatliche Kunstsammlungen Dresden",
/669/item_ELB4DO7VIBN4QSKX2KQRSPINX47VA3XA,Böttgersteinzeug (Material/Technik),"H. mit Deckel: 9,9 cm, H. ohne Deckel: 8,5 cm, B. 14,4 cm, T. 8,6 cm, D. Fuß: 5,3 cm",,"Porzellansammlung, Staatliche Kunstsammlungen Dresden",
/669/item_EQBA2DBUT4IZEHM6HZ4G4ULERV3TAFMN,Böttgersteinzeug (Material/Technik),"H. mit Deckel: 9,7 cm, H. ohne Deckel: 8,8 cm, B. (Tülle beschlagen): 14,2 cm, T. 12,6 cm, D. Fuß: 6,2 cm",,"Porzellansammlung, Staatliche Kunstsammlungen Dresden",
/669/item_EW2JFISFKCVEIIHHYTSZEYL6FXFBVVME,Böttgersteinzeug (Material/Technik),"H. mit Deckel: 10,9 cm, H. ohne Deckel: 9,1 cm, B. 15,5 cm, T. 10,0 cm, D. Fuß: 5,5 cm",,"Porzellansammlung, Staatliche Kunstsammlungen Dresden",
/669/item_EXRRQUWHPEZERFT2M3CYQTBC5ZIX6FHJ,Steinzeug (Material/Technik),"H. mit Deckel: 13,4 cm, H. ohne Deckel: 10,2 cm, L. 15,9 cm, B. 8,4 cm",,"Porzellansammlung, Staatliche Kunstsammlungen Dresden",
/669/item_EZP3QNE5HCW5WYJWY2FSI2SVIYJI5JA3,Böttgersteinzeug (Material/Technik),"H. mit Deckel: 11,3 cm, H. ohne Deckel: 9,6 cm, B. 15,1 cm, T. 9,7 cm, B. Fuß: 6,9 cm, T. Fuß: 6,9 cm",,"Porzellansammlung, Staatliche Kunstsammlungen Dresden",
/669/item_F55J6TQJTHNPN5DONTSN7CVJUEPVNNQR,Böttgersteinzeug (Material/Technik),"H. mit Deckel: 9,6 cm, H. ohne Deckel: 8,4 cm, B. 14,2 cm, T. 8,5 cm, D. Fuß: 5,4 cm",,"Porzellansammlung, Staatliche Kunstsammlungen Dresden",
/669/item_FDYAXH44FXXI6PTYL3NSQUREYHELR4CC,Unterglasurfarbe (Material/Technik),"H. mit Deckel: 11,1 cm, H. ohne Deckel: 8,4 cm, L. 16,7 cm, D. 11,2 cm, D. Fuß: 7,2 cm",,"Porzellansammlung, Staatliche Kunstsammlungen Dresden",
/669/item_FG7DND47SZJIABKDXGPO6Y2U2SJZHDTQ,Unterglasurfarbe (Material/Technik),"H. 1,6 cm, D. 5,4 cm, D. Fuß: 4,3 cm",,"Porzellansammlung, Staatliche Kunstsammlungen Dresden",
/669/item_FI6Q3BEGXOB6BMXXDCLLPTYPEVHCVF4K,gegossen (Material/Technik); Zinn (Material/Technik),"19,5 x 13,2 x 8,85 cm",,"Kunstgewerbemuseum, Staatliche Kunstsammlungen Dresden",
/669/item_FRDNOYM4CXE6RZDJLCPIIZOPZT3WYYZL,Silber (Material/Technik); getrieben (Material/Technik),"22,2 x 19,5 x 10,5 cm",,"Kunstgewerbemuseum, Staatliche Kunstsammlungen Dresden",
/669/item_FRDYZTIX2DVMJNSGDSH6VAORUVG6VNHW,Porzellan (Material/Technik),"H. 10,8 cm, L. 19,3 cm, B. 11,6 cm, Fuß: L. 10,1 cm, B. 7,8 cm",,"Porzellansammlung, Staatliche Kunstsammlungen Dresden",
/669/item_G3DNJ5GHV7CUU4DN64TCGVTLTY57ZI6C,Porzellan (Material/Technik),"H. mit Deckel: 8,0 cm, H. ohne Deckel: 6,8 cm, B. 12,9 cm, T. 7,6 cm, D. Fuß: 4,1 cm",,"Porzellansammlung, Staatliche Kunstsammlungen Dresden",
/669/item_GOVYZNXUMF7WNJYPRY2TECYWUX3WGRAK,Porzellan (Material/Technik),"H. mit Deckel: 11,0 cm, H. ohne Deckel: 9,4 cm, B. 17,6 cm, T. 11,5 cm, B. Fuß: 7,8 cm, T. Fuß: 6,7 cm",,"Porzellansammlung, Staatliche Kunstsammlungen Dresden",
/669/item_H2TKWZ6JR32LJQIVSEHFG2DL7ADBZV6G,Steinzeug (Material/Technik),"H. mit Deckel: 8,7 cm, H. ohne Deckel: 6,6 cm, B. 12,1 cm, T. 8,2 cm, D. Fuß: 4,4 cm",,"Porzellansammlung, Staatliche Kunstsammlungen Dresden",
/669/item_HDFWMAJMKBCVVTSZSZHEJ2FOELHIYUT3,Unterglasurfarbe (Material/Technik),"H. 9,2 cm, B. 9,7 cm, L. 15,2 cm, D. Fuß: 5,9 cm",,"Porzellansammlung, Staatliche Kunstsammlungen Dresden",
/669/item_HDOHN7FQ6YAMTGB653KXKCBSN7WWPL5D,Porzellan (Material/Technik),"H. mit Deckel: 8,1 cm, H. ohne Deckel: 7,6 cm, B. 19,2 cm, T. 7,9 cm",,"Porzellansammlung, Staatliche Kunstsammlungen Dresden",
/669/item_HJ3IBWUUDZEQ4RUSEWOIRVB2PZGZLVXD,Porzellan (Material/Technik),"H. mit Deckel: 10,4 cm, H. ohne Deckel: 9,1 cm, B. 20,6 cm, T. 10,7 cm, D. Fuß: 6,5 cm",,"Porzellansammlung, Staatliche Kunstsammlungen Dresden",
/669/item_HJOZVSLRENCCKH35F2J6MVMRBV57F632,Böttgerporzellan (Material/Technik),"H. mit Deckel: 19,5 cm, H. ohne Deckel: 16,0 cm, B. 16,4 cm, T. 11,3 cm, D. Fuß:  6,4 cm",,"Porzellansammlung, Staatliche Kunstsammlungen Dresden",
/669/item_HPTTNCSKRJDX5TGMZUATHC6B666B7A7W,Böttgerporzellan (Material/Technik),"H. mit Deckel: 18,9 cm, H. ohne Deckel: 15,1 cm, B. 17,3 cm, T. 11,5 cm, D. Fuß: 6,2 cm",,"Porzellansammlung, Staatliche Kunstsammlungen Dresden",
/669/item_HRJ4GAHD47OTHECL5N24FRWBTEQEJH2N,Böttgerporzellan (Material/Technik),"H. mit Deckel: 22,8 cm, H. ohne Deckel: 18,4 cm, B. 13,0 cm, T. 12,0 cm, D. Fuß: 8,3 cm",,"Porzellansammlung, Staatliche Kunstsammlungen Dresden",
/669/item_HZHAHCIC4LJVU64B6HRL4SSBKR6YJ2TK,Porzellan (Material/Technik),"H. 13,5 cm, B. 13,1 cm, T. 6,0 cm",,"Porzellansammlung, Staatliche Kunstsammlungen Dresden",
/669/item_I3C422N3V54QZ4W745F2OG44XJSQU4ZV,Steingut (Material/Technik); glasiert (Material/Technik),"H. mit Deckel 25,0 cm; H. ohne Deckel 23,0 cm: B. mit Henkel und Tülle 24,0 cm; T./Dm. max. 12,8 cm; Dm. Fuß 9,0 cm; Dm. Lippe 9,9 cm",,"Kunstgewerbemuseum, Staatliche Kunstsammlungen Dresden",
/669/item_I5HF4VA6X7SEMKLVSRKDGZGUAUUKRH2S,Steinzeug (Material/Technik),"H. mit Deckel: 11,5 cm, H. ohne Deckel: 8,7 cm, L. 18,2 cm, B. 8,7 cm, L. Fuß: 9,9 cm, B. Fuß: 8,0 cm",,"Porzellansammlung, Staatliche Kunstsammlungen Dresden",
/669/item_IFWI52WKIPXD2AU75CGADC3W6O4KFMEY,Unterglasurfarbe (Material/Technik),"H. ohne Deckel 6,2 cm, B. 15,2 cm, T. 9,0 cm, D. Fuß: 5,0 cm",,"Porzellansammlung, Staatliche Kunstsammlungen Dresden",
/669/item_ILKDQ2RU3X5VQ4PUUZYA2DMNHGMBDGQS,Böttgersteinzeug (Material/Technik); poliert (Material/Technik),"H. ohne Deckel: 9,0 cm, B. (Tülle bestoßen): 17,1 cm, T. 11,7 cm, D. Fuß: 6,3 cm",,"Porzellansammlung, Staatliche Kunstsammlungen Dresden",
/669/item_IN7BULR5BZKYD22RGI4NJ567MZ4N72MZ,Unterglasurfarbe (Material/Technik),"H. mit Deckel: 16,6 cm, H. ohne Deckel: 13,0 cm, D. 10,1 cm, D. Fuß: 5,6 cm",,"Porzellansammlung, Staatliche Kunstsammlungen Dresden",
/669/item_IXX7TNDCJ6JQC7PISTXG36KWVPAM4RUX,feuervergoldet (Material/Technik); Silber (Material/Technik),"H 10,2 cm, Dm 47,2 cm",,"Grünes Gewölbe, Staatliche Kunstsammlungen Dresden",
/669/item_J4E5PUBTH76D2EIX3G4K2Q3MJVX6UCGT,Unterglasurfarbe (Material/Technik); montiert (Material/Technik),"H. 36,0 cm, L. 32,4 cm",,"Porzellansammlung, Staatliche Kunstsammlungen Dresden",
/669/item_J6MV2CUE2CUUHSUMLZAFZQWEJ4FS5N3T,Böttgersteinzeug (Material/Technik),"H. mit Deckel: 9,6 cm, H. ohne Deckel: 8,1 cm, B. 12,9 cm, T. 8,3 cm, B. Fuß: 6,0 cm, T. Fuß: 5,9 cm",,"Porzellansammlung, Staatliche Kunstsammlungen Dresden",
/669/item_JBRA2FWF6273QILOBXE2RELEMY7NI5IA,Unterglasurfarbe (Material/Technik),"H. 16,2 cm, L. 15,5 cm, D. Fuß: 7,4 cm",,"Porzellansammlung, Staatliche Kunstsammlungen Dresden",
/669/item_JD4PCKXFNS457BKJCSNQQILEZMD5U6RT,graviert (Material/Technik); Zinn (Material/Technik),"24,2 x 16,5 x 11,85 cm",,"Kunstgewerbemuseum, Staatliche Kunstsammlungen Dresden",
/669/item_JDL46HYJLVXGG3JSTVQU6LAKBF5MJNS4,Porzellan (Material/Technik),"H. ohne Deckel: 8,7 cm, L. 14,0 cm, D. 9,3 cm, D. Fuß: 4,5 cm",,"Porzellansammlung, Staatliche Kunstsammlungen Dresden",
/669/item_JGBAQXU3SVFXT7HAQG6OWVT3W2FP6XLF,Porzellan (Material/Technik),"H. mit Decke:l 12,4 cm, H. ohne Deckel: 8,7 cm, L. 15,1 cm, D. 9,5 cm, D. Fuß 6,0 cm",,"Porzellansammlung, Staatliche Kunstsammlungen Dresden",
/669/item_JGCIIKWUDU7AVHB4E33HWWWHVPRDNOGM,Unterglasurfarbe (Material/Technik),"H. mit Deckel: 10,2 cm, H. ohne Deckel: 7,4 cm, B. 14,1 cm, T. 9,6 cm, D. Fuß: 6,3 cm",,"Porzellansammlung, Staatliche Kunstsammlungen Dresden",
/669/item_JR3IPIRPAJX4G6TXC27WLWR4KNCQ3YEX,Böttgerporzellan (Material/Technik),"H. 24,8 cm, B. 23,8 cm, T. 14,5 cm, D. Fuß: 9,1 cm",,"Porzellansammlung, Staatliche Kunstsammlungen Dresden",
/669/item_JSNZESQ6KR3DYFWHGMXPDQ7YF2FO5LEE,Unterglasurfarbe (Material/Technik); montiert (Material/Technik),"H. ohne Deckel: 11,0 cm, L. 13,7 cm, D. 8,2 cm, D. Fuß: 5,5 cm",,"Porzellansammlung, Staatliche Kunstsammlungen Dresden",
/669/item_JUFI2P56A7SDBRO5S76QU2SADG4IWDDS,Porzellan (Material/Technik),"H. mit Deckel: 10,8 cm, H. ohne Deckel: 8,3 cm, L. 15,3 cm, B. 8,3 cm, L. Fuß: 8,0 cm, B. Fuß: 6,4 cm",,"Porzellansammlung, Staatliche Kunstsammlungen Dresden",
/669/item_K7GT4JZXY26OZ46FA6BAYTKVXWTRXJJW,gegossen (Material/Technik); Zinn (Material/Technik),"20,3 x 13,5 x 10,05 cm",,"Kunstgewerbemuseum, Staatliche Kunstsammlungen Dresden",
/669/item_KCGMYFJFRYFXCGNSQRSFZAAFMZU2IQG4,Porzellan (Material/Technik),"H. mit Deckel: 9,2 cm, H. ohne Deckel: 7,0 cm, B. 15,6 cm, T. 9,3 cm, B. Fuß: 4,3 cm, T. Fuß: 4,5 cm",,"Porzellansammlung, Staatliche Kunstsammlungen Dresden",
/669/item_KE7TVRPVFXNUEPLTUCWHIJGDAFNGZ7WD,Böttgerporzellan (Material/Technik),"H. 14,9 cm, B. (Tülle bestoßen): 13,2 cm, T. 7,8 cm, B. Fuß: 8,3 cm, T. Fuß: 6,9 cm",,"Porzellansammlung, Staatliche Kunstsammlungen Dresden",
/669/item_KENE5WZ7ZGHHZ6CWTOKK3OLX4FH62BYV,Unterglasurfarbe (Material/Technik); bemalt (Material/Technik),"H. ohne Deckel: 8,9 cm, L. 17,3 cm, B. 9,9 cm, D. Fuß: 7,9 cm",,"Porzellansammlung, Staatliche Kunstsammlungen Dresden",
/669/item_KINIVCJ5SGOOMONEK4Z4SUOGODNXZBCI,Unterglasurfarbe (Material/Technik),"H. mit Deckel: 11,3 cm, H. ohne Deckel: 9,4 cm, B. 16,8 cm, T. 10,6 cm, D. Fuß: 8,2 cm",,"Porzellansammlung, Staatliche Kunstsammlungen Dresden",
/669/item_KKKOHHVZ54NVJ2RTXKQ3UCFG27VT6KVH,Böttgersteinzeug (Material/Technik),"H. mit Deckel: 8,9 cm, H. ohne Deckel: 7,4 cm, B. 13,6 cm, T. 9,1 cm, D. Fuß: 4,9 cm",,"Porzellansammlung, Staatliche Kunstsammlungen Dresden",
/669/item_KMRTVEMKT76EIFOPJGNZMZTBD3J4EUMJ,Steinzeug (Material/Technik),"H. mit Deckel: 8,4 cm, H. ohne Deckel: 6,5 cm, B. 12,1 cm, T. 8,5 cm, D. Fuß: 4,5 cm",,"Porzellansammlung, Staatliche Kunstsammlungen Dresden",
/669/item_KONHSMB4GHMQGSQETJJ3TYQ7MLVJYD5E,Porzellan (Material/Technik),"H. 7,7 cm, L. 14,6 cm, D. 9,3 cm, D. Fuß 5,5 cm",,"Porzellansammlung, Staatliche Kunstsammlungen Dresden",
/669/item_KPLA2EPMDCTBKMU4YVPO3OWXWKWNQPK5,Porzellan (Material/Technik),"H. 13,4 cm, B. 12,9 cm, T. 6,1 cm",,"Porzellansammlung, Staatliche Kunstsammlungen Dresden",
/669/item_KPQEBCWGZZIVJR3H3S5CRVWK7RQOIBII,Unterglasurfarbe (Material/Technik),"H. mit Deckel: 10,7 cm, H. ohne Deckel: 7,6 cm, L. 14,7 cm, B. 9,4 cm, D. mit Fuß: 5,5 cm",,"Porzellansammlung, Staatliche Kunstsammlungen Dresden",
/669/item_L4IDEX22QWUF2UHHEGMDR7EGDRMFKEZF,Porzellan (Material/Technik),"H. mit Deckel: 11,5 cm, H. ohne Deckel: 9,2 cm, B. (Tülle bestoßen): 17,6 cm, T. 10,6 cm, D. Fuß: 6,1 cm",,"Porzellansammlung, Staatliche Kunstsammlungen Dresden",
/669/item_LGAFLJZU5VANRPIFFCGZIVTOGH2QHQA7,Porzellan (Material/Technik),"H. mit Deckel: 7,8 cm, H. ohne Deckel: 6,5 cm, L. 11,2 cm, D. 6,9 cm, D. Fuß: 4,4 cm",,"Porzellansammlung, Staatliche Kunstsammlungen Dresden",
/669/item_LHHRNMOYYPQBEDP6Q673FBAJFVZ7JFT7,Porzellan (Material/Technik),"H. 8,7 cm, B. 16,2 cm, D. 9,6 cm",,"Porzellansammlung, Staatliche Kunstsammlungen Dresden",
/669/item_LMJX3E453VHYV3ISSBCYCOBUNT74AG6B,Böttgersteinzeug (Material/Technik),"H. mit Deckel: 11,5 cm, H. ohne Deckel: 9,7 cm, B. 14,8 cm, T. 10,8 cm, D. Fuß: 5,8 cm",,"Porzellansammlung, Staatliche Kunstsammlungen Dresden",
/669/item_LZYHVE6VZJTOXG3KV7UEZRF6XA4CIRTX,Böttgersteinzeug (Material/Technik); geschliffen (Material/Technik),"H. mit Deckel: 9,4 cm, H. 9,1 cm, B. 16,3 cm, T. 10,8 cm, B. Fuß: 6,9 cm, T. Fuß: 6,8 cm",,"Porzellansammlung, Staatliche Kunstsammlungen Dresden",
/669/item_M3CQOD2SKBAOOKTDHS2DHZG6RWP2K4IK,Porzellan (Material/Technik),"H. mit Deckel: 11,1 cm, H. ohne Deckel: 9,6 cm, B. 17,2 cm, T. 11,5 cm: B. Fuß: 7,6 cm, T. Fuß: 6,7 cm",,"Porzellansammlung, Staatliche Kunstsammlungen Dresden",
/669/item_M3U7C7U2FSHWAHR6AXQKAATN7SERUTCU,Porzellan (Material/Technik),"H. 11,4 cm, L. 19,7 cm, L. Fuß: 9,7 cm, B. Fuß: 7,6 cm",,"Porzellansammlung, Staatliche Kunstsammlungen Dresden",
/669/item_M7QGNEQ65WXKSLXWCMNFTH65N4V3AQ3D,Unterglasurfarbe (Material/Technik); bemalt (Material/Technik),"H. mit Deckel: 10,1 cm, H. ohne Deckel: 8,5 cm, L. 15,9 cm, D. 10,2 cm, D. Fuß: 6,0 cm",,"Porzellansammlung, Staatliche Kunstsammlungen Dresden",
/669/item_MBSIC4TQDLDADGQDO4SBN52HNSLZ3IMA,Böttgersteinzeug (Material/Technik),"H. mit Deckel: 8,0 cm, H. ohne Deckel: 7,2 cm, B. (Tülle bestoßen): 14,8 cm, T. 10,9 cm, D. Fuß: 6,3 cm",,"Porzellansammlung, Staatliche Kunstsammlungen Dresden",
/669/item_MDGLFMMC4NJ27HJHGLHBOGMKUYSXE3MK,modelliert (Material/Technik); Ton (Material/Technik),"51,5 x 19 x 18 cm; Durchmesser der Kanne: 12 cm",,"GRASSI Museum für Völkerkunde zu Leipzig, Staatliche Kunstsammlungen Dresden",
/669/item_MHIZ3XTSCJHJQAWDXAF4EZA73BTY5IQ5,Steinzeug (Material/Technik),"H. mit Deckel: 9,2 cm, H. ohne Deckel: 7,9 cm, B. 13,6 cm, T. 8,9 cm, D. Fuß: 5,9 cm",,"Porzellansammlung, Staatliche Kunstsammlungen Dresden",
/669/item_MJAYVR5N2FCI2CHRD4AOT4HZS5WEIKVF,Unterglasurfarbe (Material/Technik); bemalt (Material/Technik),"H. mit Deckel: 12,2 cm, H. ohne Deckel: 9,3 cm, D. 10,2 cm, D. Fuß: 6,1 cm",,"Porzellansammlung, Staatliche Kunstsammlungen Dresden",
/669/item_MUWHUGZSVZMLPPLRGBOCZ5IQ76EAQXNJ,gegossen (Material/Technik); Zinn (Material/Technik),"23,9 x 15,5 x 11,3 cm",,"Kunstgewerbemuseum, Staatliche Kunstsammlungen Dresden",
/669/item_MWULFH3OPFLY6AEWBPVIZLA672YQY4Q7,Silber (Material/Technik),"H. mit Deckel: 12,1 cm, H. ohne Deckel: 8,5 cm, B. 14,9 cm, T. 11,3 cm, D. Fuß: 7,5 cm",,"Porzellansammlung, Staatliche Kunstsammlungen Dresden",
/669/item_N33VMIR7YYGX5Y74GVWLCW5CJLH2YHJ5,Porzellan (Material/Technik),"H. mit Deckel: 10,4 cm, H. ohne Deckel: 8,2 cm, B. 16,2 cm, T. 10,6 cm, D. Fuß: 6,0 cm",,"Porzellansammlung, Staatliche Kunstsammlungen Dresden",
/669/item_N3KW4LHFWDI76S63WMG3P7JFTRKNF3DW,Porzellan (Material/Technik),"H. 13,1 cm, L. 12,8 cm, D. 9,3 cm, D. Fuß: 6,0 cm",,"Porzellansammlung, Staatliche Kunstsammlungen Dresden",
/669/item_N4MXLNENJGNU2Q2CHN4DH34SFNW34BDS,Papier (Material/Technik); Federzeichnung (Material/Technik),125 x 78 mm (Blatt),,"Kupferstich-Kabinett, Staatliche Kunstsammlungen Dresden",
/669/item_NNOXYWT52EDMJYBTNYEJARY4FAXKKKGW,Unterglasurfarbe (Material/Technik); bemalt (Material/Technik),"H. mit Deckel: 11,4 cm, H. ohne Deckel: 8,7 cm, L. 18,4 cm, D. 11,0 cm, D. Fuß: 6,6 cm",,"Porzellansammlung, Staatliche Kunstsammlungen Dresden",
/669/item_NWXV3VMPWEYHGZEMO26KP3ZBIIOLJFPB,Gold (Material/Technik),"H. ohne Deckel: 8,8 cm, B. 16,7 cm, T. 12,6 cm, D. Fuß: 5,9 cm",,"Porzellansammlung, Staatliche Kunstsammlungen Dresden",
/669/item_NZQ7BYEOSO2RLJ3CR3WJPK5SYEMYQFT7,gegossen (Material/Technik); Zinn (Material/Technik),"30,6 x 20,5 x 14,0 cm",,"Kunstgewerbemuseum, Staatliche Kunstsammlungen Dresden",
/669/item_O22SXGDQYBXCLR4VKL3VKFZ3BAJD6AQZ,Unterglasurfarbe (Material/Technik),"H. mit Deckel: 8,1 cm, H. ohne Deckel: 7,2 cm, B. 15,7 cm, T. 9,7 cm, D. Fuß: 5,5 cm",,"Porzellansammlung, Staatliche Kunstsammlungen Dresden",
/669/item_O2NLWFLDPCGYRQZIHEGXF5WIC7HRGHG5,Porzellan (Material/Technik),"H. mit Deckel: 12,3 cm, H. ohne Deckel: 8,6 cm, L. 14,9 cm, D. 9,7 cm, D. Fuß: 6,0 cm",,"Porzellansammlung, Staatliche Kunstsammlungen Dresden",
/669/item_O3CNUW6K5TCSXDEB6DNBFPMGKEM63CZO,Steinzeug (Material/Technik),"H. mit Deckel: 8,4 cm, H. ohne Deckel: 6,6 cm, B. 11,9 cm, T. 8,1 cm, D. Fuß: 4,4 cm",,"Porzellansammlung, Staatliche Kunstsammlungen Dresden",
/669/item_OMTLLBZPHTOHPIODAX2T5JB7EGSEPRRH,Porzellan (Material/Technik),"H. mit Deckel: 12,1 cm, H. ohne Deckel: 8,7 cm, L. 15,1 cm, D. 10,6 cm, D. Fuß: 5,7 cm",,"Porzellansammlung, Staatliche Kunstsammlungen Dresden",
/669/item_OWHD53W3RQGY4LIYAGHE2OUDLOGVDQ42,Unterglasurfarbe (Material/Technik),"H. mit Deckel: 11,4 cm, H. ohne Deckel: 8,7 cm, L. 16,6 cm, D. 11,3 cm, D. Fuß: 7,2 cm",,"Porzellansammlung, Staatliche Kunstsammlungen Dresden",
/669/item_OY6DRNTWXTSILFDNXKYVUOAT2FDCQLG5,Unterglasurfarbe (Material/Technik),"H. 6,1 cm, B. 10,8 cm, D. 6,9 cm",,"Porzellansammlung, Staatliche Kunstsammlungen Dresden",
/669/item_PAY4FH4IMGJ56HMVS3I2XXVJXOHMX3J7,Unterglasurfarbe (Material/Technik); montiert (Material/Technik),"H. mit Deckel: 8,0 cm, H. ohne Deckel: 6,1 cm, L. 13,8 cm, D. 8,3 cm, D. Fuß: 4,6 cm",,"Porzellansammlung, Staatliche Kunstsammlungen Dresden",
/669/item_PQ6EGGJX2IZXT4DYMXHEAAML5FVBFFES,Porzellan (Material/Technik),"H. mit Deckel: 7,7 cm, H. ohne Deckel: 6,5 cm, B. 12,8 cm, T. 7,7 cm, D. Fuß: 4,2 cm",,"Porzellansammlung, Staatliche Kunstsammlungen Dresden",
/669/item_Q5O6WRPBRAIUVE6CCMQ7TFYQFKIRW2HZ,Porzellan (Material/Technik),"H. 13,3 cm, B. 12,7 cm, T. 6,1 cm",,"Porzellansammlung, Staatliche Kunstsammlungen Dresden",
/669/item_Q65HOIK7CSIVEFTMWF46YOFJKW7PC6HB,Böttgerporzellan (Material/Technik),"H. 26,1 cm, B. 23,4 cm, T. 14,9 cm, D. Fuß: 8,9 cm",,"Porzellansammlung, Staatliche Kunstsammlungen Dresden",
/669/item_Q726YEBVF4EMWWL6WLKX2NQNF52DW3MD,gegossen (Material/Technik); Zinn (Material/Technik),"17,7 x 14,55 x 8,25 cm",,"Kunstgewerbemuseum, Staatliche Kunstsammlungen Dresden",
/669/item_QR7BJQ6WLT6ZAQKIMGX6GAPXDJO45B6E,Unterglasurfarbe (Material/Technik); montiert (Material/Technik),"H. mit Deckel: 9,7 cm, H. ohne Deckel: 6,5 cm, L. 13,5 cm, D. 9,1 cm, D. Fuß: 5,1 cm",,"Porzellansammlung, Staatliche Kunstsammlungen Dresden",
/669/item_QRP54W6XTTBS7TFWLZQFS66UEISF6UWU,Unterglasurfarbe (Material/Technik); bemalt (Material/Technik),"H. mit Deckel: 10,3 cm, H. ohne Deckel: L. 16,0 cm, D. 10,4 cm, D. Fuß: 6,0 cm",,"Porzellansammlung, Staatliche Kunstsammlungen Dresden",
/669/item_QUILFAP6XEAEAOOLFAGS6U23BBY26ZXK,Irdenware (Material/Technik); reliefiert (Material/Technik),"H. o.D. 11,5 cm; D. 11,9 cm; ; D. Fußring 6,2 cm; D. Öffnung 5,2 cm cm; H. Deckel 3,6 cm; D. Deckel 5,3 cm",,"Kunstgewerbemuseum, Staatliche Kunstsammlungen Dresden",
/669/item_R3XSW5OEB2FL5LOSAFZ6MOAQCCMXSSDD,Porzellan (Material/Technik),"H. 13,5 cm, B. 13,2 cm, T. 6,0 cm",,"Porzellansammlung, Staatliche Kunstsammlungen Dresden",
/669/item_RC72VNSBH3GRVRHCBFBJ4WKNRZEFSTPB,Porzellan (Material/Technik),"H. mit Deckel: 11,4 cm, H. ohne Deckel: 9,1 cm, B. 16,1 cm, T. 9,3 cm, D. Fuß: 7,2 cm",,"Porzellansammlung, Staatliche Kunstsammlungen Dresden",
/669/item_RCNO767K5MKXRVZ3JAVNEFWHSJF53VW3,Porzellan (Material/Technik),"H. mit Deckel: 7,4 cm, H. ohne Deckel: 5,9 cm, L. 10,8 cm, D. 6,8 cm, D. Fuß: 4,4 cm",,"Porzellansammlung, Staatliche Kunstsammlungen Dresden",
/669/item_RMGKSZLKZPUBXK66QPO2LB6J2F32JAJO,Unterglasurfarbe (Material/Technik),"H. mit Deckel: 6,2 cm, H. ohne Deckel: 5,4 cm, L. 7,6 cm, D. 5,3 cm, D. Fuß: 3,0 cm",,"Porzellansammlung, Staatliche Kunstsammlungen Dresden",
/669/item_RUQQQWL3R5DFK2V34VBEWDANV4VCUMDV,Böttgerporzellan (Material/Technik),"H. mit Deckel: 20,7 cm, H. ohne Deckel: 16,5 cm, B. 17,2 cm, T. 12,0 cm, D. Fuß: 6,3 cm",,"Porzellansammlung, Staatliche Kunstsammlungen Dresden",
/669/item_RUZWPLBQN3BJMJLGVZ4ASPBUFWQPSCMX,Porzellan (Material/Technik),"H. mit Deckel: 7,6 cm, H. ohne Deckel: 6,1 cm, L. 10,4 cm, D. 6,7 cm, D. Fuß: 4,4 cm",,"Porzellansammlung, Staatliche Kunstsammlungen Dresden",
/669/item_SLV5VSOU5L5RJ6UCMOQWWWXNLNQ5LMNU,Gold (Material/Technik),"H. mit Deckel: 12,3 cm, H. ohne Deckel: 8,5 cm, B. 14,7 cm, T. 11,2 cm, D. Fuß: 7,8 cm",,"Porzellansammlung, Staatliche Kunstsammlungen Dresden",
/669/item_SMX5JBGMZA44OCSC7VHAF36OWJNX2JUE,Porzellan (Material/Technik),"H. mit Deckel: 12,0 cm, H. ohne Deckel: 10,5 cm, L. 10,0 cm, D. 7,8 cm, D. Fuß: 4,5 cm",,"Porzellansammlung, Staatliche Kunstsammlungen Dresden",
/669/item_SUVWRZU255PTJI4PTRHIBGW2WH2KKRU3,Unterglasurfarbe (Material/Technik),"H. mit Deckel: 13,1 cm, H. ohne Deckel: 10,3 cm, L. 19,6 cm, D. 17,0 cm, D. Fuß: 7,3 cm",,"Porzellansammlung, Staatliche Kunstsammlungen Dresden",
/669/item_T4R2UIIBUYYHAWLUXA7GRPVASFHDRH7B,Böttgersteinzeug (Material/Technik),"H. 13,3 cm, B. 11,6 cm, T. 8,1 cm",,"Porzellansammlung, Staatliche Kunstsammlungen Dresden",
/669/item_TNODVL3T5AG3ETK6T7VZWBJGNOZQFGVB,Zinn (Material/Technik); geschmiedet (Material/Technik),"9 x 23,6 x 8,2 cm",,"GRASSI Museum für Völkerkunde zu Leipzig, Staatliche Kunstsammlungen Dresden",
/669/item_TSABAWCED635FXE4W7LEP6YTFFTPVSC2,Unterglasurfarbe (Material/Technik); bemalt (Material/Technik),"H. 21,0 cm, L. 19,1 cm, D. 10,0 cm, D. Fuß: 6,5 cm",,"Porzellansammlung, Staatliche Kunstsammlungen Dresden",
/669/item_TSZTRWUKZFH3RGNZ634AESN3VAPHVDSW,Böttgerporzellan (Material/Technik),"H. mit Deckel: 15,8 cm, H. ohne Deckel: 12,6 cm, B. 16,9 cm, T. 13,2 cm, D. Fuß: 7,9 cm",,"Porzellansammlung, Staatliche Kunstsammlungen Dresden",
/669/item_TUGBAGW57T5L6MZVMIUPHTL2XVDPGU3X,Böttgersteinzeug (Material/Technik),"H. mit Deckel (festgeklebt): 10,9 cm, B. (Tülle abgebrochen): 12,2 cm, T. 8,4 cm, D. Fuß: 6,5 cm",,"Porzellansammlung, Staatliche Kunstsammlungen Dresden",
/669/item_UDZDEKJGL55YCANYO63KSYFHD2E5XHWN,Böttgersteinzeug (Material/Technik),"H. ohne Deckel: 8,0 cm, B. 14,1 cm, T. 9,2 cm, D. Fuß: 6,2 cm",,"Porzellansammlung, Staatliche Kunstsammlungen Dresden",
/669/item_UFZP45HAZDXLBDEXY7LCN6LI35NQSR5V,Böttgersteinzeug (Material/Technik),"H. mit Deckel: 9,5 cm, H. ohne Deckel: 8,7 cm, B. (Tülle beschlagen): 15,0 cm, T. 12,7 cm, D. Fuß: 6,0 cm",,"Porzellansammlung, Staatliche Kunstsammlungen Dresden",
/669/item_V2M5X3WZHANZYXJOOIWPT2P4UEP4ZIWQ,gegossen (Material/Technik); Zinn (Material/Technik),"17,6 x 22,8 x 13,2 cm",,"Kunstgewerbemuseum, Staatliche Kunstsammlungen Dresden",
/669/item_V5PQ25VWLHBKTELVBBB65HIWJDHH52L6,Silber (Material/Technik),"H. mit Deckel: 15,5 cm, H. ohne Deckel: 9,6 cm, B. 16,3 cm, T. 12,1 cm, D. Fuß: 7,9 cm",,"Porzellansammlung, Staatliche Kunstsammlungen Dresden",
/669/item_V6THFZ7E225ZZW4OEGXLZHURGDIT7I3U,Böttgerporzellan (Material/Technik),"H. 14,9 cm, B. (Tülle bestoßen): 13,1 cm, T. 7,7 cm, B. Fuß: 8,2 cm, T. Fuß: 6,9 cm",,"Porzellansammlung, Staatliche Kunstsammlungen Dresden",
/669/item_V77Q4TVT67RQBI3V4I3LACM2H7YGHLVK,Unterglasurfarbe (Material/Technik); bemalt (Material/Technik),"H. mit Deckel: 11 cm, H. ohne Deckel: 8,9 cm, L. 15,3 cm, B. 9,4 cm, D. Fuß: 7,3 cm",,"Porzellansammlung, Staatliche Kunstsammlungen Dresden",
/669/item_VABJKSJ7KDLRP4GMDHRC7UNESCNC4EX5,Böttgersteinzeug (Material/Technik),"H. mit Deckel: 10,9 cm, H. ohne Deckel: 8,4 cm, B. 14,4 cm, T. 8,3 cm, D. Fuß: 6,5 cm",,"Porzellansammlung, Staatliche Kunstsammlungen Dresden",
/669/item_VGIR66JUR4IMULOP3AXXAQGEAXG74CJL,Unterglasurfarbe (Material/Technik); bemalt (Material/Technik),"H. mit Deckel: 20,8 cm, H. ohne Deckel: 17,0 cm, L. 18,3 cm, B. 10,0 cm, D. Fuß: 9,0 cm",,"Porzellansammlung, Staatliche Kunstsammlungen Dresden",
/669/item_VH6CB2BJNDEZOQRK6TGBFTQR4CLJTAG4,Böttgerporzellan (Material/Technik),"H. 15,0 cm,  cm, B. 13,3 cm, T. 7,6 cm, B. Fuß: 8,6 cm, T. Fuß: 7,2 cm",,"Porzellansammlung, Staatliche Kunstsammlungen Dresden",
/669/item_VMHOYPWYGYQNRCZ5QD54RIB3E5VSH2KZ,Porzellan (Material/Technik),"H. 10,7 cm, B. 18,1 cm, D. 9,9 cm",,"Porzellansammlung, Staatliche Kunstsammlungen Dresden",
/669/item_VN7YX5D7EH4CMOVPQO5BJFEEI6CRBAII,getrieben (Material/Technik); Messing (Material/Technik),"13 x 14,5 x 8 cm",,"GRASSI Museum für Völkerkunde zu Leipzig, Staatliche Kunstsammlungen Dresden",
/669/item_VSRZ3LMR77GR5OHTTY5266DEQVYK3VY4,Böttgersteinzeug (Material/Technik),"H. mit Deckel: 9,9 cm, H. ohne Deckel: 8,4 cm, B. 13,2 cm, T. 8,5 cm, B. Fuß: 6,3 cm, T. Fuß: 6,2 cm",,"Porzellansammlung, Staatliche Kunstsammlungen Dresden",
/669/item_VTQHWZ7TW2B7PKXF65PBTCQAEP2IKXUW,Steinzeug (Material/Technik),"H. mit Deckel (Knauf bestoßen): 19,4 cm, H. ohne Deckel: 15,9 cm, B. 16,3 cm, T. 10,7 cm, D. Fuß: 7,0 cm",,"Porzellansammlung, Staatliche Kunstsammlungen Dresden",
/669/item_VTQL4TCJQCEP4DVZ6NKSGXL4H6YW3AWY,graviert (Material/Technik); Zinn (Material/Technik),"16,5 x 11,75 x 8,0 cm",,"Kunstgewerbemuseum, Staatliche Kunstsammlungen Dresden",
/669/item_VTS7GMVBJCH4KCNLMHFHUEZ4DRQEEN6U,graviert (Material/Technik); Zinn (Material/Technik),"12,6 x 21,5 x 15,65 cm",,"Kunstgewerbemuseum, Staatliche Kunstsammlungen Dresden",
/669/item_W3OGQ6I5WFNH4TA2ZIL6FU4LFVPETF7Q,vergoldet (Material/Technik); Silber (Material/Technik),"H 29,2 cm, B 31,7 cm; Rechaud: H 8,3 cm, Dm 18,4 cm",,"Grünes Gewölbe, Staatliche Kunstsammlungen Dresden",
/669/item_WAMEOJQGKMUH6VFFUK6R7PMABHRXIEYW,Unterglasurfarbe (Material/Technik); montiert (Material/Technik),"H. mit Deckel: 9,5 cm, H. ohne Deckel: 7,9 cm, L. 17,0 cm, D. 10,0 cm, D. Fuß: 5,4 cm",,"Porzellansammlung, Staatliche Kunstsammlungen Dresden",
/669/item_WMAFKIRPYQIR435ENZX6EU45XAQG6E4A,Unterglasurfarbe (Material/Technik); bemalt (Material/Technik),"H. mit Deckel: 10,7 cm, H. ohne Deckel: 9,0 cm, L. 15,9 cm, D. 10,4 cm, D. Fuß: 6,2 cm",,"Porzellansammlung, Staatliche Kunstsammlungen Dresden",
/669/item_WOXXIJXEY74SOEDTQHFQDYQ6W2IQGEBP,Böttgersteinzeug (Material/Technik),"H. mit Deckel (montiert): 15,3 cm, B. 12,5 cm, T. 7,0 cm, B. Fuß: 4,6  cm, T. Fuß: 4,6 cm",,"Porzellansammlung, Staatliche Kunstsammlungen Dresden",
/669/item_WQAYE664AO2TU3GJXR3UPNN4CZ3FUOGH,graviert (Material/Technik); Zinn (Material/Technik),"20,9 x 25,5 x 15,9 cm",,"Kunstgewerbemuseum, Staatliche Kunstsammlungen Dresden",
/669/item_WVQOZCETJ43HXH5F474OSDQXYJWCS7XW,Unterglasurfarbe (Material/Technik); bemalt (Material/Technik),"H. mit Deckel: 16,8 cm, H. ohne Deckel: 14 cm, L. 13,1 cm, B. 13,4 cm, D. Fuß: 6,1 cm",,"Porzellansammlung, Staatliche Kunstsammlungen Dresden",
/669/item_WZJXZL6JCTH4JLBGSSQC2QEJFGSCJV72,Böttgerporzellan (Material/Technik),"H. mit Deckel: 12,3 cm, H. ohne Deckel: 9,0 cm, B. 16,3 cm, T. 11,2 cm, D. Fuß: 6,3 cm",,"Porzellansammlung, Staatliche Kunstsammlungen Dresden",
/669/item_X2W6HD7CDLPNFZNJUBARWK47K624XMO2,Böttgersteinzeug (Material/Technik),"H. mit Deckel: 14,1 cm, H. ohne Deckel: 12,6 cm, B. 17,1 cm, T. 11,0 cm, D. Fuß: 8,6 cm",,"Porzellansammlung, Staatliche Kunstsammlungen Dresden",
/669/item_X4FSKAMWNYCD7SU57N3I3VR34DUN27DX,Unterglasurfarbe (Material/Technik); Kaltmalerei (Material/Technik),"H. mit Deckel: 6,3 cm, H. ohne Deckel: 3,8 cm, L. 10,2 cm, D. 6,9 cm, D. Fuß: 3,5 cm",,"Porzellansammlung, Staatliche Kunstsammlungen Dresden",
/669/item_XBW2SQEDH4Y2OPLMVXKKSF2XKS3LCJNG,Böttgersteinzeug (Material/Technik),"H. ohne Deckel: 7,5 cm, B. 13,8 cm, T. 8,7 cm, D. Fuß: 4,9 cm",,"Porzellansammlung, Staatliche Kunstsammlungen Dresden",
/669/item_XFFWVXBTZ5HYC77P2TWLSR37XBOYKB35,Kaltmalerei (Material/Technik); Steinzeug (Material/Technik),"H. 7,7 cm, D. 11,3 cm",,"Porzellansammlung, Staatliche Kunstsammlungen Dresden",
/669/item_XJIYLLQPPMBDOSVOEUK74XANI2IH6VJG,Böttgersteinzeug (Material/Technik),"H. mit Deckel: 18,3 cm, H. ohne Deckel: 15,0 cm, B. (Schnaupe bestoßen): 12,6 cm, T. 10,4 cm, D. Fuß: 7,2 cm",,"Porzellansammlung, Staatliche Kunstsammlungen Dresden",
/669/item_Y5HIKT6AZFA3OMBWNVWESJVKIK7JC7N4,Böttgersteinzeug (Material/Technik),"H. ohne Deckel: 7,6 cm, B. 12,5 cm, T. 8,2 cm, D. Fuß: 4,0 cm",,"Porzellansammlung, Staatliche Kunstsammlungen Dresden",
/669/item_Y6HNO7GZREVAQRC3YPIYJSF4JEWIKZSW,Böttgersteinzeug (Material/Technik),"H. mit Deckel: 9,6 cm, H. ohne Deckel: 8,3 cm, B. 14,6 cm, T. 8,8 cm, D. Fuß: 5,6 cm",,"Porzellansammlung, Staatliche Kunstsammlungen Dresden",
/669/item_YEHWQUFXGQCJ3DTW72NDS4OGBPM7PCKT,Böttgerporzellan (Material/Technik),"H. mit Deckel (fest montiert): 15,1 cm, B. 17,5 cm, T. 10,1 cm",,"Porzellansammlung, Staatliche Kunstsammlungen Dresden",
/669/item_YMOJ6WHJG52PSPHA7NJUVHY2KDOFPWRN,Porzellan (Material/Technik),"H. mit Deckel: 12,3 cm, H. ohne Deckel: 10,6 cm, B. (Tülle bestoßen): 20,6 cm, T. 11,8 cm, B. Fuß: 9,8 cm, T. Fuß: 7,4 cm",,"Porzellansammlung, Staatliche Kunstsammlungen Dresden",
/669/item_YQM6UYJITG3JVAXYBOZ5PZK46NQAJL3S,Böttgerporzellan (Material/Technik),"H. ohne Deckel: 9,9 cm, B. (Tülle bestoßen): 17,0 cm, T. 11,5 cm, D. Fuß: 5,8 cm",,"Porzellansammlung, Staatliche Kunstsammlungen Dresden",
/669/item_YWBAXEDK25D6IEEELZ7MPYCR4XCY5EDS,Unterglasurfarbe (Material/Technik),"H. mit Deckel: 11,2 cm, H. ohne Deckel: 9,6 cm, B. 17,2 cm, T. 10,8 cm, D. Fuß: 8,0 cm",,"Porzellansammlung, Staatliche Kunstsammlungen Dresden",
/669/item_Z5AGN62DRYZOXBNEFDSJBTDHLHAEVY3L,Unterglasurfarbe (Material/Technik),"H. mit Deckel: 16,0 cm, H. ohne Deckel: 13,0 cm, L. 21,8 cm, D. 17,0 cm, D. Fuß: 7,5 cm",,"Porzellansammlung, Staatliche Kunstsammlungen Dresden",
/669/item_Z7463Y5TZPRE2Y4FOANTEZFMWOOQX6YD,feuervergoldet (Material/Technik); Silber (Material/Technik),"Kanne: H 31,0 cm, Dm Fuß 19,0 cm; Rechaud: H 8,5 cm, B Fuß 19,2 cm; Gesamtgewicht: 4770 g",,"Grünes Gewölbe, Staatliche Kunstsammlungen Dresden",
/669/item_ZAWO7E3BHBDTJFRHMWT3GYH4VR6LHLX7,Porzellan (Material/Technik),"H. mit Deckel (mit Kette montiert): 10,4 cm, H. ohne Deckel: 8,2 cm, B. 16,5 cm, T. 10,7 cm, B. Fuß: 4,8 cm, T. Fuß: 4,7 cm",,"Porzellansammlung, Staatliche Kunstsammlungen Dresden",
/669/item_ZBZTU6FB7CNUVLDOP6PPANUGI6T5M342,Porzellan (Material/Technik),"H. 12,4 cm, B. 21,0 cm, T. 12,0 cm, B. Fuß: 9,7 cm, T. Fuß: 7,5 cm",,"Porzellansammlung, Staatliche Kunstsammlungen Dresden",
/669/item_ZWG4KEDTKYSNLYNFIOVDEF5R5FQJOBBN,Unterglasurfarbe (Material/Technik),"H. 9,6 cm, B. 16,8 cm, D. Fuß: 6,5 cm",,"Porzellansammlung, Staatliche Kunstsammlungen Dresden",
/249/item_273LLQQPZIBKK4K46DJKOJE4RFJ5H3YH,,,,TECHNOSEUM Landesmuseum für Technik und Arbeit in Mannheim,
/249/item_2LSP3CFRSVAKTJPCN75LV5SJXGFJ4XMK,,,,TECHNOSEUM Landesmuseum für Technik und Arbeit in Mannheim,
/249/item_32A4ND77UFB7LJG3MSLOPUCD7AFEL7XR,,,,TECHNOSEUM Landesmuseum für Technik und Arbeit in Mannheim,
/249/item_4RNR5UFJHXN227IOKEXNABDRFYJKDHGS,,,,TECHNOSEUM Landesmuseum für Technik und Arbeit in Mannheim,
/249/item_5DFOXBQVLPEMKZITYR6NAPSDZJS56UXZ,,,,TECHNOSEUM Landesmuseum für Technik und Arbeit in Mannheim,
/249/item_5GDYBAF25DPZ4FSMVV2XL5IAYI6CW5KF,,,,TECHNOSEUM Landesmuseum für Technik und Arbeit in Mannheim,
/249/item_5WPMBV4QHY634YU67OLFYE4D6T3W6ZNA,,,,TECHNOSEUM Landesmuseum für Technik und Arbeit in Mannheim,
/249/item_6JWWKWRXP3JP3N7CL64JXDZ4CHMDGLMQ,,,,TECHNOSEUM Landesmuseum für Technik und Arbeit in Mannheim,
/249/item_AC7RN4SWBS6RER6RDOMGCP5UQ5SRKW4V,,,,TECHNOSEUM Landesmuseum für Technik und Arbeit in Mannheim,
/249/item_AXDPKLSRLXS36GH6WG6LOH7EQUEFH3CM,,,,TECHNOSEUM Landesmuseum für Technik und Arbeit in Mannheim,
/249/item_BZ7ODF2JRKUUXVOW2UZYL7DLYXO63AQG,,,,TECHNOSEUM Landesmuseum für Technik und Arbeit in Mannheim,
/249/item_CCJCTOASEEOU2X5UOPM3HSBSDJ4NQUAV,,,,TECHNOSEUM Landesmuseum für Technik und Arbeit in Mannheim,
/249/item_CVXQCH2CP6ZTXADM2VJHKHBAFATKAEMR,,,,TECHNOSEUM Landesmuseum für Technik und Arbeit in Mannheim,
/249/item_CYQDSRVL5EVBJKMEM6KNANLQJZKP54AF,,,,TECHNOSEUM Landesmuseum für Technik und Arbeit in Mannheim,
/249/item_DOAFGHAMAZEHCIDPDMT2A2PMFSYWNZZ3,,,,TECHNOSEUM Landesmuseum für Technik und Arbeit in Mannheim,
/249/item_E4MVUB4JKE73RTQRS2O7ZHKARFW627FL,,,,TECHNOSEUM Landesmuseum für Technik und Arbeit in Mannheim,
/249/item_ECMEUI3MDUTJDKBXJ5YN4UOC5JT6WAMU,,,,TECHNOSEUM Landesmuseum für Technik und Arbeit in Mannheim,
/249/item_FMGOLWSGOGFMEXEJ6AWBUUNVRBAKIGQD,,,,TECHNOSEUM Landesmuseum für Technik und Arbeit in Mannheim,
/249/item_GSRVYT3EUM5SI3PSTG6MG3N5ZEDYKBNR,,,,TECHNOSEUM Landesmuseum für Technik und Arbeit in Mannheim,
/249/item_GYY5IU43XXVMOV3ZPEMP2H7G5Z24HPH3,,,,TECHNOSEUM Landesmuseum für Technik und Arbeit in Mannheim,
/249/item_HQMPZS63UVPTKNUYLJEE3RCUDG7A7MD3,,,,TECHNOSEUM Landesmuseum für Technik und Arbeit in Mannheim,
/249/item_IJUVD3BWB5AYJ4DDWUXGSBKEVMKPH4UK,,,,TECHNOSEUM Landesmuseum für Technik und Arbeit in Mannheim,
/249/item_J5WQL3ANKVVYV3EHTKBNKSAAUM4OSVEN,,,,TECHNOSEUM Landesmuseum für Technik und Arbeit in Mannheim,
/249/item_KDOPTEKJAS4SA234BYLRKFY56BNQAZ55,,,,TECHNOSEUM Landesmuseum für Technik und Arbeit in Mannheim,
/249/item_KK4ZRMO5BMM7SFFTBYXS5U27JREFUGRI,,,,TECHNOSEUM Landesmuseum für Technik und Arbeit in Mannheim,
/249/item_KLFRDA6IDDH2KBBF2WUU3PW5VWCAK4IN,,,,TECHNOSEUM Landesmuseum für Technik und Arbeit in Mannheim,
/249/item_LXQQUEOZKDBNGGAOBFACAF7QHTINYKPU,,,,TECHNOSEUM Landesmuseum für Technik und Arbeit in Mannheim,
/249/item_MLYT7WLXVAEDWSQPXDHXNW4FBM7EO3KC,,,,TECHNOSEUM Landesmuseum für Technik und Arbeit in Mannheim,
/249/item_NLHF45ANK7V36JOXJMKPZGBQWNAK6R3K,,,,TECHNOSEUM Landesmuseum für Technik und Arbeit in Mannheim,
/249/item_NPX7TKKHWWAMSQU7HCDKUYRJHC7LGVWT,,,,TECHNOSEUM Landesmuseum für Technik und Arbeit in Mannheim,
/249/item_NYLQI5CTDZ5LE62VBAMA7U3DSX2EYEAT,,,,TECHNOSEUM Landesmuseum für Technik und Arbeit in Mannheim,
/249/item_OLAW3FKCAW4UVJPN4JCP4FB5RN4262U3,,,,TECHNOSEUM Landesmuseum für Technik und Arbeit in Mannheim,
/249/item_OQYMJ5CLLT2UVPRJDPB2HWNCSQOMUQ5Q,,,,TECHNOSEUM Landesmuseum für Technik und Arbeit in Mannheim,
/249/item_ORAHFRHG2HD6LNLNA2NRZHOF7NNFM27C,,,,TECHNOSEUM Landesmuseum für Technik und Arbeit in Mannheim,
/249/item_PHSQXINRRTG2YFCH2BTMISIQYQMJJYPY,,,,TECHNOSEUM Landesmuseum für Technik und Arbeit in Mannheim,
/249/item_PKGP2BQNNLK6XBKIM327KTDIRQ3L4IL3,,,,TECHNOSEUM Landesmuseum für Technik und Arbeit in Mannheim,
/249/item_PMZEXZCUGJCNBYYZDGUR4R4BJLLBZEXW,,,,TECHNOSEUM Landesmuseum für Technik und Arbeit in Mannheim,
/249/item_QFF4D5OG3GTM4KGMN24A3XFF7VRELJEV,,,,TECHNOSEUM Landesmuseum für Technik und Arbeit in Mannheim,
/249/item_S5UA3LVDVPAFRERKPRCA66ZH4J2IY2TU,,,,TECHNOSEUM Landesmuseum für Technik und Arbeit in Mannheim,
/249/item_SF7WCFQR4PVJPPHQGTMDJZWQQMCROONF,,,,TECHNOSEUM Landesmuseum für Technik und Arbeit in Mannheim,
/249/item_SYTQJN3O7SVS6KD7LAEPTWJNNDTISU4K,,,,TECHNOSEUM Landesmuseum für Technik und Arbeit in Mannheim,
/249/item_T6KMBWXOXJ73BCTNTQ7ETXQBA3GUVFYP,,,,TECHNOSEUM Landesmuseum für Technik und Arbeit in Mannheim,
/249/item_T7C64ARF7YKSFFALDAYSZ4T4FV7P3XZ6,,,,TECHNOSEUM Landesmuseum für Technik und Arbeit in Mannheim,
/249/item_UEQQEALWFN5FJYNULHUDTJIVVKP35EPT,,,,TECHNOSEUM Landesmuseum für Technik und Arbeit in Mannheim,
/249/item_UVHEYW7ZZKK35FVRKGE62YLH3DN3WN7T,,,,TECHNOSEUM Landesmuseum für Technik und Arbeit in Mannheim,
/249/item_V2OGY5EESCHU6BIMHI77VHDBTID36POL,,,,TECHNOSEUM Landesmuseum für Technik und Arbeit in Mannheim,
/249/item_V4UDVHLPKLTTQY6GD3266KY3QNDM73RH,,,,TECHNOSEUM Landesmuseum für Technik und Arbeit in Mannheim,
/249/item_VFUPTMM2FLWXEEKQ5H6ENHJYCYXPVUG2,,,,TECHNOSEUM Landesmuseum für Technik und Arbeit in Mannheim,
/249/item_W4WWMNOPE6GW6LNXJBS6A5FWYUHHQAGT,,,,TECHNOSEUM Landesmuseum für Technik und Arbeit in Mannheim,
/249/item_WM374IRWUANMCOHR3PTD3GT5AGTQVPN5,,,,TECHNOSEUM Landesmuseum für Technik und Arbeit in Mannheim,
/249/item_X4D2HD3EDM7ZZ2NVLYH54EKBEZJSJLOC,,,,TECHNOSEUM Landesmuseum für Technik und Arbeit in Mannheim,
/249/item_X7SPVELZOOJWP5PDHEOQRKZOFWVGOC4J,,,,TECHNOSEUM Landesmuseum für Technik und Arbeit in Mannheim,
/249/item_Y75ZUV3TJJKGEAODQ2YE2SXIP3PGG2KO,,,,TECHNOSEUM Landesmuseum für Technik und Arbeit in Mannheim,
/249/item_YE4SJRCT5SCPVDB7ZSMKYODE2F7J3JWG,,,,TECHNOSEUM Landesmuseum für Technik und Arbeit in Mannheim,
/249/item_YU7IXWJ337FPCI573HRQQGZXQDB4RZWU,,,,TECHNOSEUM Landesmuseum für Technik und Arbeit in Mannheim,
/249/item_YW53HOUJYAIHGRGXQMEAUIZO6KAKWLPE,,,,TECHNOSEUM Landesmuseum für Technik und Arbeit in Mannheim,
/249/item_ZHMXWUMTBBI6IEEG44S7GI72Z65BKBWO,,,,TECHNOSEUM Landesmuseum für Technik und Arbeit in Mannheim,
/249/item_ZVMDMPSII5UAUWSXCDLK4K7ZQNLKAQVU,,,,TECHNOSEUM Landesmuseum für Technik und Arbeit in Mannheim,
/249/item_ZXYVE3WKNSLQNQBIL3LJBT7GAK2LKZFA,,,,TECHNOSEUM Landesmuseum für Technik und Arbeit in Mannheim,
/1010/item_3XLQMHBBNB2Z24OUW3KNR2YC54VJWHO7,gedreht (Material/Technik); Ton (Material/Technik),20 cm (Gesamtmaß); 15 cm (Durchmesser),,"Thriemer, Gudrun",
/1010/item_A4AXKVYUPIPKCH37WQRQXQQRBI56Y3QZ,Papier (Material/Technik); Ölkreide (Material/Technik); Tusche (Material/Technik),"29,4 x 41,5 cm; 31,5 x 43,2 cm (Trägerpapier)",,"Böttcher, Agathe",
/1010/item_SEAI2DWZHSSJGZEAQCG54PARMVMTRS6U,Papier (Material/Technik); Tuschezeichnung (Material/Technik); Tusche (Material/Technik),"10,3 x 15,5 cm (Blattmaß)",,VG Bild-Kunst,
/1010/item_ZR3AOXSCS5GKASN6SCQE75OMI73QXUD7,Bleistift (Material/Technik); Bleistiftzeichnung (Material/Technik); Papier (Material/Technik),15 x 21 cm,,"Zaumzeil, Frank-Herbert",
/08547/Museu_ProvidedCHO_Stadtgeschichtliches_Museum_Leipzig_F0000524,,,,Stadtgeschichtliches Museum Leipzig,
/08547/Museu_ProvidedCHO_Stadtgeschichtliches_Museum_Leipzig_ME003385,,"Höhe: 5,5 cm",,Stadtgeschichtliches Museum Leipzig,
/08547/Museu_ProvidedCHO_Stadtgeschichtliches_Museum_Leipzig_ME003457,,"Height: 8.5 cm; Höhe: 8,5 cm",,Stadtgeschichtliches Museum Leipzig,
/08547/Museu_ProvidedCHO_Stadtgeschichtliches_Museum_Leipzig_ME004082,lackiert; gesägt; gedrechselt; lacquered; turned; sawn,"Höhe: 3,5 cm (Teekanne)",,Stadtgeschichtliches Museum Leipzig,
/08547/Museu_ProvidedCHO_Stadtgeschichtliches_Museum_Leipzig_ME005016,glasiert; gebrannt; bemalt; gegossen; glazed; cast; painted; burnt,Diameter: 10 cm (meat plate); Durchmesser: 10 cm (Fleischplatte),,Stadtgeschichtliches Museum Leipzig,
/08547/Museu_ProvidedCHO_Stadtgeschichtliches_Museum_Leipzig_ME005035,,Height: 11 cm; Höhe: 11 cm,,Stadtgeschichtliches Museum Leipzig,
/08547/Museu_ProvidedCHO_Stadtgeschichtliches_Museum_Leipzig_ME005053,,"Height: 4.5 cm (max.); Höhe: 4,5 cm (max.)",,Stadtgeschichtliches Museum Leipzig,
/08547/Museu_ProvidedCHO_Stadtgeschichtliches_Museum_Leipzig_PO000142,,,,Stadtgeschichtliches Museum Leipzig,
/08547/Museu_ProvidedCHO_Stadtgeschichtliches_Museum_Leipzig_PO000143,,,,Stadtgeschichtliches Museum Leipzig,
/08547/Museu_ProvidedCHO_Stadtgeschichtliches_Museum_Leipzig_PO000144,,,,Stadtgeschichtliches Museum Leipzig,
/08547/Museu_ProvidedCHO_Stadtgeschichtliches_Museum_Leipzig_PO000150,,Height: 14 cm; Höhe: 14 cm,,Stadtgeschichtliches Museum Leipzig,
/08547/Museu_ProvidedCHO_Stadtgeschichtliches_Museum_Leipzig_PO000152,,"Höhe: 16,5 cm (gesamt, mit Deckel)",,Stadtgeschichtliches Museum Leipzig,
/08547/Museu_ProvidedCHO_Stadtgeschichtliches_Museum_Leipzig_PO000306,,"Height: 26.5 cm; Höhe: 26,5 cm",,Stadtgeschichtliches Museum Leipzig,
/08547/Museu_ProvidedCHO_Stadtgeschichtliches_Museum_Leipzig_PO000312,,"Height: 17.5 cm; Höhe: 17,5 cm",,Stadtgeschichtliches Museum Leipzig,
/08547/Museu_ProvidedCHO_Stadtgeschichtliches_Museum_Leipzig_V0004052,,"Height: 6.5 cm; Höhe: 6,5 cm",,Stadtgeschichtliches Museum Leipzig,
/08547/Museu_ProvidedCHO_Stadtgeschichtliches_Museum_Leipzig_V0004187,,"Height: 3 cm - 26.5 cm; Höhe: 3 cm - 26,5 cm",,Stadtgeschichtliches Museum Leipzig,
/08547/Museu_ProvidedCHO_Stadtgeschichtliches_Museum_Leipzig_V0004249,,Höhe: 15 cm Tablett,,Stadtgeschichtliches Museum Leipzig,
/08547/Museu_ProvidedCHO_Stadtgeschichtliches_Museum_Leipzig_V0004251,,Height: 14 cm Kaffeek. m. Cover; Höhe: 14 cm Kaffeek. m. Deckel,,Stadtgeschichtliches Museum Leipzig,
/2064110/E_508_I_033_pl_035_jpg,,36.3 x 28 cm,,,
/489/SN1946,,"B x H x T: 8cm x 11cm x 6cm , Durchmesser: 0cm; W x H x D: 8cm x 11cm x 6cm, diameter: 0cm",,"Holder of image: Institut für Konservierung und Restaurierung, Univ. angewandte Kunst Wien, Stift Neukloster; CC BY-ND 4.0 - Namensnennung-Keine Bearbeitung; Holder of image: Institute for Conservation and Restoration, Univ. applied art Vienna, Neukloster Abbey",
/489/SN1968,,"B x H x T: 10.5cm x 6cm x 7.5cm , Durchmesser: 0cm; W x H x D: 10.5cm x 6cm x 7.5cm, diameter: 0cm",,"Holder of image: Institut für Konservierung und Restaurierung, Univ. angewandte Kunst Wien, Stift Neukloster; CC BY-ND 4.0 - Namensnennung-Keine Bearbeitung; Holder of image: Institute for Conservation and Restoration, Univ. applied art Vienna, Neukloster Abbey",
/191/item_HGERWOZIQ2KJDNC5NM53QAGD4ZW66M7I,Porzellan (Material/Technik); glasiert (Material/Technik); Abformung (Material/Technik); bemalt (Material/Technik); gebrannt (Material/Technik); burnt (material/technique); glazed (material/technique); Porcelain (material/technique),"Teekanne mit Deckel (HxB): 9,7 x 17,6 cm",,Stiftung Stadtmuseum Berlin,
/199/item_672ZJRQD5WSPVCIW376KWMFSBLG22KZL,,,,,
/199/item_ARLVN7VPS3HVP7GJOIOPRDDBNO3DEZ5O,,,,,
/199/item_O4T6DQS47JSOD6SWZBP4MKCANNA4FGCT,,,,,
/199/item_PNQJV2WCRLRTID5WWUMNS5GEAQC5XYHP,http://vocab.getty.edu/aat/300140803,,,,
/188/item_3OVYE57YZU4HVWZC2NNOHF664RRUAPFA,Kunststoff (Material); Originalnegativ (Technik); Original negative (technique); Plastic (material),"Höhe H. ca. 16 cm (Teekanne) & Höhe 5,5 cm (Tasse mit Untertasse) & Höhe 12,5 cm (Milchtopf)",,,
/188/item_4CCD5UGMM3X4W5IPULK7HKIHB4E23VJB,Glas (Material); glass (material),,,,
/188/item_7OGOM7KSOZ4QGEWG5DWWZEM6U3MWFZ3U,,,,,
/272/resource_document_jhm_foto_F004009,,,,onbekend,
/272/resource_document_jhm_foto_F007532,,,,onbekend,
/272/resource_document_jhm_foto_F007537,,,,onbekend,
/270/resource_document_jhm_museum_M006331,,,,,Joods Historisch Museum
/270/resource_document_jhm_museum_M008490,,,,,Joods Historisch Museum. Aangekocht met steun van de Stichting Vrienden van het JHM
/270/resource_document_jhm_museum_M010906,,,,,Joods Historisch Museum. Geschonken door dhr. B. Andriesse
/270/resource_document_jhm_museum_M010907,,,,,Joods Historisch Museum. Geschonken door dhr. B. Andriesse
/270/resource_document_jhm_museum_M011124,,,,,Joods Historisch Museum
/446/2y010_0009534,"1 negativo fotografico : gelatina bromuro d'argento, vetro, BN",89x119 mm.,,Biblioteca nazionale Braidense - Milano - IT-MI0185,
/446/2y010_0009542,"1 negativo fotografico : gelatina bromuro d'argento, vetro, BN",89x118 mm.,,Biblioteca nazionale Braidense - Milano - IT-MI0185,
/362/item_LOT474IM2Q3JJCMQVJ23UBJAYTDSPB44,,48 S.,,,
/362/item_OO5OVBEBCJI5VUUHVMGXUFBM7CHRPVGA,,56 S.,,,
/2064108/Museu_ProvidedCHO_Antikensammlung__Staatliche_Museen_zu_Berlin_DE_MUS_814319_798392,Ton; http://data.europeana.eu/concept/1755,Höhe: 12 cm,,"Antikensammlung, Staatliche Museen zu Berlin",
/2064108/Museu_ProvidedCHO_Ethnologisches_Museum__Staatliche_Museen_zu_Berlin_DE_MUS_019118_134195,,Höhe x Durchmesser: 7 x 16 cm,,"Ethnologisches Museum, Staatliche Museen zu Berlin",
/2064108/Museu_ProvidedCHO_Ethnologisches_Museum__Staatliche_Museen_zu_Berlin_DE_MUS_019118_136155,,Objektmaß: H: 30 cm; Objektmaß: D: 15 cm,,"Ethnologisches Museum, Staatliche Museen zu Berlin",
/2064108/Museu_ProvidedCHO_Ethnologisches_Museum__Staatliche_Museen_zu_Berlin_DE_MUS_019118_146161,,"Objektmaß: H: 16,0 cm; Objektmaß: B: 14,5 cm",,"Ethnologisches Museum, Staatliche Museen zu Berlin",
/2064108/Museu_ProvidedCHO_Ethnologisches_Museum__Staatliche_Museen_zu_Berlin_DE_MUS_019118_146162,,"Objektmaß: B: 15,0 cm; Objektmaß: H: 7,5 cm",,"Ethnologisches Museum, Staatliche Museen zu Berlin",
/2064108/Museu_ProvidedCHO_Ethnologisches_Museum__Staatliche_Museen_zu_Berlin_DE_MUS_019118_1578331,,"Durchmesser: 15 cm; Höhe: 14,5 cm; Höhe: 25,5 cm (gesamt)",,"Ethnologisches Museum, Staatliche Museen zu Berlin",
/2064108/Museu_ProvidedCHO_Ethnologisches_Museum__Staatliche_Museen_zu_Berlin_DE_MUS_019118_185010,,"Höhe x Durchmesser: 35 x 12,3 cm; Gewicht: < 2 kg",,"Ethnologisches Museum, Staatliche Museen zu Berlin",
/2064108/Museu_ProvidedCHO_Ethnologisches_Museum__Staatliche_Museen_zu_Berlin_DE_MUS_019118_185014,,"Höhe x Durchmesser: 35,8 x 12 cm (D: größter); Gewicht: 856 g",,"Ethnologisches Museum, Staatliche Museen zu Berlin",
/2064108/Museu_ProvidedCHO_Ethnologisches_Museum__Staatliche_Museen_zu_Berlin_DE_MUS_019118_185015,,Höhe x Durchmesser: 26 x 10 cm (D: Boden); Gewicht: 802 g,,"Ethnologisches Museum, Staatliche Museen zu Berlin",
/2064108/Museu_ProvidedCHO_Ethnologisches_Museum__Staatliche_Museen_zu_Berlin_DE_MUS_019118_185017,,"Gewicht: 0,65 kg; Höhe x Breite x Tiefe: 34,6 x 15,4 x 11,7 cm",,"Ethnologisches Museum, Staatliche Museen zu Berlin",
/2064108/Museu_ProvidedCHO_Ethnologisches_Museum__Staatliche_Museen_zu_Berlin_DE_MUS_019118_185020,,"Höhe x Durchmesser: 33 x 10,9 cm; Gewicht: 1408 g",,"Ethnologisches Museum, Staatliche Museen zu Berlin",
/2064108/Museu_ProvidedCHO_Ethnologisches_Museum__Staatliche_Museen_zu_Berlin_DE_MUS_019118_185025,,"Höhe: 40,5 cm",,"Ethnologisches Museum, Staatliche Museen zu Berlin",
/2064108/Museu_ProvidedCHO_Ethnologisches_Museum__Staatliche_Museen_zu_Berlin_DE_MUS_019118_185029,,"Durchmesser: (Standfläche) 9,2 cm; Gewicht: < 2 kg; Höhe x Durchmesser: 29,7 x 11,4 cm (max.); Durchmesser: (oben) 5 cm",,"Ethnologisches Museum, Staatliche Museen zu Berlin",
/2064108/Museu_ProvidedCHO_Ethnologisches_Museum__Staatliche_Museen_zu_Berlin_DE_MUS_019118_187372,,Höhe: 14 cm,,"Ethnologisches Museum, Staatliche Museen zu Berlin",
/2064108/Museu_ProvidedCHO_Ethnologisches_Museum__Staatliche_Museen_zu_Berlin_DE_MUS_019118_187774,,"Höhe x Durchmesser: 29 x 11,2 cm; Gewicht: 520 g",,"Ethnologisches Museum, Staatliche Museen zu Berlin",
/2064108/Museu_ProvidedCHO_Ethnologisches_Museum__Staatliche_Museen_zu_Berlin_DE_MUS_019118_190746,,Höhe x Durchmesser: 24 x 6 cm (D: Boden),,"Ethnologisches Museum, Staatliche Museen zu Berlin",
/2064108/Museu_ProvidedCHO_Ethnologisches_Museum__Staatliche_Museen_zu_Berlin_DE_MUS_019118_190747,,"Höhe x Durchmesser: 24,5 x 8,5 cm (D: Boden)",,"Ethnologisches Museum, Staatliche Museen zu Berlin",
/2064108/Museu_ProvidedCHO_Ethnologisches_Museum__Staatliche_Museen_zu_Berlin_DE_MUS_019118_190759,,"Durchmesser: unten 15 cm; Höhe x Durchmesser: 10 x 12,2 cm (D: unten)",,"Ethnologisches Museum, Staatliche Museen zu Berlin",
/2064108/Museu_ProvidedCHO_Ethnologisches_Museum__Staatliche_Museen_zu_Berlin_DE_MUS_019118_191953,,"Gewicht: 265 g; Höhe: 20,5 cm",,"Ethnologisches Museum, Staatliche Museen zu Berlin",
/2064108/Museu_ProvidedCHO_Ethnologisches_Museum__Staatliche_Museen_zu_Berlin_DE_MUS_019118_755574,,"Höhe: 13,5 cm; Durchmesser: 8 cm",,"Ethnologisches Museum, Staatliche Museen zu Berlin",
/2064108/Museu_ProvidedCHO_Ethnologisches_Museum__Staatliche_Museen_zu_Berlin_DE_MUS_019118_755577,,"Breite: Henkel bis Tülle 12,5 cm; Höhe: 17 cm",,"Ethnologisches Museum, Staatliche Museen zu Berlin",
/2064108/Museu_ProvidedCHO_Ethnologisches_Museum__Staatliche_Museen_zu_Berlin_DE_MUS_019118_755582,,"Höhe: 18 cm; Durchmesser: Standfläche 9,6 cm",,"Ethnologisches Museum, Staatliche Museen zu Berlin",
/2064108/Museu_ProvidedCHO_Ethnologisches_Museum__Staatliche_Museen_zu_Berlin_DE_MUS_019118_755593,,Breite: Tülle zu Henkel 9 cm; Höhe: 11 cm,,"Ethnologisches Museum, Staatliche Museen zu Berlin",
/2064108/Museu_ProvidedCHO_Ethnologisches_Museum__Staatliche_Museen_zu_Berlin_DE_MUS_019118_755683,,"Durchmesser: 9,5 cm (Boden); Höhe: 10,5 cm; Durchmesser: 6 cm (Öffnung oben)",,"Ethnologisches Museum, Staatliche Museen zu Berlin",
/2064108/Museu_ProvidedCHO_Ethnologisches_Museum__Staatliche_Museen_zu_Berlin_DE_MUS_019118_755768,,"Durchmesser: 9,5 cm; Höhe: 17 cm",,"Ethnologisches Museum, Staatliche Museen zu Berlin",
/2064108/Museu_ProvidedCHO_Ethnologisches_Museum__Staatliche_Museen_zu_Berlin_DE_MUS_019118_981732,,"Höhe x Breite: 6,9 x 19 cm (B: mit Stiel); Gewicht: 53 g",,"Ethnologisches Museum, Staatliche Museen zu Berlin",
/2064108/Museu_ProvidedCHO_Kunstgewerbemuseum__Staatliche_Museen_zu_Berlin_DE_MUS_018417_2255135,"Porzellan mit Aufglasur- und Goldmalerei, Silber","Breite: 16,4 cm; Höhe: 10 cm",,"Kunstgewerbemuseum, Staatliche Museen zu Berlin",
/2064108/Museu_ProvidedCHO_Kunstgewerbemuseum__Staatliche_Museen_zu_Berlin_DE_MUS_018417_2456882,Porzellan mit Malerei,"Höhe: 19,3 cm",,"Kunstgewerbemuseum, Staatliche Museen zu Berlin",
/2064108/Museu_ProvidedCHO_Kunstgewerbemuseum__Staatliche_Museen_zu_Berlin_DE_MUS_018417_2456906,Porzellan mit Malerei,"Höhe: 17,6 cm",,"Kunstgewerbemuseum, Staatliche Museen zu Berlin",
/2064108/Museu_ProvidedCHO_Kunstgewerbemuseum__Staatliche_Museen_zu_Berlin_DE_MUS_018417_2459756,Porzellan mit Malerei,"Höhe x Durchmesser: 14,5 x 10,4 cm",,"Kunstgewerbemuseum, Staatliche Museen zu Berlin",
/2064108/Museu_ProvidedCHO_Kunstgewerbemuseum__Staatliche_Museen_zu_Berlin_DE_MUS_018417_2463684,Porzellan mit Bemalung,Höhe: 15 cm,,"Kunstgewerbemuseum, Staatliche Museen zu Berlin",
/2064108/Museu_ProvidedCHO_Kunstgewerbemuseum__Staatliche_Museen_zu_Berlin_DE_MUS_018417_2551533,Porzellan mit Aufglasurmalerei,"Höhe: 22,5 cm",,"Kunstgewerbemuseum, Staatliche Museen zu Berlin",
/2064108/Museu_ProvidedCHO_Kunstgewerbemuseum__Staatliche_Museen_zu_Berlin_DE_MUS_018417_2551542,Porzellan mit Aufglasur- und Goldmalerei,Höhe: 21 cm,,"Kunstgewerbemuseum, Staatliche Museen zu Berlin",
/2064108/Museu_ProvidedCHO_Kunstgewerbemuseum__Staatliche_Museen_zu_Berlin_DE_MUS_018417_890203,getrieben,Höhe x Breite: 25 x 22 cm,,"Kunstgewerbemuseum, Staatliche Museen zu Berlin",
/2064108/Museu_ProvidedCHO_Museum_Europ_ischer_Kulturen__Staatliche_Museen_zu_Berlin_DE_MUS_018719_1554220,"Hafnerware, Malhorndekor und appliziertes Dekor, glasiert",Höhe: 24 cm,,"Museum Europäischer Kulturen, Staatliche Museen zu Berlin",
/2064108/Museu_ProvidedCHO_Museum_Europ_ischer_Kulturen__Staatliche_Museen_zu_Berlin_DE_MUS_018719_1582714,"Steinzeug, glasiert, Schwämmeldekor","Höhe x Durchmesser: 26,3 x 14 cm Durchmesser am Stand",,"Museum Europäischer Kulturen, Staatliche Museen zu Berlin",
/2064108/Museu_ProvidedCHO_Museum_Europ_ischer_Kulturen__Staatliche_Museen_zu_Berlin_DE_MUS_018719_1587638,"Porzellan, bemalt",Höhe: der Kanne 19 cm; Höhe x Breite x Tiefe: Gesamtmaß Service 20 x 44 x 30 cm,,"Museum Europäischer Kulturen, Staatliche Museen zu Berlin",
/2064108/Museu_ProvidedCHO_Museum_Europ_ischer_Kulturen__Staatliche_Museen_zu_Berlin_DE_MUS_018719_1701246,Steinzeug mit Feldspatglasur und Spritzdekor,"Gewicht: 748 g; Höhe x Breite x Tiefe: 17 x 22,5 x 15 cm , Dm Stand: 9,5 cm",,"Museum Europäischer Kulturen, Staatliche Museen zu Berlin",
/2064108/Museu_ProvidedCHO_Museum_Europ_ischer_Kulturen__Staatliche_Museen_zu_Berlin_DE_MUS_018719_2222585,"Porzellan, silbern bemalt",Höhe x Breite x Tiefe: 19 x 20 x 11 cm,,"Museum Europäischer Kulturen, Staatliche Museen zu Berlin",
/2064108/Museu_ProvidedCHO_Museum_Europ_ischer_Kulturen__Staatliche_Museen_zu_Berlin_DE_MUS_018719_2222683,"Porzellan, bemalt",Höhe x Breite x Tiefe: 23 x 22 x 15 cm,,"Museum Europäischer Kulturen, Staatliche Museen zu Berlin",
/2064108/Museu_ProvidedCHO_Museum_Europ_ischer_Kulturen__Staatliche_Museen_zu_Berlin_DE_MUS_018719_2222684,"Porzellan, bemalt","Höhe x Breite x Tiefe: 15,5 x 25 x 17 cm",,"Museum Europäischer Kulturen, Staatliche Museen zu Berlin",
/2064108/Museu_ProvidedCHO_Museum_Europ_ischer_Kulturen__Staatliche_Museen_zu_Berlin_DE_MUS_018719_2222954,"Steingut, Darstellungen im Umdruckverfahren","Höhe x Breite x Tiefe: 19,8 x 20 x 10,5 cm , Dm Stand: 9,8 cm; Gewicht: 544 g",,"Museum Europäischer Kulturen, Staatliche Museen zu Berlin",
/2064108/Museu_ProvidedCHO_Museum_Europ_ischer_Kulturen__Staatliche_Museen_zu_Berlin_DE_MUS_018719_2223077,"Porzellan, Kunststoff","Höhe x Breite x Tiefe: 14,5 x 25 x 15 cm , Standfläche 15 cm Dm; Gewicht: 986 g",,"Museum Europäischer Kulturen, Staatliche Museen zu Berlin",
/2064108/Museu_ProvidedCHO_Museum_Europ_ischer_Kulturen__Staatliche_Museen_zu_Berlin_DE_MUS_018719_2230812,"Porzellan?, Goldbemalung",Höhe x Durchmesser: 15 x 9 cm,,"Museum Europäischer Kulturen, Staatliche Museen zu Berlin",
/2064108/Museu_ProvidedCHO_Museum_Europ_ischer_Kulturen__Staatliche_Museen_zu_Berlin_DE_MUS_018719_509703,"Kupfer, ziseliert",Höhe: 37 cm,,"Museum Europäischer Kulturen, Staatliche Museen zu Berlin",
/2064108/Museu_ProvidedCHO_Museum_Europ_ischer_Kulturen__Staatliche_Museen_zu_Berlin_DE_MUS_018719_515349,Kupfer; http://data.europeana.eu/concept/1770,,,"Museum Europäischer Kulturen, Staatliche Museen zu Berlin",
/2064108/Museu_ProvidedCHO_Museum_Europ_ischer_Kulturen__Staatliche_Museen_zu_Berlin_DE_MUS_018719_516402,Alluminium,"Durchmesser: unten 16 cm; Durchmesser: oben 9 cm; Höhe: ohne Henkel 14,5 cm",,"Museum Europäischer Kulturen, Staatliche Museen zu Berlin",
/2064108/Museu_ProvidedCHO_Museum_Europ_ischer_Kulturen__Staatliche_Museen_zu_Berlin_DE_MUS_018719_516403,Kupfer; http://data.europeana.eu/concept/1770,"Höhe: ohne Henkel 12 cm; Durchmesser: oben 7,3 cm; Durchmesser: unten 12 cm",,"Museum Europäischer Kulturen, Staatliche Museen zu Berlin",
/2064108/Museu_ProvidedCHO_Museum_Europ_ischer_Kulturen__Staatliche_Museen_zu_Berlin_DE_MUS_018719_520601,Steingut,"Höhe x Breite x Tiefe: a) max. 13 x 17 x 12,6 cm; Höhe x Durchmesser: b) 5 x 6,5 cm; Gewicht: 594 g",,"Museum Europäischer Kulturen, Staatliche Museen zu Berlin",
/2064108/Museu_ProvidedCHO_Museum_Europ_ischer_Kulturen__Staatliche_Museen_zu_Berlin_DE_MUS_018719_521693,"Ton, Bleiglasur","Höhe x Breite: max. 28,5 x 23 cm; Gewicht: 1266 g",,"Museum Europäischer Kulturen, Staatliche Museen zu Berlin",
/2064108/Museu_ProvidedCHO_Museum_Europ_ischer_Kulturen__Staatliche_Museen_zu_Berlin_DE_MUS_018719_577852,Pappe,"Durchmesser: 17,5 cm",,"Museum Europäischer Kulturen, Staatliche Museen zu Berlin",
/2064108/Museu_ProvidedCHO_Museum_Europ_ischer_Kulturen__Staatliche_Museen_zu_Berlin_DE_MUS_018719_607663,"Porzellan, bemalt",Höhe: 20 cm,,"Museum Europäischer Kulturen, Staatliche Museen zu Berlin",
/2064108/Museu_ProvidedCHO_Museum_Europ_ischer_Kulturen__Staatliche_Museen_zu_Berlin_DE_MUS_018719_754790,bleiglasierte Irdenware,"Höhe x Durchmesser: 20 x 9,6 cm",,"Museum Europäischer Kulturen, Staatliche Museen zu Berlin",
/2064108/Museu_ProvidedCHO_Museum_Europ_ischer_Kulturen__Staatliche_Museen_zu_Berlin_DE_MUS_018719_842658,Steinzeug mit brauner Lehmglasur,Höhe x Durchmesser: 11 x 10 cm,,"Museum Europäischer Kulturen, Staatliche Museen zu Berlin",
/2064108/Museu_ProvidedCHO_Museum_f_r_Asiatische_Kunst__Staatliche_Museen_zu_Berlin_DE_MUS_019014_1922663,,"Höhe x Breite x Tiefe: 8,3 x 12 x 9,8 cm; Maße Transport: Holzkiste 10,5 x 12 x 12 cm; Gewicht: < 0,1 kg",,Schenkung Dr. Anneliese und Dr. Wulf Crueger,
/2064108/Museu_ProvidedCHO_Museum_f_r_Asiatische_Kunst__Staatliche_Museen_zu_Berlin_DE_MUS_019014_1922664,,"Gewicht: 0,9 kg (Set in Holzkiste); Objektmaß: 7,3 x 13,6 x 11,8 cm (Teekanne); Maße Transport: Holzkiste 11,5 x 19 x 24 cm; Gewicht: ca. 0,8 kg (Set); Höhe x Breite x Tiefe: 3,8 x 9,2 x 9,7 cm (Wasserkühler); Höhe x Durchmesser: 5 x 6,5 cm (Teeschalen)",,Schenkung Dr. Anneliese und Dr. Wulf Crueger,
/2064108/Museu_ProvidedCHO_Museum_f_r_Asiatische_Kunst__Staatliche_Museen_zu_Berlin_DE_MUS_019014_1925470,gebrannte Keramik,"Höhe x Breite x Tiefe: 8 x 14,7 x 12,9 cm; Gewicht: ca. 0,2 kg",,Schenkung Dr. Anneliese und Dr. Wulf Crueger,
/2064108/Museu_ProvidedCHO_Museum_f_r_Asiatische_Kunst__Staatliche_Museen_zu_Berlin_DE_MUS_019014_1925472,gebrannte Keramik,"Objektmaß: 9,2 x 14,2 x 12,2 cm; Gewicht: 0,1 kg",,Schenkung Dr. Anneliese und Dr. Wulf Crueger,
/2064108/Museu_ProvidedCHO_Museum_f_r_Asiatische_Kunst__Staatliche_Museen_zu_Berlin_DE_MUS_019014_1925480,gebrannte Keramik,"Objektmaß: 9,5 x 14,4 x 11,4 cm; Gewicht: ca. 0,1 kg; Maße Transport: Holzkiste 12 x 14,5 x 14,5 cm",,Schenkung Dr. Anneliese und Dr. Wulf Crueger,
/2064108/Museu_ProvidedCHO_Museum_f_r_Asiatische_Kunst__Staatliche_Museen_zu_Berlin_DE_MUS_019014_1925484,gebrannte Keramik,"Objektmaß: 5,2 x 11,7 x 11,8 cm (Wasserkühler); Objektmaß: 8,7 x 14 x 12,5 cm (Teekanne); Gewicht: 0,1 kg (Wasserkühler); Gewicht: 0,1 kg (Teekanne)",,Schenkung Dr. Anneliese und Dr. Wulf Crueger,
/2064108/Museu_ProvidedCHO_Museum_f_r_Asiatische_Kunst__Staatliche_Museen_zu_Berlin_DE_MUS_019014_1928264,,"Objektmaß: 7,8 x 10,5 x 9 cm; Gewicht: 0,1 kg",,Schenkung Dr. Anneliese und Dr. Wulf Crueger,
/2064108/Museu_ProvidedCHO_Museum_f_r_Asiatische_Kunst__Staatliche_Museen_zu_Berlin_DE_MUS_019014_1938294,glasiert,"Objektmaß: 9 x 13 x 11,3 cm; Gewicht: ca. 0,2 kg",,Schenkung Dr. Anneliese und Dr. Wulf Crueger,
/2064108/Museu_ProvidedCHO_Museum_f_r_Asiatische_Kunst__Staatliche_Museen_zu_Berlin_DE_MUS_019014_1938297,,"Gewicht: 0,2 kg; Objektmaß: 9,9 x 14 x 12,8 cm; Maße Transport: Holzkiste 12,5 x 15 x 15 cm",,Schenkung Dr. Anneliese und Dr. Wulf Crueger,
/2064108/Museu_ProvidedCHO_Museum_f_r_Asiatische_Kunst__Staatliche_Museen_zu_Berlin_DE_MUS_019014_1938298,,"Objektmaß: 8,6 x 10,9 x 9,8 cm (Teekanne); Maße Transport: Holzkiste 13,5 x 19 x 17,5 cm; Gewicht: 0,6 kg (Set in Holzkiste); Höhe x Durchmesser: 3,1 x 5 cm (Teeschalen); Objektmaß: 4,5 x 8,4 x 9,5 cm (Wasserkühler); Gewicht: ca. 0,5 kg (Set)",,Schenkung Dr. Anneliese und Dr. Wulf Crueger,
/286/MAO1403,inchiostro e colori tenui su carta; inchiostro e colori tenui su carta; ink and soft colors on paper,,,Fondazione Torino Musei (MAO); Foundation Torino Musei (MAO); Fondazione Torino Musei (MAO),
/2064109/Museu_ProvidedCHO_Spielzeugmuseum_der_Stadt_N_rnberg__Museum_Lydia_Bayer__53341__Datensatz_,geformt & gebrannt & bemalt & glasiert,"Bemaßung:13,5 (Kaffeekanne) cm (Höhe), 6 cm (Durchmesser)",,Spielzeugmuseum der Stadt Nürnberg (Museum Lydia Bayer); Toy museum of the city of Nuremberg (Museum Lydia Bayer); Spielzeugmuseum der Stadt Nürnberg (Museum Lydia Bayer),
/2064109/Museu_ProvidedCHO_Spielzeugmuseum_der_Stadt_N_rnberg__Museum_Lydia_Bayer__53339__Datensatz_,gedreht & bemalt & glasiert; gedreht & bemalt & glasiert; Rotated & painted & glazed,"Bemaßung:11 (Kaffeekanne) cm (Höhe), 6 cm (Durchmesser)",,Spielzeugmuseum der Stadt Nürnberg (Museum Lydia Bayer); Toy museum of the city of Nuremberg (Museum Lydia Bayer); Spielzeugmuseum der Stadt Nürnberg (Museum Lydia Bayer),
/2064109/Museu_ProvidedCHO_Spielzeugmuseum_der_Stadt_N_rnberg__Museum_Lydia_Bayer__53199__Datensatz_,geformt & gebrannt & bemalt & glasiert,Bemaßung:16 (Kaffeekanne) cm (Höhe),,Spielzeugmuseum der Stadt Nürnberg (Museum Lydia Bayer); Toy museum of the city of Nuremberg (Museum Lydia Bayer); Spielzeugmuseum der Stadt Nürnberg (Museum Lydia Bayer),
/2064109/Museu_ProvidedCHO_Spielzeugmuseum_der_Stadt_N_rnberg__Museum_Lydia_Bayer__53122__Datensatz_,geformt & bemalt : handgemalt & gebrannt & glasiert & gestanzt & lackiert,"Bemaßung:10,5 (Kaffeekanne) cm (Höhe)",,Spielzeugmuseum der Stadt Nürnberg (Museum Lydia Bayer); Toy museum of the city of Nuremberg (Museum Lydia Bayer); Spielzeugmuseum der Stadt Nürnberg (Museum Lydia Bayer),
/2064109/Museu_ProvidedCHO_Spielzeugmuseum_der_Stadt_N_rnberg__Museum_Lydia_Bayer__53091__Datensatz_,gegossen & gebrannt & geblasen & gestanzt; gegossen & gebrannt & geblasen & gestanzt; Blowed & Blowed & Stamped,"Bemaßung:5 (Standuhr) cm (Höhe), 3 cm (Durchmesser)",,Spielzeugmuseum der Stadt Nürnberg (Museum Lydia Bayer); Toy museum of the city of Nuremberg (Museum Lydia Bayer); Spielzeugmuseum der Stadt Nürnberg (Museum Lydia Bayer),
/2064109/Museu_ProvidedCHO_Spielzeugmuseum_der_Stadt_N_rnberg__Museum_Lydia_Bayer__53042__Datensatz_,geformt & gebrannt & glasiert & bemalt & handbemalt,Bemaßung:3 (Teller) cm (Durchmesser),,Spielzeugmuseum der Stadt Nürnberg (Museum Lydia Bayer); Toy museum of the city of Nuremberg (Museum Lydia Bayer); Spielzeugmuseum der Stadt Nürnberg (Museum Lydia Bayer),
/2064128/Museu_ProvidedCHO_museum_digital_3994__technical_number_,Metall/Zinn; metal/tin,"12,0 cm",,Jever Palace Museum; Schlossmuseum Jever; Schlossmuseum Jever,
/2064128/Museu_ProvidedCHO_museum_digital_3986__technical_number_,"Zinn, Holz; tin, wood","18,2 cm ohne Deckel; 27,0 cm mit Deckel; 18,2 cm ohne Deckel; 27,0 cm mit Deckel; 18.2 cm without lid; 27.0 cm with lid",,Jever Palace Museum; Schlossmuseum Jever; Schlossmuseum Jever,
/2064128/Museu_ProvidedCHO_museum_digital_3942__technical_number_,"Tin, willow tube (handle); Zinn, Weidenrohr (Henkel)","9,0 cm / 10,0 cm",,Jever Palace Museum; Schlossmuseum Jever; Schlossmuseum Jever,
/2064128/Museu_ProvidedCHO_museum_digital_3826__technical_number_,Metall/Zinn; metal/tin,"11,0 cm",,Jever Palace Museum; Schlossmuseum Jever; Schlossmuseum Jever,
/2064128/Museu_ProvidedCHO_museum_digital_3821__technical_number_,Metall/Zinn; metal/tin,18 cm x 20 cm,,Jever Palace Museum; Schlossmuseum Jever; Schlossmuseum Jever,
/2064128/Museu_ProvidedCHO_museum_digital_3791__technical_number_,Ceramic/earthenware; Keramik/Steingut,12 cm x ca. 25 cm,,Jever Palace Museum; Schlossmuseum Jever; Schlossmuseum Jever,
/2064128/Museu_ProvidedCHO_museum_digital_3777__technical_number_,Keramik/Porzellan; ceramic/porcelain,"18,5 cm x 23 cm (mit Tülle und Henkel); 18,5 cm x 23 cm (mit Tülle und Henkel); 18.5 cm x 23 cm (with grommet and handle)",,Jever Palace Museum; Schlossmuseum Jever; Schlossmuseum Jever,
/2064128/Museu_ProvidedCHO_museum_digital_3773__technical_number_,Keramik/Porzellan; ceramic/porcelain,"17,5 cm",,Jever Palace Museum; Schlossmuseum Jever; Schlossmuseum Jever,
/2064133/Museu_ProvidedCHO_museum_digital_4976__technical_number_,Zinn; Bast; tin; bast,Height: 12; 15 cm; Höhe: 12; 15 cm; Höhe: 12; 15 cm,,Cloppenburg Museum Village - Lower Saxony Open Air Museum; Museumsdorf Cloppenburg - Niedersächsisches Freilichtmuseum; Museumsdorf Cloppenburg - Niedersächsisches Freilichtmuseum,
/2064133/Museu_ProvidedCHO_museum_digital_4682__technical_number_,Zinn; tin; http://data.europeana.eu/concept/1773,"Height: 13.5 cm; Höhe: 13,5 cm; Höhe: 13,5 cm",,Cloppenburg Museum Village - Lower Saxony Open Air Museum; Museumsdorf Cloppenburg - Niedersächsisches Freilichtmuseum; Museumsdorf Cloppenburg - Niedersächsisches Freilichtmuseum,
/2064133/Museu_ProvidedCHO_museum_digital_4348__technical_number_,Zinn; Rohr; tin; reed,"Höhe: 16,2 cm; Höhe: 16,2 cm; Height: 16.2 cm",,Cloppenburg Museum Village - Lower Saxony Open Air Museum; Museumsdorf Cloppenburg - Niedersächsisches Freilichtmuseum; Museumsdorf Cloppenburg - Niedersächsisches Freilichtmuseum,
/03919/public_mistral_joconde_fr_ACTION_CHERCHER_FIELD_1_REF_VALUE_1_00660000464,,,,"Photo : © Lysiane Gauthier; © Bordeaux, musée des Arts décoratifs, © Direction des musées de France, 2008; Picture: ©Lysiane Gauthier; ©Bordeaux, Museum of Decorative Arts, ©Direction des museums de France, 2008",
/03919/public_mistral_joconde_fr_ACTION_CHERCHER_FIELD_1_REF_VALUE_1_00660000412,,,,"Photo : © Lysiane Gauthier; © Bordeaux, musée des Arts décoratifs, © Direction des musées de France, 2008; Picture: ©Lysiane Gauthier; ©Bordeaux, Museum of Decorative Arts, ©Direction des museums de France, 2008",
/03919/public_mistral_joconde_fr_ACTION_CHERCHER_FIELD_1_REF_VALUE_1_00660000398,,,,"Photo : © Lysiane Gauthier; © Bordeaux, musée des Arts décoratifs, © Direction des musées de France, 2008; Picture: ©Lysiane Gauthier; ©Bordeaux, Museum of Decorative Arts, ©Direction des museums de France, 2008",
/2023846/medienarchiv_web_detailansicht_id_166178,,,,"LWL-Volkskundlichen Kommission für Westfalen
         [Resource]; Bildarchiv der Volkskundlichen Kommission für Westfalen",LWL-Volkskunde Commission for Westphalia; LWL-Volkskundlichen Kommission für Westfalen
/2032013/Ethnologisches_Museum__Staatliche_Museen_zu_Berlin_DE_MUS_019118_1578331,Eisen und Kupfer (Deckel); Eisen und Kupfer (Deckel); Iron and copper (lid),"Durchmesser: 15 cm; Höhe: 14,5 cm; Höhe: 25,5 cm (gesamt)",,"Staatliche Museen zu Berlin, Preußischer Kulturbesitz, Ethnologisches Museum; Staatliche Museen zu Berlin, Preußischer Kulturbesitz, Ethnologisches Museum; State Museums in Berlin, Prussian Cultural Heritage, Ethnological Museum",
/2048429/item_ODHP2CT6IQBP2N6WMHSB5DZQL4WP6WQV,Farbholzschnitt (Technik); color woodcut (technique); Farbholzschnitt (Technik),"Gesamt: Höhe: 38,40 cm; Breite: 26,50 cm; Gesamt: Höhe: 38,40 cm; Breite: 26,50 cm; Overall: height: 38.40 cm; width: 26.50 cm",,,
/2059516/data_foodanddrink_O99161,,,,,
/2059516/data_foodanddrink_O100388,,,,,
/2058606/samira_loadcard_do_id_card_80179_amp_force_1,,,,,
/2058606/samira_loadcard_do_id_card_80109_amp_force_1,,,,,
/2058606/samira_loadcard_do_id_card_79784_amp_force_1,,,,,
/2058606/samira_loadcard_do_id_card_79774_amp_force_1,,,,,
/2058606/samira_loadcard_do_id_card_79772_amp_force_1,,,,,
/2048001/AP_10287598,cuit[céramique],hauteur: 11.5 cm; largeur: 16 cm; height: 11.5 cm; hauteur: 11.5 cm; largeur: 16 cm,,"© KIK-IRPA, Brussels (Belgium)",
/2048001/AP_10288277,cuit[céramique] marbré; marbled [ceramic],hauteur: 16.5 cm,,"© KIK-IRPA, Brussels (Belgium)",
/08602/AttualitaA41_133114,,,,"Istituto Luce - Cinecittà, All rights reserved",
/08602/IL3000091664,,,,"Istituto Luce - Cinecittà, All rights reserved",
/08602/IL5000030531,,,,"Istituto Luce - Cinecittà, All rights reserved",
/08602/IL5000035370,,,,"Istituto Luce - Cinecittà, All rights reserved",
/549/SM007440,Druck; Zeichnung; http://data.europeana.eu/concept/2538; http://data.europeana.eu/concept/35,"Höhe x Breite: 14,0 x 9,2 cm",,Stadtgeschichtliches Museum Leipzig,
/2058611/_kimnet_cho_078427c7_74b0_1642_be87_30f1ceee44bb,,,,,Museen Muttenz
/2058611/_kimnet_cho_0b306a72_530a_f246_91ac_7685785035f7,,,,,Museen Muttenz
/2058611/_kimnet_cho_59c25b34_3da1_8244_b221_4c9eadfb6256,,,,,Museen Muttenz
/2058611/_kimnet_cho_7765aa22_73b4_c047_b7f5_aa1228d9d32a,,,,,Museen Muttenz
/2058611/_kimnet_cho_dbd4a7e6_2769_494c_af5f_74deae793f02,,,,,Museen Muttenz
/1236/item_23SO5IYPPMLTFHO3V554P5CQGMXRZMDG,https://d-nb.info/gnd/4410323-2; https://d-nb.info/gnd/4127928-1,"Durchmesser: 8.7 g (Standplatte); Durchmesser: 12.0 cm (Oben); Höhe: 12.6 cm, Breite: 14.5 cm",,Badisches Landesmuseum,
/1236/item_2XT5HDZMUYEGZYZ2G7ASWJMI6LLHTYKZ,https://d-nb.info/gnd/4127840-9; Mattglasur (Material/Technik); Farbglasur (Material/Technik); gegossen (Material/Technik); https://d-nb.info/gnd/4021190-3,"Höhe: 12.7 cm, Durchmesser: 16.3 cm, Breite: 26.0 cm",,Badisches Landesmuseum,
/1236/item_5M2TQWO4GGR3GCVG5XTBLAYWJPT2UZGC,bemalt (Material/Technik); https://d-nb.info/gnd/4127928-1; glasiert (Material/Technik),"Höhe: 17.2 cm, Durchmesser: 6.6 cm (Objekt b); Höhe: 20.0 cm, Durchmesser: 7.6 cm (Objekt a)",,Badisches Landesmuseum,
/1236/item_5RBMBBE2TZQIIAH7QSNY536QGQLZ5WZX,https://d-nb.info/gnd/7537327-0; https://d-nb.info/gnd/4127840-9; Mattglasur (Material/Technik); Farbglasur (Material/Technik); gegossen (Material/Technik); https://d-nb.info/gnd/4021190-3,"Höhe: 12.7 cm, Durchmesser: 16.3 cm",,Badisches Landesmuseum,
/1236/item_7C4MJQSYHQOAVDIUREH7RGAK7LKNICAD,Reliefdekor (Material/Technik); https://d-nb.info/gnd/4146207-5; glasiert (Material/Technik); geformt (Material/Technik); gebrannt (Material/Technik),"Höhe: 5.5 cm, Durchmesser: 6.5 cm (Deckel); Höhe: 8.7 cm, Tiefe: 11.2 cm, Breite: 16.2 cm (Kanne); Höhe: 13.0 cm (Gesamt)",,Badisches Landesmuseum,
/1236/item_BFWV2GECPKVHUB6RKXK3XXONSDVUVUXD,https://d-nb.info/gnd/4410323-2; https://d-nb.info/gnd/4127928-1,"Durchmesser: 8.2 cm (Standring); Höhe: 20.0 cm, Durchmesser: 13.3 cm (Gesamt); Durchmesser: 7.8 cm (Hals)",,Badisches Landesmuseum,
/1236/item_CV2N2I2IVR23MGGBOAXAU4FIE2ZPGAK6,gebrannt (Material/Technik); https://d-nb.info/gnd/4046851-3; gegossen (Material/Technik); glasiert (Material/Technik); http://data.europeana.eu/concept/1757,"Höhe: 4.0 cm, Durchmesser: 7.0 cm (Deckel); Länge: 21.0 cm, Durchmesser: 13.0 cm; Höhe: 14.0 cm (Gesamt)",,Badisches Landesmuseum,
/1236/item_D7ZLPWQYM5I5QCXAOBCMKK5Z2QIWYXNQ,http://data.europeana.eu/concept/31; https://d-nb.info/gnd/4404586-4; https://d-nb.info/gnd/4030270-2; https://d-nb.info/gnd/4707892-3,"Höhe: 9.0 cm, Breite: 9.0 cm",,Badisches Landesmuseum,
/1236/item_DGDHYS4LNT7JU4NPQD5GR6A72S3STBJ6,gebrannt (Material/Technik); https://d-nb.info/gnd/4046851-3; gegossen (Material/Technik); glasiert (Material/Technik); http://data.europeana.eu/concept/1757,"Höhe: 4.0 cm, Durchmesser: 7.0 cm (Deckel); Länge: 21.0 cm, Durchmesser: 14.0 cm; Höhe: 16.0 cm (Gesamt)",,Badisches Landesmuseum,
/1236/item_GAVHMIOFA7G7LMJCJZ6BUMQVEW5DI37C,gebrannt (Material/Technik); https://d-nb.info/gnd/4046851-3; glasiert (Material/Technik); geformt (Material/Technik); http://data.europeana.eu/concept/1757,"Höhe: 8.0 cm, Durchmesser: 7.7 cm, Länge: 10.2 cm",,Badisches Landesmuseum,
/1236/item_L57FZC6UJSNXBBLLBLNLS7FX7HJ3V2T6,Ritzdekor (Material/Technik); https://d-nb.info/gnd/4030270-2; glasiert (Material/Technik); http://data.europeana.eu/concept/31,"Höhe: 13.4 cm, Durchmesser: 14.4 cm (Gesamt)",,Badisches Landesmuseum,
/1236/item_RJEXVDCEZ2H7EQNKQCOQWBO6W3ADWI4W,gebrannt (Material/Technik); https://d-nb.info/gnd/4046851-3; gegossen (Material/Technik); glasiert (Material/Technik); http://data.europeana.eu/concept/1757,"Höhe: 9.0 cm, Durchmesser: 10.0 cm, Länge: 12.5 cm",,Badisches Landesmuseum,
/1236/item_RKLLKYQGWYL74ZQY6UJGG64VAKKC336J,Fingerdesign (Material/Technik); https://d-nb.info/gnd/4404586-4; https://d-nb.info/gnd/4030270-2; glasiert (Material/Technik); http://data.europeana.eu/concept/31,"Höhe: 8.0 cm, Breite: 10.8 cm (Gesamt)",,Badisches Landesmuseum,
/1236/item_X2JPMW6SSYCDQVD4H4S66B4N7NXIVN4W,https://d-nb.info/gnd/4410323-2; https://d-nb.info/gnd/4127928-1,"Höhe: 17.5 cm, Durchmesser: 10.2 cm",,Badisches Landesmuseum,
/2048001/AP_10275188,cuit[céramique] peint rehaussé doré; http://partage.vocnet.org/part00664; painting (image-making),hauteur: 15 cm; hauteur: 25 cm; hauteur: 14 cm,,"© KIK-IRPA, Brussels (Belgium)",
/2048001/AP_10287673,cuit[céramique],hauteur: 11.8 cm; largeur: 21.5 cm,,"© KIK-IRPA, Brussels (Belgium)",
/2048001/AP_10287838,cuit[céramique] polychromé,hauteur: 16.5 cm; largeur: 28 cm,,"© KIK-IRPA, Brussels (Belgium)",
/2048001/AP_10287949,[ceramic] inlay technique; cuit[céramique] technique d'incrustation,hauteur: 13 cm,,"© KIK-IRPA, Brussels (Belgium)",
/2048001/AP_10287996,cuit[céramique] polychromé,hauteur: 12.8 cm; largeur: 20.5 cm,,"© KIK-IRPA, Brussels (Belgium)",
/2048001/AP_10288268,cuit[céramique] polychromé,hauteur: 10.9 cm; largeur: 19.5 cm,,"© KIK-IRPA, Brussels (Belgium)",
/2048001/AP_10288326,cuit[céramique] polychromé,hauteur: 10 cm,,"© KIK-IRPA, Brussels (Belgium)",
/2048001/AP_10288748,cuit[céramique] polychromé,hauteur: 10.4 cm; largeur: 14 cm,,"© KIK-IRPA, Brussels (Belgium)",
/2048001/AP_10295067,cuit[céramique],hauteur: 14 cm,,"© KIK-IRPA, Brussels (Belgium)",
/2048001/AP_10295521,http://partage.vocnet.org/part00664; cuit[céramique] peint doré; painting (image-making),hauteur: 11.7 cm,,"© KIK-IRPA, Brussels (Belgium)",
/08547/Museu_ProvidedCHO_Stadtgeschichtliches_Museum_Leipzig_PO000151,,Height: 23 cm; Höhe: 23 cm,,Stadtgeschichtliches Museum Leipzig,
/08547/Museu_ProvidedCHO_Stadtgeschichtliches_Museum_Leipzig_PO000305,,Height: 26 cm; Höhe: 26 cm,,Stadtgeschichtliches Museum Leipzig,
/08547/Museu_ProvidedCHO_Stadtgeschichtliches_Museum_Leipzig_PO000670,,,,Stadtgeschichtliches Museum Leipzig,
/08547/Museu_ProvidedCHO_Stadtgeschichtliches_Museum_Leipzig_Z0000332,,Height x width: 90 x 410 x 5 cm; Höhe x Breite: 90 x 410 x 5 cm,,Stadtgeschichtliches Museum Leipzig,
/08547/Museu_ProvidedCHO_Stadtgeschichtliches_Museum_Leipzig_Z0001211,,"Height: 19, 5 cm; Höhe: 19, 5 cm",,Stadtgeschichtliches Museum Leipzig,
/08547/Museu_ProvidedCHO_Stadtgeschichtliches_Museum_Leipzig_Z0001212,,"Height: 25, 5 cm; Höhe: 25, 5 cm",,Stadtgeschichtliches Museum Leipzig,
/08547/Museu_ProvidedCHO_Stadtgeschichtliches_Museum_Leipzig_Z0001213,,Height: 20 cm; Höhe: 20 cm,,Stadtgeschichtliches Museum Leipzig,
/08547/Museu_ProvidedCHO_Stadtgeschichtliches_Museum_Leipzig_Z0001300,Good; Guß,Höhe: 15 cm (mit Deckel),,Stadtgeschichtliches Museum Leipzig,
/08547/Museu_ProvidedCHO_Stadtgeschichtliches_Museum_Leipzig_Z0012597,,Höhe: 20 cm;,,Stadtgeschichtliches Museum Leipzig,
/08547/Museu_ProvidedCHO_Stadtgeschichtliches_Museum_Leipzig_Z0013622,,Height: 25 cm; Höhe: 25 cm,,Stadtgeschichtliches Museum Leipzig,
/08547/Museu_ProvidedCHO_Stadtgeschichtliches_Museum_Leipzig_Z0014886,,Height: 17 cm; Höhe: 17 cm,,Stadtgeschichtliches Museum Leipzig,
/08547/Museu_ProvidedCHO_Stadtgeschichtliches_Museum_Leipzig_Z0014895,,Länge: 25 cm,,Stadtgeschichtliches Museum Leipzig,
/08547/Museu_ProvidedCHO_Stadtgeschichtliches_Museum_Leipzig_Z0014896,,Länge: 20 cm,,Stadtgeschichtliches Museum Leipzig,
/08547/Museu_ProvidedCHO_Stadtgeschichtliches_Museum_Leipzig_Z0060682,bedruckt; beschrieben; printed; described,"Height x width: 6.1 x 10.2 cm; Höhe x Breite: 6,1 x 10,2 cm",,Stadtgeschichtliches Museum Leipzig,
/08547/Museu_ProvidedCHO_Stadtgeschichtliches_Museum_Leipzig_Z0065271,bedruckt; printed,"Height x width: 11 x 5.6 cm; Höhe x Breite: 11 x 5,6 cm",,Stadtgeschichtliches Museum Leipzig,
/614/UNI2_1002596,,1h 36 min 19 sec,Music City - Paris Philharmonic; Cité de la musique - Philharmonie de Paris; http://fake.philharmoniedeparis.fr/AIC2/1047024,,
/08602/AttualitaA29_009628,,,,"Istituto Luce - Cinecittà, All rights reserved",
/08602/Attualitaa29_009622,,,,"Istituto Luce - Cinecittà, All rights reserved",
/08602/VedoIL0000003159_gen10,,,,"Istituto Luce - Cinecittà, All rights reserved",
/08602/VedoIL0000003159_gen7,,,,"Istituto Luce - Cinecittà, All rights reserved",
/08602/VedoIL0000006921_gen5,,,,"Istituto Luce - Cinecittà, All rights reserved",
/08602/VedoIL0000010112_gen23,,,,"Istituto Luce - Cinecittà, All rights reserved",
/08602/VedoIL0000010112_gen24,,,,"Istituto Luce - Cinecittà, All rights reserved",
/2048431/item_4VMNZETA4JZUHG4HPSLNXSS4XDOKVO52,"Kopierstift auf kariertem Papier, auf Papier aufgelegt (Material/Technik)","Blattmaß:  9,2 x 9,9 cm",,Berlin Gallery; Berlinische Galerie; Berlinische Galerie,
/2048431/item_YF6MOPKQ6GYWAXMVQHLBVYL4C7S7ELPP,Gipsrelief (farbig gefaßt) (Material/Technik),Objektmaß:  33 x 38 x 11 cm,,Copyrights at work are extinguished; Urheberrechte am Werk erloschen; Urheberrechte am Werk erloschen,
/2064114/Museu_ProvidedCHO_Digitales_Kunst__und_Kulturarchiv_D_sseldorf_140452,Material/Technik: Beton,,,,
/2064114/Museu_ProvidedCHO_Digitales_Kunst__und_Kulturarchiv_D_sseldorf_279878,"Material/Technik: Silber, embossed, cast; ivory handle","Maße: 17,6 cm",,Eigentümer/Danksagung: Stadtmuseum Landeshauptstadt Düsseldorf),
/2064114/Museu_ProvidedCHO_Digitales_Kunst__und_Kulturarchiv_D_sseldorf_292203,"Material/Technik: Silber, getrieben, gegossen; ebonisiertes Obstholz","Maße: Höhe: 22,5 cm",,,
/2064114/Museu_ProvidedCHO_Digitales_Kunst__und_Kulturarchiv_D_sseldorf_293524,"Material/Technik: Silber, getrieben, gegossen; Griff aus Ebenholz","Maße: H 22,8, Standring 9,7",,Eigentümer/Danksagung: Stadtmuseum Landeshauptstadt Düsseldorf),
/2064114/Museu_ProvidedCHO_Digitales_Kunst__und_Kulturarchiv_D_sseldorf_331477,Material/Technik: Silber,"Maße: Höhe: 26,5 cm",,,
/2064114/Museu_ProvidedCHO_Digitales_Kunst__und_Kulturarchiv_D_sseldorf_331501,"Material/Technik: Silber getrieben, gegossen, geätzt",Maße: Höhe: 26 cm,,,
/2064114/Museu_ProvidedCHO_Digitales_Kunst__und_Kulturarchiv_D_sseldorf_41539,Material/Technik: Öl auf Leinwand,Maße: 70 x 74 cm,,,
/2064114/Museu_ProvidedCHO_Digitales_Kunst__und_Kulturarchiv_D_sseldorf_441032,Material/Technik: Zinn; Deckelknauf aus Holz,"Maße: (H x B x T): 21,8 x 12 x ca. 19,5 cm",,,
/2064114/Museu_ProvidedCHO_Digitales_Kunst__und_Kulturarchiv_D_sseldorf_441034,Material/Technik: Weißmetall; Henkel aus Holz (Ebenholz?),"Maße: (H x B x T): 20,8 x 14 x 21,5 cm",,,
/2064114/Museu_ProvidedCHO_Digitales_Kunst__und_Kulturarchiv_D_sseldorf_441040,Material/Technik: Messing,"Maße: Höhe (mit Deckel): 24,3 cm; Breite: 11,2 cm; Tiefe: 16,7 cm",,,
/2064114/Museu_ProvidedCHO_Digitales_Kunst__und_Kulturarchiv_D_sseldorf_441041,Material/Technik: Messing,"Maße: Höhe (mit Deckel): 29,8 cm; Breite: ca. 16 cm; Tiefe: ca. 26 cm",,,
/2064114/Museu_ProvidedCHO_Digitales_Kunst__und_Kulturarchiv_D_sseldorf_52720,"Material/Technik: Silber; getrieben, gegossen, graviert; Griff Nussbaum",Maße: 12 (H) cm,,,
/2064114/Museu_ProvidedCHO_Digitales_Kunst__und_Kulturarchiv_D_sseldorf_53021,Material/Technik: Silber,"Maße: 12,5 (H) cm",,,
/2064114/Museu_ProvidedCHO_Digitales_Kunst__und_Kulturarchiv_D_sseldorf_54988,"Material/Technik: Hitzebeständiges gelblich farbloses Glas, modelgeblasen, Ausgußtülle und Henkel angesetzt. Mündungsrand verschmolzen. Deckel und Siebeinsatz separat gefertigt, Bodenrand des Siebes mehrfach eingesägt. Geflochtene Korbhülle mit massivem Holzboden, braun gebeizt.","Maße: H 12,8 x B 24,2 x T 15,8  mit Henkel und Ausguß, ohne Korb",,,
/2064114/Museu_ProvidedCHO_Digitales_Kunst__und_Kulturarchiv_D_sseldorf_844740,"Material/Technik: Farbloses Glas, frei geblasen, geschnitten, rubinrot geätzt; Silbermontierung.","Maße: Höhe: 13,1 cm",,,
/2064114/Museu_ProvidedCHO_Digitales_Kunst__und_Kulturarchiv_D_sseldorf_898560,"Material/Technik: Kugelförmige Teekanne mit zylindrischer Fußzone: H 15, Dm 18.5 cm; runde Zuckerdose: H 8,5, Dm 10,4 cm; Gießer in zylindrischer Form: H 7,8, Dm 8,4 cm. 900er-Silber, getrieben, Hammerschlagdekor, Griffe u. Knäufe aus Elfenbein",,,,
/2064114/Museu_ProvidedCHO_Digitales_Kunst__und_Kulturarchiv_D_sseldorf_952700,"Material/Technik: Zinn, bemalt","Maße: H 32,5 cm, Ø 13,4 cm",,,
/2064114/Museu_ProvidedCHO_Digitales_Kunst__und_Kulturarchiv_D_sseldorf_952701,"Material/Technik: Zinn, Messing, Holz","Maße: H 37,2 cm, Ø 15,1 cm",,,
/2064114/Museu_ProvidedCHO_Digitales_Kunst__und_Kulturarchiv_D_sseldorf_952713,Material/Technik: Zinn,"Maße: H 21,5 cm, Ø  10,8 cm",,,
/283/2173_C,http://data.europeana.eu/concept/1757; porcellana,,,Fondazione Torino Musei (Palazzo Madama); Foundation Torino Musei (Palazzo Madama),
/283/2712_C_II,http://data.europeana.eu/concept/1757; porcellana,,,Fondazione Torino Musei (Palazzo Madama); Foundation Torino Musei (Palazzo Madama),
/2023025/24062A36_rec_37837,,"diameter opening: 9,0 cm; hoogte koffiekan: 24,0 cm; breedte koffiekan: 14,0 cm; lengte koffiekan: 23,0 cm",,,
/2064105/Museu_ProvidedCHO_Hallwylska_museet_17856,,,,,
/2064109/Museu_ProvidedCHO_Spielzeugmuseum_der_Stadt_N_rnberg__Museum_Lydia_Bayer__9643__Datensatz_,geformt & gebrannt & bemalt & bedruckt & glasiert,"Bemaßung:13,5 (Kanne) cm (Höhe)",,Spielzeugmuseum der Stadt Nürnberg (Museum Lydia Bayer); Toy museum of the city of Nuremberg (Museum Lydia Bayer); Spielzeugmuseum der Stadt Nürnberg (Museum Lydia Bayer),
/2064109/Museu_ProvidedCHO_Spielzeugmuseum_der_Stadt_N_rnberg__Museum_Lydia_Bayer__8440__Datensatz_,gegossen & gebrannt & glasiert & bemalt,"Bemaßung:5,5 (Tablett) cm (Durchmesser)",,Spielzeugmuseum der Stadt Nürnberg (Museum Lydia Bayer); Toy museum of the city of Nuremberg (Museum Lydia Bayer); Spielzeugmuseum der Stadt Nürnberg (Museum Lydia Bayer),
/2064109/Museu_ProvidedCHO_Spielzeugmuseum_der_Stadt_N_rnberg__Museum_Lydia_Bayer__82498__Datensatz_,geformt & glasiert & gebrannt,"Bemaßung:9,5 (Kanne) cm (Höhe)",,Spielzeugmuseum der Stadt Nürnberg (Museum Lydia Bayer); Toy museum of the city of Nuremberg (Museum Lydia Bayer); Spielzeugmuseum der Stadt Nürnberg (Museum Lydia Bayer),
/2064109/Museu_ProvidedCHO_Spielzeugmuseum_der_Stadt_N_rnberg__Museum_Lydia_Bayer__7999__Datensatz_,geformt & gebrannt & glasiert,"Bemaßung:18,4 cm (Höhe), 27,5 cm (Breite), 6,2 cm (Tiefe)",,Spielzeugmuseum der Stadt Nürnberg (Museum Lydia Bayer); Toy museum of the city of Nuremberg (Museum Lydia Bayer); Spielzeugmuseum der Stadt Nürnberg (Museum Lydia Bayer),
/2064109/Museu_ProvidedCHO_Spielzeugmuseum_der_Stadt_N_rnberg__Museum_Lydia_Bayer__79204__Datensatz_,geformt & glasiert & gebrannt & bedruckt & bemalt & gedruckt,"Bemaßung:6,5 cm (Höhe), 10,5 cm (Durchmesser)",,Spielzeugmuseum der Stadt Nürnberg (Museum Lydia Bayer); Toy museum of the city of Nuremberg (Museum Lydia Bayer); Spielzeugmuseum der Stadt Nürnberg (Museum Lydia Bayer),
/2064109/Museu_ProvidedCHO_Spielzeugmuseum_der_Stadt_N_rnberg__Museum_Lydia_Bayer__79202__Datensatz_,geformt & glasiert & gebrannt & bedruckt & bemalt & gedruckt,"Bemaßung:22 cm (Höhe), 30 cm (Breite), 8,5 cm (Tiefe)",,Spielzeugmuseum der Stadt Nürnberg (Museum Lydia Bayer); Toy museum of the city of Nuremberg (Museum Lydia Bayer); Spielzeugmuseum der Stadt Nürnberg (Museum Lydia Bayer),
/2064109/Museu_ProvidedCHO_Spielzeugmuseum_der_Stadt_N_rnberg__Museum_Lydia_Bayer__79200__Datensatz_,geformt & glasiert & gebrannt & bedruckt & bemalt & gedruckt,"Bemaßung:22 cm (Höhe), 30 cm (Breite), 8,5 cm (Tiefe)",,Spielzeugmuseum der Stadt Nürnberg (Museum Lydia Bayer); Toy museum of the city of Nuremberg (Museum Lydia Bayer); Spielzeugmuseum der Stadt Nürnberg (Museum Lydia Bayer),
/2064109/Museu_ProvidedCHO_Spielzeugmuseum_der_Stadt_N_rnberg__Museum_Lydia_Bayer__79201__Datensatz_,geformt & glasiert & gebrannt & bedruckt & bemalt & gedruckt,"Bemaßung:22 cm (Höhe), 30 cm (Breite), 8,5 cm (Tiefe)",,Spielzeugmuseum der Stadt Nürnberg (Museum Lydia Bayer); Toy museum of the city of Nuremberg (Museum Lydia Bayer); Spielzeugmuseum der Stadt Nürnberg (Museum Lydia Bayer),
/2064109/Museu_ProvidedCHO_Spielzeugmuseum_der_Stadt_N_rnberg__Museum_Lydia_Bayer__79199__Datensatz_,geformt & glasiert & gebrannt & bedruckt & bemalt & gedruckt,"Bemaßung:22 cm (Höhe), 30 cm (Breite), 8,5 cm (Tiefe)",,Spielzeugmuseum der Stadt Nürnberg (Museum Lydia Bayer); Toy museum of the city of Nuremberg (Museum Lydia Bayer); Spielzeugmuseum der Stadt Nürnberg (Museum Lydia Bayer),
/2064109/Museu_ProvidedCHO_Spielzeugmuseum_der_Stadt_N_rnberg__Museum_Lydia_Bayer__79198__Datensatz_,geformt & glasiert & gebrannt & bedruckt & bemalt & gedruckt,"Bemaßung:25,7 cm (Höhe), 36 cm (Breite), 9,5 cm (Tiefe)",,Spielzeugmuseum der Stadt Nürnberg (Museum Lydia Bayer); Toy museum of the city of Nuremberg (Museum Lydia Bayer); Spielzeugmuseum der Stadt Nürnberg (Museum Lydia Bayer),
/2064109/Museu_ProvidedCHO_Spielzeugmuseum_der_Stadt_N_rnberg__Museum_Lydia_Bayer__78767__Datensatz_,geformt & gebrannt & glasiert & bedruckt,"Bemaßung:21 (Verpackung) cm (Höhe), 25,5 cm (Breite), 7,5 cm (Tiefe)",,Spielzeugmuseum der Stadt Nürnberg (Museum Lydia Bayer); Toy museum of the city of Nuremberg (Museum Lydia Bayer); Spielzeugmuseum der Stadt Nürnberg (Museum Lydia Bayer),
/2064109/Museu_ProvidedCHO_Spielzeugmuseum_der_Stadt_N_rnberg__Museum_Lydia_Bayer__78766__Datensatz_,geformt & gebrannt & glasiert & bedruckt,"Bemaßung:34 (Verpackung) cm (Höhe), 38,5 cm (Breite), 7 cm (Tiefe)",,Spielzeugmuseum der Stadt Nürnberg (Museum Lydia Bayer); Toy museum of the city of Nuremberg (Museum Lydia Bayer); Spielzeugmuseum der Stadt Nürnberg (Museum Lydia Bayer),
/2064109/Museu_ProvidedCHO_Spielzeugmuseum_der_Stadt_N_rnberg__Museum_Lydia_Bayer__77984__Datensatz_,Sawn & cast & soldered & embossed; gesägt & gegossen & gelötet & geprägt; gesägt & gegossen & gelötet & geprägt,"Bemaßung:3,4 (Kanne) cm (Höhe), 5,6 (Tablett) cm (Breite), 10,2 cm (Länge)",,Spielzeugmuseum der Stadt Nürnberg (Museum Lydia Bayer); Toy museum of the city of Nuremberg (Museum Lydia Bayer); Spielzeugmuseum der Stadt Nürnberg (Museum Lydia Bayer),
/2064109/Museu_ProvidedCHO_Spielzeugmuseum_der_Stadt_N_rnberg__Museum_Lydia_Bayer__77854__Datensatz_,geformt & geprägt & glasiert & gebrannt,"Bemaßung:5 (Kanne) cm (Höhe), 7,7 cm (Breite), 5,5 cm (Durchmesser)",,Spielzeugmuseum der Stadt Nürnberg (Museum Lydia Bayer); Toy museum of the city of Nuremberg (Museum Lydia Bayer); Spielzeugmuseum der Stadt Nürnberg (Museum Lydia Bayer),
/2064109/Museu_ProvidedCHO_Spielzeugmuseum_der_Stadt_N_rnberg__Museum_Lydia_Bayer__77040__Datensatz_,gedruckt (Holzschnitt) & gedruckt (Typendruck) & handkoloriert,"Bemaßung:39,3 cm (Höhe), 31 cm (Breite)",,Spielzeugmuseum der Stadt Nürnberg (Museum Lydia Bayer); Toy museum of the city of Nuremberg (Museum Lydia Bayer); Spielzeugmuseum der Stadt Nürnberg (Museum Lydia Bayer),
/2064109/Museu_ProvidedCHO_Spielzeugmuseum_der_Stadt_N_rnberg__Museum_Lydia_Bayer__75596__Datensatz_,gesägt & genagelt & geklebt & gewalzt & gestanzt & geprägt & gedrechselt & gedruckt & geformt & gebrannt & glasiert & gelötet & emailliert & gegossen & lackiert & bemalt & geschraubt & vernickelt & gebunden & gepreßt & verkupfert & vernickelt,"Bemaßung:40,3 cm (Höhe), 82 (vorne) & 67 (hinten) cm (Breite), 45 cm (Tiefe)",,Spielzeugmuseum der Stadt Nürnberg (Museum Lydia Bayer); Toy museum of the city of Nuremberg (Museum Lydia Bayer); Spielzeugmuseum der Stadt Nürnberg (Museum Lydia Bayer),
/2064109/Museu_ProvidedCHO_Spielzeugmuseum_der_Stadt_N_rnberg__Museum_Lydia_Bayer__75432__Datensatz_,geformt & glasiert & gebrannt & bemalt & geklebt & bedruckt & gestanzt,"Bemaßung:10,7 cm (Höhe), 12,5 cm (Breite), 3 cm (Tiefe), 6,5 (Tablett) cm (Durchmesser)",,Spielzeugmuseum der Stadt Nürnberg (Museum Lydia Bayer); Toy museum of the city of Nuremberg (Museum Lydia Bayer); Spielzeugmuseum der Stadt Nürnberg (Museum Lydia Bayer),
/2064109/Museu_ProvidedCHO_Spielzeugmuseum_der_Stadt_N_rnberg__Museum_Lydia_Bayer__75431__Datensatz_,geformt & glasiert & gebrannt & bemalt & geklebt,"Bemaßung:4,2 cm (Höhe), 6,7 cm (Durchmesser)",,Spielzeugmuseum der Stadt Nürnberg (Museum Lydia Bayer); Toy museum of the city of Nuremberg (Museum Lydia Bayer); Spielzeugmuseum der Stadt Nürnberg (Museum Lydia Bayer),
/2064109/Museu_ProvidedCHO_Spielzeugmuseum_der_Stadt_N_rnberg__Museum_Lydia_Bayer__75194__Datensatz_,geformt & glasiert & bemalt & gebrannt & geheftet & geklebt,"Bemaßung:17,7 (Verpackung) cm (Höhe), 22,5 cm (Breite), 4,5 cm (Tiefe)",,Spielzeugmuseum der Stadt Nürnberg (Museum Lydia Bayer); Toy museum of the city of Nuremberg (Museum Lydia Bayer); Spielzeugmuseum der Stadt Nürnberg (Museum Lydia Bayer),
/2064109/Museu_ProvidedCHO_Spielzeugmuseum_der_Stadt_N_rnberg__Museum_Lydia_Bayer__75184__Datensatz_,geformt & glasiert & gebrannt & bedruckt & bemalt & geheftet & gestanzt,"Bemaßung:16 (Verpackung) cm (Höhe), 11,8 cm (Breite), 3,6 cm (Tiefe)",,Spielzeugmuseum der Stadt Nürnberg (Museum Lydia Bayer); Toy museum of the city of Nuremberg (Museum Lydia Bayer); Spielzeugmuseum der Stadt Nürnberg (Museum Lydia Bayer),
/2064109/Museu_ProvidedCHO_Spielzeugmuseum_der_Stadt_N_rnberg__Museum_Lydia_Bayer__75183__Datensatz_,geformt & glasiert & gebrannt & bedruckt & bemalt & geheftet & gestanzt,"Bemaßung:16 (Verpackung) cm (Höhe), 11,8 cm (Breite), 3,6 cm (Tiefe)",,Spielzeugmuseum der Stadt Nürnberg (Museum Lydia Bayer); Toy museum of the city of Nuremberg (Museum Lydia Bayer); Spielzeugmuseum der Stadt Nürnberg (Museum Lydia Bayer),
/2064109/Museu_ProvidedCHO_Spielzeugmuseum_der_Stadt_N_rnberg__Museum_Lydia_Bayer__75181__Datensatz_,geformt & glasiert & gebrannt & bedruckt & bemalt & geheftet & gestanzt,"Bemaßung:16 (Verpackung) cm (Höhe), 11,8 cm (Breite), 3,6 cm (Tiefe)",,Spielzeugmuseum der Stadt Nürnberg (Museum Lydia Bayer); Toy museum of the city of Nuremberg (Museum Lydia Bayer); Spielzeugmuseum der Stadt Nürnberg (Museum Lydia Bayer),
/2064109/Museu_ProvidedCHO_Spielzeugmuseum_der_Stadt_N_rnberg__Museum_Lydia_Bayer__75182__Datensatz_,geformt & glasiert & gebrannt & bedruckt & bemalt & geheftet & gestanzt,"Bemaßung:16 (Verpackung) cm (Höhe), 11,8 cm (Breite), 3,6 cm (Tiefe)",,Spielzeugmuseum der Stadt Nürnberg (Museum Lydia Bayer); Toy museum of the city of Nuremberg (Museum Lydia Bayer); Spielzeugmuseum der Stadt Nürnberg (Museum Lydia Bayer),
/2064109/Museu_ProvidedCHO_Spielzeugmuseum_der_Stadt_N_rnberg__Museum_Lydia_Bayer__75185__Datensatz_,geformt & glasiert & gebrannt & bedruckt & geheftet & gestanzt,"Bemaßung:12 (Verpackung) cm (Höhe), 14,8 cm (Breite), 3,3 cm (Tiefe)",,Spielzeugmuseum der Stadt Nürnberg (Museum Lydia Bayer); Toy museum of the city of Nuremberg (Museum Lydia Bayer); Spielzeugmuseum der Stadt Nürnberg (Museum Lydia Bayer),
/2064109/Museu_ProvidedCHO_Spielzeugmuseum_der_Stadt_N_rnberg__Museum_Lydia_Bayer__75051__Datensatz_,Blowed & printed & stapled; geblasen & bedruckt & geheftet; geblasen & bedruckt & geheftet,"Bemaßung:4,4 (Verpackung) & 3 (Kanne) cm (Höhe), 6,9 (Verpackung) cm (Breite), 3,4 (Verpackung) cm (Tiefe), 5,2 (Kanne) cm (Länge)",,Spielzeugmuseum der Stadt Nürnberg (Museum Lydia Bayer); Toy museum of the city of Nuremberg (Museum Lydia Bayer); Spielzeugmuseum der Stadt Nürnberg (Museum Lydia Bayer),
/2064109/Museu_ProvidedCHO_Spielzeugmuseum_der_Stadt_N_rnberg__Museum_Lydia_Bayer__75046__Datensatz_,Blowed & mirrored & stapled & stamped; geblasen & verspiegelt & bronziert & geheftet & gestanzt; geblasen & verspiegelt & bronziert & geheftet & gestanzt,"Bemaßung:6,5 (Verpackung) & 2,8 (Kanne) cm (Höhe), 10,5 (Verpackung) cm (Breite), 3 (Verpackung) cm (Tiefe)",,Spielzeugmuseum der Stadt Nürnberg (Museum Lydia Bayer); Toy museum of the city of Nuremberg (Museum Lydia Bayer); Spielzeugmuseum der Stadt Nürnberg (Museum Lydia Bayer),
/2064109/Museu_ProvidedCHO_Spielzeugmuseum_der_Stadt_N_rnberg__Museum_Lydia_Bayer__74958__Datensatz_,Blowed & painted & wrapped; geblasen & bemalt & gewickelt & geheftet; geblasen & bemalt & gewickelt & geheftet,"Bemaßung:11,8 (Verpackung) cm (Höhe), 20,3 cm (Breite), 3,8 cm (Tiefe)",,Spielzeugmuseum der Stadt Nürnberg (Museum Lydia Bayer); Toy museum of the city of Nuremberg (Museum Lydia Bayer); Spielzeugmuseum der Stadt Nürnberg (Museum Lydia Bayer),
/2064109/Museu_ProvidedCHO_Spielzeugmuseum_der_Stadt_N_rnberg__Museum_Lydia_Bayer__74223__Datensatz_,geformt & bemalt & glasiert & gebrannt & handgefertigt : gesägt & geleimt & genagelt & gesteckt,"Bemaßung:30 (Stand) & 1,5-4,5 cm (Höhe), 50 (Stand) cm (Breite), 20 (Stand) cm (Tiefe), 2,7-3,9 cm (Durchmesser); Bemaßung:30 (Stand) & 1,5-4,5 cm (Höhe), 50 (Stand) cm (Breite), 20 (Stand) cm (Tiefe), 2,7-3,9 cm (Durchmesser); Dimension: 30 (stand) & 1.5-4.5 cm (height), 50 (stand) cm (width), 20 (stand) cm (depth), 2.7-3.9 cm (diameter)",,Spielzeugmuseum der Stadt Nürnberg (Museum Lydia Bayer); Toy museum of the city of Nuremberg (Museum Lydia Bayer); Spielzeugmuseum der Stadt Nürnberg (Museum Lydia Bayer),
/2064109/Museu_ProvidedCHO_Spielzeugmuseum_der_Stadt_N_rnberg__Museum_Lydia_Bayer__74175__Datensatz_,gegossen & geformt & glasiert & gebrannt,"Bemaßung:10 (Kanne) & 5 (Tasse) cm (Höhe), 10 (Korb) & 8 (Schüssel) cm (Durchmesser)",,Spielzeugmuseum der Stadt Nürnberg (Museum Lydia Bayer); Toy museum of the city of Nuremberg (Museum Lydia Bayer); Spielzeugmuseum der Stadt Nürnberg (Museum Lydia Bayer),
/2064109/Museu_ProvidedCHO_Spielzeugmuseum_der_Stadt_N_rnberg__Museum_Lydia_Bayer__74172__Datensatz_,gesägt & geschnitzt & gefräst & gebohrt & geleimt & gedrechselt & gebeizt & gezogen & gewalzt & gelötet & gegossen & geformt & glasiert & gebrannt & genagelt & bemalt & genäht & gestopft & gedruckt (Chromolithographie) & gedruckt & geklebt & gestickt,"Bemaßung:35 cm (Höhe), 73 cm (Breite), 34,5 cm (Tiefe)",,Spielzeugmuseum der Stadt Nürnberg (Museum Lydia Bayer); Toy museum of the city of Nuremberg (Museum Lydia Bayer); Spielzeugmuseum der Stadt Nürnberg (Museum Lydia Bayer),
/2064109/Museu_ProvidedCHO_Spielzeugmuseum_der_Stadt_N_rnberg__Museum_Lydia_Bayer__74161__Datensatz_,geformt & gebrannt & bemalt; geformt & gebrannt & bemalt; Shaped & burned & painted,"Bemaßung:5,5 (Teekanne) cm (Höhe), 5 cm (Durchmesser)",,Spielzeugmuseum der Stadt Nürnberg (Museum Lydia Bayer); Toy museum of the city of Nuremberg (Museum Lydia Bayer); Spielzeugmuseum der Stadt Nürnberg (Museum Lydia Bayer),
/2064109/Museu_ProvidedCHO_Spielzeugmuseum_der_Stadt_N_rnberg__Museum_Lydia_Bayer__74026__Datensatz_,geformt & gebrannt & glasiert,"Bemaßung:9,5 (Kanne) cm (Höhe), 8 (Teller) cm (Durchmesser)",,Spielzeugmuseum der Stadt Nürnberg (Museum Lydia Bayer); Toy museum of the city of Nuremberg (Museum Lydia Bayer); Spielzeugmuseum der Stadt Nürnberg (Museum Lydia Bayer),
/2064109/Museu_ProvidedCHO_Spielzeugmuseum_der_Stadt_N_rnberg__Museum_Lydia_Bayer__73604__Datensatz_,geformt & glasiert & gebrannt & bemalt & gedruckt (Chromolithographie); geformt & glasiert & gebrannt & bemalt & gedruckt (Chromolithographie); Shaped & glazed & burned & painted & printed (chromolithography),"Bemaßung:18 (Kanne) cm (Höhe), 17,5 cm (Breite), 9,5 cm (Durchmesser)",,Spielzeugmuseum der Stadt Nürnberg (Museum Lydia Bayer); Toy museum of the city of Nuremberg (Museum Lydia Bayer); Spielzeugmuseum der Stadt Nürnberg (Museum Lydia Bayer),
/2064109/Museu_ProvidedCHO_Spielzeugmuseum_der_Stadt_N_rnberg__Museum_Lydia_Bayer__73305__Datensatz_,gedruckt & gefaltet; gedruckt & gefaltet; printed & folded,"Bemaßung:25 cm (Höhe), 33,5 cm (Breite)",,Spielzeugmuseum der Stadt Nürnberg (Museum Lydia Bayer); Toy museum of the city of Nuremberg (Museum Lydia Bayer); Spielzeugmuseum der Stadt Nürnberg (Museum Lydia Bayer),
/2064109/Museu_ProvidedCHO_Spielzeugmuseum_der_Stadt_N_rnberg__Museum_Lydia_Bayer__72406__Datensatz_,gesägt & gedrechselt & geschnitzt & geleimt & gebeizt & lackiert & gegossen & genäht & geformt & bemalt & glasiert & gebrannt & gewalzt & gestanzt & geprägt & bronziert & verzinnt & gepreßt & bedruckt (Chromolithographie),"Bemaßung:22 (Herd mit Rohr) / 12 (ohne) cm (Höhe), 21,5 (Herd ohne Rohr) cm (Breite), 15,5 (Herd) cm (Tiefe)",,Spielzeugmuseum der Stadt Nürnberg (Museum Lydia Bayer); Toy museum of the city of Nuremberg (Museum Lydia Bayer); Spielzeugmuseum der Stadt Nürnberg (Museum Lydia Bayer),
/2064109/Museu_ProvidedCHO_Spielzeugmuseum_der_Stadt_N_rnberg__Museum_Lydia_Bayer__71959__Datensatz_,gepreßt & gegossen & gesägt & geleimt & bemalt & lackiert & bedruckt & beklebt & geformt & glasiert & gebrannt & geschnitzt & geblasen,"Bemaßung:57 cm (Höhe), 87 cm (Breite), 37,5 cm (Tiefe)",,Spielzeugmuseum der Stadt Nürnberg (Museum Lydia Bayer); Toy museum of the city of Nuremberg (Museum Lydia Bayer); Spielzeugmuseum der Stadt Nürnberg (Museum Lydia Bayer),
/2064109/Museu_ProvidedCHO_Spielzeugmuseum_der_Stadt_N_rnberg__Museum_Lydia_Bayer__71894__Datensatz_,Painted & Painted & Painted & Nailed & Poured & Barred & Barred & Painted & Painted & Painted & Painted & Painted & Painted & Moulded & Sewn & Painted; gesägt & geleimt & gedrechselt & genagelt & gegossen & gewalzt & gestanzt & gebogen & genietet & bemalt & lackiert & beklebt & verspiegelt & geformt & gebrannt & genäht & gestrickt & gehäkelt; gesägt & geleimt & gedrechselt & genagelt & gegossen & gewalzt & gestanzt & gebogen & genietet & bemalt & lackiert & beklebt & verspiegelt & geformt & gebrannt & genäht & gestrickt & gehäkelt,"Bemaßung:38 (Gehäuse) cm (Höhe), 148 cm (Breite), 47 cm (Tiefe)",,Spielzeugmuseum der Stadt Nürnberg (Museum Lydia Bayer); Toy museum of the city of Nuremberg (Museum Lydia Bayer); Spielzeugmuseum der Stadt Nürnberg (Museum Lydia Bayer),
/2064109/Museu_ProvidedCHO_Spielzeugmuseum_der_Stadt_N_rnberg__Museum_Lydia_Bayer__71822__Datensatz_,gesägt & gefräst & geleimt & genagelt & bemalt & lackiert & gegossen & gewalzt & gestanzt & geprägt & perforiert & verkupfert & verchromt & verzinkt & gepreßt & gebogen & genietet & gedrechselt & gesteckt & gebunden & gehäkelt & geformt & glasiert & gebra,"Bemaßung:33 cm (Höhe), 109,5 cm (Breite), 41,5 cm (Tiefe)",,Spielzeugmuseum der Stadt Nürnberg (Museum Lydia Bayer); Toy museum of the city of Nuremberg (Museum Lydia Bayer); Spielzeugmuseum der Stadt Nürnberg (Museum Lydia Bayer),
/2064109/Museu_ProvidedCHO_Spielzeugmuseum_der_Stadt_N_rnberg__Museum_Lydia_Bayer__71321__Datensatz_,geformt & glasiert & gebrannt & vergoldet,"Bemaßung:16,5 (Kanne) cm (Höhe), 17 cm (Breite), 8,5 cm (Durchmesser)",,Spielzeugmuseum der Stadt Nürnberg (Museum Lydia Bayer); Toy museum of the city of Nuremberg (Museum Lydia Bayer); Spielzeugmuseum der Stadt Nürnberg (Museum Lydia Bayer),
/2064109/Museu_ProvidedCHO_Spielzeugmuseum_der_Stadt_N_rnberg__Museum_Lydia_Bayer__71320__Datensatz_,geformt & glasiert & bedruckt (Chromolithographie) & gebrannt & vergoldet; geformt & glasiert & bedruckt (Chromolithographie) & gebrannt & vergoldet; Shaped & glazed & printed (chromolithography) & burned & gilded,"Bemaßung:17 (Kanne) cm (Höhe), 19 cm (Breite), 10 cm (Durchmesser)",,Spielzeugmuseum der Stadt Nürnberg (Museum Lydia Bayer); Toy museum of the city of Nuremberg (Museum Lydia Bayer); Spielzeugmuseum der Stadt Nürnberg (Museum Lydia Bayer),
/2064109/Museu_ProvidedCHO_Spielzeugmuseum_der_Stadt_N_rnberg__Museum_Lydia_Bayer__71244__Datensatz_,gedruckt; printed; gedruckt,"Bemaßung:24 cm (Höhe), 16 cm (Breite)",,Spielzeugmuseum der Stadt Nürnberg (Museum Lydia Bayer); Toy museum of the city of Nuremberg (Museum Lydia Bayer); Spielzeugmuseum der Stadt Nürnberg (Museum Lydia Bayer),
/2064109/Museu_ProvidedCHO_Spielzeugmuseum_der_Stadt_N_rnberg__Museum_Lydia_Bayer__71164__Datensatz_,geformt & glasiert & bedruckt & gebrannt & vergoldet,"Bemaßung:13,5 (Kanne) cm (Höhe), 13 cm (Breite), 9 cm (Durchmesser)",,Spielzeugmuseum der Stadt Nürnberg (Museum Lydia Bayer); Toy museum of the city of Nuremberg (Museum Lydia Bayer); Spielzeugmuseum der Stadt Nürnberg (Museum Lydia Bayer),
/2064109/Museu_ProvidedCHO_Spielzeugmuseum_der_Stadt_N_rnberg__Museum_Lydia_Bayer__69874__Datensatz_,Sawn & molded & pressed & printed & cut & stitched & crocheted & glued & painted & painted; gesägt & gedrechselt & gegossen & gepreßt & gewebt & bedruckt & geschnitten & genäht & gehäkelt & gestrickt & geklebt & gelötet & bemalt & lackiert; gesägt & gedrechselt & gegossen & gepreßt & gewebt & bedruckt & geschnitten & genäht & gehäkelt & gestrickt & geklebt & gelötet & bemalt & lackiert,"Bemaßung:37 cm (Höhe), 85 cm (Breite), 40 (mit Erker 50) cm (Tiefe)",,Spielzeugmuseum der Stadt Nürnberg (Museum Lydia Bayer); Toy museum of the city of Nuremberg (Museum Lydia Bayer); Spielzeugmuseum der Stadt Nürnberg (Museum Lydia Bayer),
/2064109/Museu_ProvidedCHO_Spielzeugmuseum_der_Stadt_N_rnberg__Museum_Lydia_Bayer__69801__Datensatz_,geformt & gebrannt & bedruckt & glasiert,Bemaßung:19 (Kaffeekanne) cm (Höhe),,Spielzeugmuseum der Stadt Nürnberg (Museum Lydia Bayer); Toy museum of the city of Nuremberg (Museum Lydia Bayer); Spielzeugmuseum der Stadt Nürnberg (Museum Lydia Bayer),
/2064109/Museu_ProvidedCHO_Spielzeugmuseum_der_Stadt_N_rnberg__Museum_Lydia_Bayer__69366__Datensatz_,geformt & gepreßt & glasiert & bedruckt & geschäumt & gedruckt,"Bemaßung:34,5 (Verpackung) cm (Höhe), 45 cm (Breite), 10 cm (Tiefe)",,Spielzeugmuseum der Stadt Nürnberg (Museum Lydia Bayer); Toy museum of the city of Nuremberg (Museum Lydia Bayer); Spielzeugmuseum der Stadt Nürnberg (Museum Lydia Bayer),
/2064109/Museu_ProvidedCHO_Spielzeugmuseum_der_Stadt_N_rnberg__Museum_Lydia_Bayer__68794__Datensatz_,geformt & gepreßt & glasiert & bedruckt (Umdruck),"Bemaßung:16 (Kaffeekanne) cm (Höhe), 14 cm (Breite), 8 cm (Tiefe)",,Spielzeugmuseum der Stadt Nürnberg (Museum Lydia Bayer); Toy museum of the city of Nuremberg (Museum Lydia Bayer); Spielzeugmuseum der Stadt Nürnberg (Museum Lydia Bayer),
/2064109/Museu_ProvidedCHO_Spielzeugmuseum_der_Stadt_N_rnberg__Museum_Lydia_Bayer__68664__Datensatz_,gegossen & gepreßt & bedruckt & gedruckt; gegossen & gepreßt & bedruckt & gedruckt; cast & printed & printed,"Bemaßung:34 (Verpackung) cm (Höhe), 62 cm (Breite), 11 cm (Tiefe)",,Spielzeugmuseum der Stadt Nürnberg (Museum Lydia Bayer); Toy museum of the city of Nuremberg (Museum Lydia Bayer); Spielzeugmuseum der Stadt Nürnberg (Museum Lydia Bayer),
/2064109/Museu_ProvidedCHO_Spielzeugmuseum_der_Stadt_N_rnberg__Museum_Lydia_Bayer__68663__Datensatz_,gegossen & gepreßt & bedruckt & gedruckt; gegossen & gepreßt & bedruckt & gedruckt; cast & printed & printed,"Bemaßung:32 (Verpackung) cm (Höhe), 35,5 cm (Breite), 9,5 cm (Tiefe)",,Spielzeugmuseum der Stadt Nürnberg (Museum Lydia Bayer); Toy museum of the city of Nuremberg (Museum Lydia Bayer); Spielzeugmuseum der Stadt Nürnberg (Museum Lydia Bayer),
/2064109/Museu_ProvidedCHO_Spielzeugmuseum_der_Stadt_N_rnberg__Museum_Lydia_Bayer__67849__Datensatz_,gegossen & gepreßt & gefaltet & gedruckt & beklebt; gegossen & gepreßt & gefaltet & gedruckt & beklebt; Poured & pressed & printed & taped,"Bemaßung:35,5 (Verpackung) cm (Höhe), 41 cm (Breite), 8 cm (Tiefe)",,Spielzeugmuseum der Stadt Nürnberg (Museum Lydia Bayer); Toy museum of the city of Nuremberg (Museum Lydia Bayer); Spielzeugmuseum der Stadt Nürnberg (Museum Lydia Bayer),
/2064109/Museu_ProvidedCHO_Spielzeugmuseum_der_Stadt_N_rnberg__Museum_Lydia_Bayer__67375__Datensatz_,Painted & Painted & Painted; gesägt & gedrechselt & lackiert & gegossen & gepreßt & gedruckt; gesägt & gedrechselt & lackiert & gegossen & gepreßt & gedruckt,"Bemaßung:13 (Verpackung) cm (Höhe), 4,5 cm (Breite), 4,5 cm (Tiefe)",,Spielzeugmuseum der Stadt Nürnberg (Museum Lydia Bayer); Toy museum of the city of Nuremberg (Museum Lydia Bayer); Spielzeugmuseum der Stadt Nürnberg (Museum Lydia Bayer),
/2064109/Museu_ProvidedCHO_Spielzeugmuseum_der_Stadt_N_rnberg__Museum_Lydia_Bayer__67152__Datensatz_,geblasen & gezogen; geblasen & gezogen; Blown & dragged,"Bemaßung:2 (Teekanne) cm (Höhe), 2 cm (Durchmesser)",,Spielzeugmuseum der Stadt Nürnberg (Museum Lydia Bayer); Toy museum of the city of Nuremberg (Museum Lydia Bayer); Spielzeugmuseum der Stadt Nürnberg (Museum Lydia Bayer),
/2064109/Museu_ProvidedCHO_Spielzeugmuseum_der_Stadt_N_rnberg__Museum_Lydia_Bayer__67151__Datensatz_,geblasen & gezogen & bemalt; geblasen & gezogen & bemalt; Blowed & pulled & painted,"Bemaßung:2,5 (Teekanne) cm (Höhe), 2,5 cm (Durchmesser)",,Spielzeugmuseum der Stadt Nürnberg (Museum Lydia Bayer); Toy museum of the city of Nuremberg (Museum Lydia Bayer); Spielzeugmuseum der Stadt Nürnberg (Museum Lydia Bayer),
/2064109/Museu_ProvidedCHO_Spielzeugmuseum_der_Stadt_N_rnberg__Museum_Lydia_Bayer__66955__Datensatz_,Sawn & molded & painted & stamped & bent; gesägt & gedrechselt & bemalt & lackiert & gestanzt & gebogen; gesägt & gedrechselt & bemalt & lackiert & gestanzt & gebogen,"Bemaßung:5 (Kanne) cm (Höhe), 4 cm (Durchmesser)",,Spielzeugmuseum der Stadt Nürnberg (Museum Lydia Bayer); Toy museum of the city of Nuremberg (Museum Lydia Bayer); Spielzeugmuseum der Stadt Nürnberg (Museum Lydia Bayer),
/2064109/Museu_ProvidedCHO_Spielzeugmuseum_der_Stadt_N_rnberg__Museum_Lydia_Bayer__66948__Datensatz_,Sawn & painted; gesägt & gedrechselt & bemalt; gesägt & gedrechselt & bemalt,"Bemaßung:6 (Kaffeekanne) cm (Höhe), 4,5 cm (Durchmesser)",,Spielzeugmuseum der Stadt Nürnberg (Museum Lydia Bayer); Toy museum of the city of Nuremberg (Museum Lydia Bayer); Spielzeugmuseum der Stadt Nürnberg (Museum Lydia Bayer),
/2064109/Museu_ProvidedCHO_Spielzeugmuseum_der_Stadt_N_rnberg__Museum_Lydia_Bayer__66946__Datensatz_,Sawn & molded; gesägt & gedrechselt & bemalt & gegossen; gesägt & gedrechselt & bemalt & gegossen,"Bemaßung:8,5 cm (Höhe), 5,5 cm (Breite), 4,5 cm (Tiefe)",,Spielzeugmuseum der Stadt Nürnberg (Museum Lydia Bayer); Toy museum of the city of Nuremberg (Museum Lydia Bayer); Spielzeugmuseum der Stadt Nürnberg (Museum Lydia Bayer),
/2064109/Museu_ProvidedCHO_Spielzeugmuseum_der_Stadt_N_rnberg__Museum_Lydia_Bayer__65262__Datensatz_,gesägt & gedrechselt & geleimt & lackiert; gesägt & gedrechselt & geleimt & lackiert; Sawn & turned & painted,"Bemaßung:10 (Kanne) cm (Höhe), 5 cm (Durchmesser)",,Spielzeugmuseum der Stadt Nürnberg (Museum Lydia Bayer); Toy museum of the city of Nuremberg (Museum Lydia Bayer); Spielzeugmuseum der Stadt Nürnberg (Museum Lydia Bayer),
/2064109/Museu_ProvidedCHO_Spielzeugmuseum_der_Stadt_N_rnberg__Museum_Lydia_Bayer__64781__Datensatz_,Shaped & glazed & printed (chromolithography); geformt & glasiert & bedruckt (Chromolithographie); geformt & glasiert & bedruckt (Chromolithographie),"Bemaßung:15,5 (Kaffeekanne) cm (Höhe), 15,5 cm (Breite), 8 cm (Durchmesser)",,Spielzeugmuseum der Stadt Nürnberg (Museum Lydia Bayer); Toy museum of the city of Nuremberg (Museum Lydia Bayer); Spielzeugmuseum der Stadt Nürnberg (Museum Lydia Bayer),
/2064109/Museu_ProvidedCHO_Spielzeugmuseum_der_Stadt_N_rnberg__Museum_Lydia_Bayer__63338__Datensatz_,Shaped & burnt & pressed & painted & printed & stapled; geformt & gebrannt & gepreßt & glasiert & bemalt & bedruckt & geheftet; geformt & gebrannt & gepreßt & glasiert & bemalt & bedruckt & geheftet,"Bemaßung:10 (Kanne) cm (Höhe), 11,5 cm (Breite), 6,5 cm (Durchmesser)",,Spielzeugmuseum der Stadt Nürnberg (Museum Lydia Bayer); Toy museum of the city of Nuremberg (Museum Lydia Bayer); Spielzeugmuseum der Stadt Nürnberg (Museum Lydia Bayer),
/2064109/Museu_ProvidedCHO_Spielzeugmuseum_der_Stadt_N_rnberg__Museum_Lydia_Bayer__61067__Datensatz_,geformt & glasiert & gebrannt & bedruckt,"Bemaßung:5 cm (Höhe), 5 cm (Durchmesser)",,Spielzeugmuseum der Stadt Nürnberg (Museum Lydia Bayer); Toy museum of the city of Nuremberg (Museum Lydia Bayer); Spielzeugmuseum der Stadt Nürnberg (Museum Lydia Bayer),
/2064109/Museu_ProvidedCHO_Spielzeugmuseum_der_Stadt_N_rnberg__Museum_Lydia_Bayer__61066__Datensatz_,geformt & glasiert & gebrannt & bedruckt & bemalt,"Bemaßung:5 cm (Höhe), 5 cm (Durchmesser)",,Spielzeugmuseum der Stadt Nürnberg (Museum Lydia Bayer); Toy museum of the city of Nuremberg (Museum Lydia Bayer); Spielzeugmuseum der Stadt Nürnberg (Museum Lydia Bayer),
/2064109/Museu_ProvidedCHO_Spielzeugmuseum_der_Stadt_N_rnberg__Museum_Lydia_Bayer__61065__Datensatz_,gegossen & geformt & glasiert & gebrannt & bedruckt,"Bemaßung:15 cm (Höhe), 8 cm (Durchmesser)",,Spielzeugmuseum der Stadt Nürnberg (Museum Lydia Bayer); Toy museum of the city of Nuremberg (Museum Lydia Bayer); Spielzeugmuseum der Stadt Nürnberg (Museum Lydia Bayer),
/2064109/Museu_ProvidedCHO_Spielzeugmuseum_der_Stadt_N_rnberg__Museum_Lydia_Bayer__60978__Datensatz_,geformt & gebrannt & glasiert & gemalt & bedruckt & geklebt,"Bemaßung:14 cm (Höhe), 9 cm (Durchmesser)",,Spielzeugmuseum der Stadt Nürnberg (Museum Lydia Bayer); Toy museum of the city of Nuremberg (Museum Lydia Bayer); Spielzeugmuseum der Stadt Nürnberg (Museum Lydia Bayer),
/2064109/Museu_ProvidedCHO_Spielzeugmuseum_der_Stadt_N_rnberg__Museum_Lydia_Bayer__60903__Datensatz_,geformt & gebrannt & bemalt & gedruckt & glasiert,"Bemaßung:14 cm (Höhe), 14,5 cm (Breite)",,Spielzeugmuseum der Stadt Nürnberg (Museum Lydia Bayer); Toy museum of the city of Nuremberg (Museum Lydia Bayer); Spielzeugmuseum der Stadt Nürnberg (Museum Lydia Bayer),
/2064109/Museu_ProvidedCHO_Spielzeugmuseum_der_Stadt_N_rnberg__Museum_Lydia_Bayer__59513__Datensatz_,geformt & bemalt & gebrannt & glasiert,"Bemaßung:6,5 (Tablett) cm (Breite), 4,5 cm (Tiefe)",,Spielzeugmuseum der Stadt Nürnberg (Museum Lydia Bayer); Toy museum of the city of Nuremberg (Museum Lydia Bayer); Spielzeugmuseum der Stadt Nürnberg (Museum Lydia Bayer),
/2064109/Museu_ProvidedCHO_Spielzeugmuseum_der_Stadt_N_rnberg__Museum_Lydia_Bayer__57505__Datensatz_,geformt & gebrannt & bemalt; geformt & gebrannt & bemalt; Shaped & burned & painted,"Bemaßung:8,5 (Kanne) cm (Höhe), 2 cm (Breite)",,Spielzeugmuseum der Stadt Nürnberg (Museum Lydia Bayer); Toy museum of the city of Nuremberg (Museum Lydia Bayer); Spielzeugmuseum der Stadt Nürnberg (Museum Lydia Bayer),
/2064109/Museu_ProvidedCHO_Spielzeugmuseum_der_Stadt_N_rnberg__Museum_Lydia_Bayer__48046__Datensatz_,casting; gegossen & gepreßt; gegossen & gepreßt,"Bemaßung:3,8 (Kanne) cm (Höhe), 5 (Tablett) cm (Breite), 8 cm (Länge)",,Spielzeugmuseum der Stadt Nürnberg (Museum Lydia Bayer); Toy museum of the city of Nuremberg (Museum Lydia Bayer); Spielzeugmuseum der Stadt Nürnberg (Museum Lydia Bayer),
/2064109/Museu_ProvidedCHO_Spielzeugmuseum_der_Stadt_N_rnberg__Museum_Lydia_Bayer__47128__Datensatz_,geformt & gebrannt & bemalt & glasiert,"Bemaßung:14 (Kaffeekanne) cm (Höhe), 8 cm (Durchmesser)",,Spielzeugmuseum der Stadt Nürnberg (Museum Lydia Bayer); Toy museum of the city of Nuremberg (Museum Lydia Bayer); Spielzeugmuseum der Stadt Nürnberg (Museum Lydia Bayer),
/2064109/Museu_ProvidedCHO_Spielzeugmuseum_der_Stadt_N_rnberg__Museum_Lydia_Bayer__46869__Datensatz_,gepreßt & gegossen; gepreßt & gegossen; Expressed & cast,"Bemaßung:5,5 (Kanne) cm (Höhe); Dimension: 5.5 (pot) cm (height); Bemaßung:5,5 (Kanne) cm (Höhe)",,Spielzeugmuseum der Stadt Nürnberg (Museum Lydia Bayer); Toy museum of the city of Nuremberg (Museum Lydia Bayer); Spielzeugmuseum der Stadt Nürnberg (Museum Lydia Bayer),
/2064109/Museu_ProvidedCHO_Spielzeugmuseum_der_Stadt_N_rnberg__Museum_Lydia_Bayer__46832__Datensatz_,geformt & gebrannt & glasiert,"Bemaßung:5,5 (Kanne) cm (Höhe); Dimension: 5.5 (pot) cm (height); Bemaßung:5,5 (Kanne) cm (Höhe)",,Spielzeugmuseum der Stadt Nürnberg (Museum Lydia Bayer); Toy museum of the city of Nuremberg (Museum Lydia Bayer); Spielzeugmuseum der Stadt Nürnberg (Museum Lydia Bayer),
/2064109/Museu_ProvidedCHO_Spielzeugmuseum_der_Stadt_N_rnberg__Museum_Lydia_Bayer__45840__Datensatz_,gesägt & geleimt & bemalt & geformt & gegossen & glasiert & gebrannt & gestanzt & geprägt & genäht & geklebt & gefüllt,"Bemaßung:23 cm (Höhe), 39 cm (Breite), 28 cm (Tiefe)",,Spielzeugmuseum der Stadt Nürnberg (Museum Lydia Bayer); Toy museum of the city of Nuremberg (Museum Lydia Bayer); Spielzeugmuseum der Stadt Nürnberg (Museum Lydia Bayer),
/2064109/Museu_ProvidedCHO_Spielzeugmuseum_der_Stadt_N_rnberg__Museum_Lydia_Bayer__44960__Datensatz_,gedruckt (Chromolithographie); gedruckt (Chromolithographie); printed (chromolithography),"Bemaßung:33,8 cm (Höhe), 26,5 cm (Breite)",,Spielzeugmuseum der Stadt Nürnberg (Museum Lydia Bayer); Toy museum of the city of Nuremberg (Museum Lydia Bayer); Spielzeugmuseum der Stadt Nürnberg (Museum Lydia Bayer),
/2064109/Museu_ProvidedCHO_Spielzeugmuseum_der_Stadt_N_rnberg__Museum_Lydia_Bayer__44684__Datensatz_,casting; gegossen & gepreßt; gegossen & gepreßt,Bemaßung:4 (Kaffeekanne) cm (Höhe),,Spielzeugmuseum der Stadt Nürnberg (Museum Lydia Bayer); Toy museum of the city of Nuremberg (Museum Lydia Bayer); Spielzeugmuseum der Stadt Nürnberg (Museum Lydia Bayer),
/2064109/Museu_ProvidedCHO_Spielzeugmuseum_der_Stadt_N_rnberg__Museum_Lydia_Bayer__44681__Datensatz_,casting; gegossen & gepreßt; gegossen & gepreßt,Bemaßung:4 (Kaffeekanne) cm (Höhe),,Spielzeugmuseum der Stadt Nürnberg (Museum Lydia Bayer); Toy museum of the city of Nuremberg (Museum Lydia Bayer); Spielzeugmuseum der Stadt Nürnberg (Museum Lydia Bayer),
/2064109/Museu_ProvidedCHO_Spielzeugmuseum_der_Stadt_N_rnberg__Museum_Lydia_Bayer__44673__Datensatz_,geformt & gebrannt & bemalt & glasiert,"Bemaßung:22 (Verpackung) cm (Höhe), 30 cm (Breite), 9 cm (Tiefe)",,Spielzeugmuseum der Stadt Nürnberg (Museum Lydia Bayer); Toy museum of the city of Nuremberg (Museum Lydia Bayer); Spielzeugmuseum der Stadt Nürnberg (Museum Lydia Bayer),
/2064109/Museu_ProvidedCHO_Spielzeugmuseum_der_Stadt_N_rnberg__Museum_Lydia_Bayer__44680__Datensatz_,casting; gegossen & gepreßt; gegossen & gepreßt,"Bemaßung:3,8 (Teekanne) cm (Höhe)",,Spielzeugmuseum der Stadt Nürnberg (Museum Lydia Bayer); Toy museum of the city of Nuremberg (Museum Lydia Bayer); Spielzeugmuseum der Stadt Nürnberg (Museum Lydia Bayer),
/2064109/Museu_ProvidedCHO_Spielzeugmuseum_der_Stadt_N_rnberg__Museum_Lydia_Bayer__44674__Datensatz_,geformt & gebrannt & bemalt & glasiert,"Bemaßung:22 (Verpackung) cm (Höhe), 30 cm (Breite), 9 cm (Tiefe)",,Spielzeugmuseum der Stadt Nürnberg (Museum Lydia Bayer); Toy museum of the city of Nuremberg (Museum Lydia Bayer); Spielzeugmuseum der Stadt Nürnberg (Museum Lydia Bayer),
/2064109/Museu_ProvidedCHO_Spielzeugmuseum_der_Stadt_N_rnberg__Museum_Lydia_Bayer__44675__Datensatz_,geformt & gebrannt & bemalt & glasiert,"Bemaßung:22 (Verpackung) cm (Höhe), 30 cm (Breite), 9 cm (Tiefe)",,Spielzeugmuseum der Stadt Nürnberg (Museum Lydia Bayer); Toy museum of the city of Nuremberg (Museum Lydia Bayer); Spielzeugmuseum der Stadt Nürnberg (Museum Lydia Bayer),
/2064109/Museu_ProvidedCHO_Spielzeugmuseum_der_Stadt_N_rnberg__Museum_Lydia_Bayer__44679__Datensatz_,casting; gegossen & gepreßt; gegossen & gepreßt,Bemaßung:4 (Kaffeekanne) cm (Höhe),,Spielzeugmuseum der Stadt Nürnberg (Museum Lydia Bayer); Toy museum of the city of Nuremberg (Museum Lydia Bayer); Spielzeugmuseum der Stadt Nürnberg (Museum Lydia Bayer),
/2064109/Museu_ProvidedCHO_Spielzeugmuseum_der_Stadt_N_rnberg__Museum_Lydia_Bayer__43302__Datensatz_,geformt & bemalt & gebrannt & glasiert,"Bemaßung:9,5 (Kaffeekanne) cm (Höhe)",,Spielzeugmuseum der Stadt Nürnberg (Museum Lydia Bayer); Toy museum of the city of Nuremberg (Museum Lydia Bayer); Spielzeugmuseum der Stadt Nürnberg (Museum Lydia Bayer),
/2064109/Museu_ProvidedCHO_Spielzeugmuseum_der_Stadt_N_rnberg__Museum_Lydia_Bayer__43301__Datensatz_,geformt & bemalt & gebrannt & glasiert,"Bemaßung:19 (Kaffeekanne) cm (Höhe), 9 cm (Durchmesser)",,Spielzeugmuseum der Stadt Nürnberg (Museum Lydia Bayer); Toy museum of the city of Nuremberg (Museum Lydia Bayer); Spielzeugmuseum der Stadt Nürnberg (Museum Lydia Bayer),
/2064109/Museu_ProvidedCHO_Spielzeugmuseum_der_Stadt_N_rnberg__Museum_Lydia_Bayer__42754__Datensatz_,gesägt & genagelt & geschraubt & geklebt & gedruckt & bedruckt & gegossen & geformt & glasiert & gebrannt & geblasen & gepreßt & gestanzt & lackiert & gehäkelt & gestrickt & bemalt & genäht & gedrechselt & verkupfert & emailliert & vernickelt & geschraubt,"Bemaßung:50 cm (Höhe), 107,5 (vorne) & 104,5 (hinten) cm (Breite), 57 cm (Tiefe), 20 (Puppe) cm (Länge)",,Spielzeugmuseum der Stadt Nürnberg (Museum Lydia Bayer); Toy museum of the city of Nuremberg (Museum Lydia Bayer); Spielzeugmuseum der Stadt Nürnberg (Museum Lydia Bayer),
/2064109/Museu_ProvidedCHO_Spielzeugmuseum_der_Stadt_N_rnberg__Museum_Lydia_Bayer__41079__Datensatz_,casting; gegossen & gepreßt; gegossen & gepreßt,"Bemaßung:3,5 (Kaffeekanne) cm (Höhe); Bemaßung:3,5 (Kaffeekanne) cm (Höhe); Dimension: 3.5 (coffee pot) cm (height)",,Spielzeugmuseum der Stadt Nürnberg (Museum Lydia Bayer); Toy museum of the city of Nuremberg (Museum Lydia Bayer); Spielzeugmuseum der Stadt Nürnberg (Museum Lydia Bayer),
/2064109/Museu_ProvidedCHO_Spielzeugmuseum_der_Stadt_N_rnberg__Museum_Lydia_Bayer__39325__Datensatz_,Painted & Painted & Painted & Painted & Bent & Bent & Bent & Nestled & Poured & Printed & Burned & Moulded & Glazed; gesägt & bemalt & geleimt & geklebt & gestanzt & gebogen & vernickelt & gezogen & gegossen & gedruckt & gedrechselt & gebrannt & geformt & glasiert; gesägt & bemalt & geleimt & geklebt & gestanzt & gebogen & vernickelt & gezogen & gegossen & gedruckt & gedrechselt & gebrannt & geformt & glasiert,"Bemaßung:60 cm (Höhe), 128 cm (Breite), 72,5 cm (Tiefe)",,Spielzeugmuseum der Stadt Nürnberg (Museum Lydia Bayer); Toy museum of the city of Nuremberg (Museum Lydia Bayer); Spielzeugmuseum der Stadt Nürnberg (Museum Lydia Bayer),
/2064109/Museu_ProvidedCHO_Spielzeugmuseum_der_Stadt_N_rnberg__Museum_Lydia_Bayer__38926__Datensatz_,gegossen,"Bemaßung:1,2 (Kaffeekanne) cm (Höhe), 1,2 cm (Breite)",,Spielzeugmuseum der Stadt Nürnberg (Museum Lydia Bayer); Toy museum of the city of Nuremberg (Museum Lydia Bayer); Spielzeugmuseum der Stadt Nürnberg (Museum Lydia Bayer),
/2064109/Museu_ProvidedCHO_Spielzeugmuseum_der_Stadt_N_rnberg__Museum_Lydia_Bayer__38833__Datensatz_,gegossen,"Bemaßung:1,2 (Kaffeekanne) cm (Höhe), 1,2 cm (Breite)",,Spielzeugmuseum der Stadt Nürnberg (Museum Lydia Bayer); Toy museum of the city of Nuremberg (Museum Lydia Bayer); Spielzeugmuseum der Stadt Nürnberg (Museum Lydia Bayer),
/2064109/Museu_ProvidedCHO_Spielzeugmuseum_der_Stadt_N_rnberg__Museum_Lydia_Bayer__38612__Datensatz_,gegossen,"Bemaßung:4 (Kanne) cm (Höhe), 8,8 (Tablett) cm (Durchmesser)",,Spielzeugmuseum der Stadt Nürnberg (Museum Lydia Bayer); Toy museum of the city of Nuremberg (Museum Lydia Bayer); Spielzeugmuseum der Stadt Nürnberg (Museum Lydia Bayer),
/2064109/Museu_ProvidedCHO_Spielzeugmuseum_der_Stadt_N_rnberg__Museum_Lydia_Bayer__37018__Datensatz_,casting; gegossen & gepreßt; gegossen & gepreßt,"Bemaßung:3,7 (Kanne) cm (Höhe), 2,5 cm (Durchmesser)",,Spielzeugmuseum der Stadt Nürnberg (Museum Lydia Bayer); Toy museum of the city of Nuremberg (Museum Lydia Bayer); Spielzeugmuseum der Stadt Nürnberg (Museum Lydia Bayer),
/2064109/Museu_ProvidedCHO_Spielzeugmuseum_der_Stadt_N_rnberg__Museum_Lydia_Bayer__36949__Datensatz_,geblasen & bemalt; geblasen & bemalt; Blowed & painted,Bemaßung:3 (Kaffeekanne) cm (Höhe),,Spielzeugmuseum der Stadt Nürnberg (Museum Lydia Bayer); Toy museum of the city of Nuremberg (Museum Lydia Bayer); Spielzeugmuseum der Stadt Nürnberg (Museum Lydia Bayer),
/2064109/Museu_ProvidedCHO_Spielzeugmuseum_der_Stadt_N_rnberg__Museum_Lydia_Bayer__36920__Datensatz_,geformt & gebrannt & bemalt; geformt & gebrannt & bemalt; Shaped & burned & painted,"Bemaßung:5,5 (Kaffeekanne) cm (Höhe)",,Spielzeugmuseum der Stadt Nürnberg (Museum Lydia Bayer); Toy museum of the city of Nuremberg (Museum Lydia Bayer); Spielzeugmuseum der Stadt Nürnberg (Museum Lydia Bayer),
/2064109/Museu_ProvidedCHO_Spielzeugmuseum_der_Stadt_N_rnberg__Museum_Lydia_Bayer__36786__Datensatz_,geblasen & bronziert & geheftet & gestanzt; geblasen & bronziert & geheftet & gestanzt; Blowed & bronze & stapled & stamped,"Bemaßung:6,8 (Verpackung) & 3,2 (Kanne) cm (Höhe), 10,5 cm (Breite), 3 cm (Tiefe)",,Spielzeugmuseum der Stadt Nürnberg (Museum Lydia Bayer); Toy museum of the city of Nuremberg (Museum Lydia Bayer); Spielzeugmuseum der Stadt Nürnberg (Museum Lydia Bayer),
/2064109/Museu_ProvidedCHO_Spielzeugmuseum_der_Stadt_N_rnberg__Museum_Lydia_Bayer__36785__Datensatz_,Blowed & painted & stapled; geblasen & bemalt & geheftet; geblasen & bemalt & geheftet,"Bemaßung:4,5 (Verpackung) & 3 (Kanne) cm (Höhe), 7,4 cm (Breite), 3,2 cm (Tiefe)",,Spielzeugmuseum der Stadt Nürnberg (Museum Lydia Bayer); Toy museum of the city of Nuremberg (Museum Lydia Bayer); Spielzeugmuseum der Stadt Nürnberg (Museum Lydia Bayer),
/2064109/Museu_ProvidedCHO_Spielzeugmuseum_der_Stadt_N_rnberg__Museum_Lydia_Bayer__36778__Datensatz_,gesägt & gedrechselt & gefräst & geleimt & bemalt & lackiert & geheftet; gesägt & gedrechselt & gefräst & geleimt & bemalt & lackiert & geheftet; Sawn & turned & milled & painted & painted,"Bemaßung:3,7 (Kanne) cm (Höhe), 6,8 (Tablett) cm (Durchmesser)",,Spielzeugmuseum der Stadt Nürnberg (Museum Lydia Bayer); Toy museum of the city of Nuremberg (Museum Lydia Bayer); Spielzeugmuseum der Stadt Nürnberg (Museum Lydia Bayer),
/2064109/Museu_ProvidedCHO_Spielzeugmuseum_der_Stadt_N_rnberg__Museum_Lydia_Bayer__36777__Datensatz_,Sawn & sliced & milled & lined & painted & stapled; gesägt & gedrechselt & gefräst & geleimt & gebeizt & lackiert & geheftet; gesägt & gedrechselt & gefräst & geleimt & gebeizt & lackiert & geheftet,"Bemaßung:3,5 (Kanne) cm (Höhe), 4,5 (Tablett) cm (Breite), 9,1 (Tablett) cm (Länge)",,Spielzeugmuseum der Stadt Nürnberg (Museum Lydia Bayer); Toy museum of the city of Nuremberg (Museum Lydia Bayer); Spielzeugmuseum der Stadt Nürnberg (Museum Lydia Bayer),
/2064109/Museu_ProvidedCHO_Spielzeugmuseum_der_Stadt_N_rnberg__Museum_Lydia_Bayer__36237__Datensatz_,gegossen & vernickelt & gelötet & geprägt,"Bemaßung:8 (Kaffeekanne) cm (Höhe), 6 cm (Durchmesser)",,Spielzeugmuseum der Stadt Nürnberg (Museum Lydia Bayer); Toy museum of the city of Nuremberg (Museum Lydia Bayer); Spielzeugmuseum der Stadt Nürnberg (Museum Lydia Bayer),
/2064109/Museu_ProvidedCHO_Spielzeugmuseum_der_Stadt_N_rnberg__Museum_Lydia_Bayer__34947__Datensatz_,Barred & bent & enameled; gestanzt & gebogen & emailliert; gestanzt & gebogen & emailliert,"Bemaßung:9 (Milchkanne) cm (Höhe), 9 (Teller) cm (Durchmesser)",,Spielzeugmuseum der Stadt Nürnberg (Museum Lydia Bayer); Toy museum of the city of Nuremberg (Museum Lydia Bayer); Spielzeugmuseum der Stadt Nürnberg (Museum Lydia Bayer),
/2064109/Museu_ProvidedCHO_Spielzeugmuseum_der_Stadt_N_rnberg__Museum_Lydia_Bayer__34648__Datensatz_,geformt & glasiert & gebrannt,"Bemaßung:13,5 (Kaffeekanne) cm (Höhe), 6,5 cm (Durchmesser)",,Spielzeugmuseum der Stadt Nürnberg (Museum Lydia Bayer); Toy museum of the city of Nuremberg (Museum Lydia Bayer); Spielzeugmuseum der Stadt Nürnberg (Museum Lydia Bayer),
/2064109/Museu_ProvidedCHO_Spielzeugmuseum_der_Stadt_N_rnberg__Museum_Lydia_Bayer__34604__Datensatz_,geformt & glasiert & gebrannt & bemalt & bedruckt & gestanzt,"Bemaßung:10,7 (Verpackung) cm (Höhe), 12,7 cm (Breite), 3,3 cm (Tiefe)",,Spielzeugmuseum der Stadt Nürnberg (Museum Lydia Bayer); Toy museum of the city of Nuremberg (Museum Lydia Bayer); Spielzeugmuseum der Stadt Nürnberg (Museum Lydia Bayer),
/2064109/Museu_ProvidedCHO_Spielzeugmuseum_der_Stadt_N_rnberg__Museum_Lydia_Bayer__34544__Datensatz_,geformt & gebrannt & glasiert & bemalt,"Bemaßung:3,5 (Teekanne) cm (Höhe)",,Spielzeugmuseum der Stadt Nürnberg (Museum Lydia Bayer); Toy museum of the city of Nuremberg (Museum Lydia Bayer); Spielzeugmuseum der Stadt Nürnberg (Museum Lydia Bayer),
/2064109/Museu_ProvidedCHO_Spielzeugmuseum_der_Stadt_N_rnberg__Museum_Lydia_Bayer__34523__Datensatz_,gesägt & gedrechselt & gegossen & genäht & gestopft & bemalt & geklebt & gestanzt & gezogen & gebogen & geflochten; gesägt & gedrechselt & gegossen & genäht & gestopft & bemalt & geklebt & gestanzt & gezogen & gebogen & geflochten; Sawn & squared & cast & sewn & stuffed & painted & embossed & stamped & dragged & bent & woven,"Bemaßung:14 (Wiege) cm (Höhe), 6,3 cm (Breite), 10 cm (Länge)",,Spielzeugmuseum der Stadt Nürnberg (Museum Lydia Bayer); Toy museum of the city of Nuremberg (Museum Lydia Bayer); Spielzeugmuseum der Stadt Nürnberg (Museum Lydia Bayer),
/2064109/Museu_ProvidedCHO_Spielzeugmuseum_der_Stadt_N_rnberg__Museum_Lydia_Bayer__34206__Datensatz_,geformt & glasiert & gebrannt & bemalt & gedruckt (Dreifarbendruck),"Bemaßung:16 (Kanne) & 32 (Verpackung) cm (Höhe), 44 (Verpackung) cm (Breite), 10,5 (Verpackung) cm (Tiefe), 10,5 (Untertasse) cm (Durchmesser)",,Spielzeugmuseum der Stadt Nürnberg (Museum Lydia Bayer); Toy museum of the city of Nuremberg (Museum Lydia Bayer); Spielzeugmuseum der Stadt Nürnberg (Museum Lydia Bayer),
/2064109/Museu_ProvidedCHO_Spielzeugmuseum_der_Stadt_N_rnberg__Museum_Lydia_Bayer__34096__Datensatz_,gesägt & genagelt & geleimt & bemalt & geklebt & geschnitten & handgefertigt & geprägt & genäht & gehäkelt & gegossen & gestickt & gedrechselt,"Bemaßung:25 cm (Höhe), 62 cm (Breite), 28 cm (Tiefe)",,Spielzeugmuseum der Stadt Nürnberg (Museum Lydia Bayer); Toy museum of the city of Nuremberg (Museum Lydia Bayer); Spielzeugmuseum der Stadt Nürnberg (Museum Lydia Bayer),
/2064109/Museu_ProvidedCHO_Spielzeugmuseum_der_Stadt_N_rnberg__Museum_Lydia_Bayer__34083__Datensatz_,geformt & glasiert & gebrannt & bedruckt & vergoldet & gedruckt (Chromolithographie) & geheftet,"Bemaßung:30,7 (Verpackung) & 14,8 (Kaffeekanne) cm (Höhe), 39,5 (Verpackung) cm (Breite), 10,5 (Verpackung) cm (Tiefe), 9 (Untertasse) cm (Durchmesser)",,Spielzeugmuseum der Stadt Nürnberg (Museum Lydia Bayer); Toy museum of the city of Nuremberg (Museum Lydia Bayer); Spielzeugmuseum der Stadt Nürnberg (Museum Lydia Bayer),
/2064109/Museu_ProvidedCHO_Spielzeugmuseum_der_Stadt_N_rnberg__Museum_Lydia_Bayer__33653__Datensatz_,gesägt & bemalt & geleimt & genagelt & gegossen & genäht & gebrannt & glasiert,Bemaßung:; Dimension:; Bemaßung:,,Spielzeugmuseum der Stadt Nürnberg (Museum Lydia Bayer); Toy museum of the city of Nuremberg (Museum Lydia Bayer); Spielzeugmuseum der Stadt Nürnberg (Museum Lydia Bayer),
/2064109/Museu_ProvidedCHO_Spielzeugmuseum_der_Stadt_N_rnberg__Museum_Lydia_Bayer__32207__Datensatz_,geformt & glasiert & bemalt & gebrannt,Bemaßung:9 (Kaffeekanne) cm (Höhe),,Spielzeugmuseum der Stadt Nürnberg (Museum Lydia Bayer); Toy museum of the city of Nuremberg (Museum Lydia Bayer); Spielzeugmuseum der Stadt Nürnberg (Museum Lydia Bayer),
/2064109/Museu_ProvidedCHO_Spielzeugmuseum_der_Stadt_N_rnberg__Museum_Lydia_Bayer__32202__Datensatz_,gesägt & gedrechselt & geblasen & gegossen & gepreßt & geklebt & beklebt & bedruckt & bemalt & gebrannt & glasiert & gestanzt & gebogen & genagelt & geprägt & gelötet & lackiert & gehäkelt & geformt & gezogen; gesägt & gedrechselt & geblasen & gegossen & gepreßt & geklebt & beklebt & bedruckt & bemalt & gebrannt & glasiert & gestanzt & gebogen & genagelt & geprägt & gelötet & lackiert & gehäkelt & geformt & gezogen; Painted & Painted & Blowed & Poured & Painted & Painted & Painted & Painted & Glazed & Stamped & Bent & Bent & Painted & Painted & Painted & Painted & Painted & Painted,"Bemaßung:23 (Gehäuse) cm (Höhe), 54 cm (Breite), 35 cm (Tiefe)",,Spielzeugmuseum der Stadt Nürnberg (Museum Lydia Bayer); Toy museum of the city of Nuremberg (Museum Lydia Bayer); Spielzeugmuseum der Stadt Nürnberg (Museum Lydia Bayer),
/2064109/Museu_ProvidedCHO_Spielzeugmuseum_der_Stadt_N_rnberg__Museum_Lydia_Bayer__32129__Datensatz_,gesägt & geleimt & genagelt & geschnitzt & gedrechselt & verzinnt & vernickelt / verchromt & bemalt & lackiert & gedruckt (Chromolithographie) & gegossen & gepreßt & geformt & glasiert & gebrannt & gewebt & genäht & gestickt & gehäkelt & gestrickt & versp,"Bemaßung:53 cm (Höhe), 160 cm (Breite), 57 cm (Tiefe)",,Spielzeugmuseum der Stadt Nürnberg (Museum Lydia Bayer); Toy museum of the city of Nuremberg (Museum Lydia Bayer); Spielzeugmuseum der Stadt Nürnberg (Museum Lydia Bayer),
/2064109/Museu_ProvidedCHO_Spielzeugmuseum_der_Stadt_N_rnberg__Museum_Lydia_Bayer__32107__Datensatz_,Casted & rolled & stamped & painted & molded; gegossen & gewalzt & gestanzt & lackiert & gedrechselt & bemalt & geprägt; gegossen & gewalzt & gestanzt & lackiert & gedrechselt & bemalt & geprägt,"Bemaßung:9 (Kanne) cm (Höhe), 5 cm (Durchmesser)",,Spielzeugmuseum der Stadt Nürnberg (Museum Lydia Bayer); Toy museum of the city of Nuremberg (Museum Lydia Bayer); Spielzeugmuseum der Stadt Nürnberg (Museum Lydia Bayer),
/2064109/Museu_ProvidedCHO_Spielzeugmuseum_der_Stadt_N_rnberg__Museum_Lydia_Bayer__30514__Datensatz_,geformt & gebrannt & glasiert & bedruckt,"Bemaßung:34,5 (Verpackung) cm (Höhe), 45 cm (Breite), 10 cm (Tiefe)",,Spielzeugmuseum der Stadt Nürnberg (Museum Lydia Bayer); Toy museum of the city of Nuremberg (Museum Lydia Bayer); Spielzeugmuseum der Stadt Nürnberg (Museum Lydia Bayer),
/2064109/Museu_ProvidedCHO_Spielzeugmuseum_der_Stadt_N_rnberg__Museum_Lydia_Bayer__29882__Datensatz_,geformt & gebrannt & glasiert & bemalt,"Bemaßung:10 (Kaffeekanne) cm (Höhe), 7 cm (Durchmesser)",,Spielzeugmuseum der Stadt Nürnberg (Museum Lydia Bayer); Toy museum of the city of Nuremberg (Museum Lydia Bayer); Spielzeugmuseum der Stadt Nürnberg (Museum Lydia Bayer),
/2064109/Museu_ProvidedCHO_Spielzeugmuseum_der_Stadt_N_rnberg__Museum_Lydia_Bayer__29419__Datensatz_,geformt & gegossen & glasiert & bemalt,"Bemaßung:11 (Kaffeekanne mit Deckel) cm (Höhe), 8,5 (ohne Henkel und Ausgießer) cm (Durchmesser)",,Spielzeugmuseum der Stadt Nürnberg (Museum Lydia Bayer); Toy museum of the city of Nuremberg (Museum Lydia Bayer); Spielzeugmuseum der Stadt Nürnberg (Museum Lydia Bayer),
/2064109/Museu_ProvidedCHO_Spielzeugmuseum_der_Stadt_N_rnberg__Museum_Lydia_Bayer__28509__Datensatz_,cast & printed; gegossen & bedruckt; gegossen & bedruckt,"Bemaßung:33 cm (Höhe), 44 cm (Breite), 8,5 cm (Tiefe)",,Spielzeugmuseum der Stadt Nürnberg (Museum Lydia Bayer); Toy museum of the city of Nuremberg (Museum Lydia Bayer); Spielzeugmuseum der Stadt Nürnberg (Museum Lydia Bayer),
/2064109/Museu_ProvidedCHO_Spielzeugmuseum_der_Stadt_N_rnberg__Museum_Lydia_Bayer__28508__Datensatz_,cast & printed; gegossen & bedruckt; gegossen & bedruckt,"Bemaßung:13 (Kanne) cm (Höhe), 20,5 (Tablett) cm (Durchmesser)",,Spielzeugmuseum der Stadt Nürnberg (Museum Lydia Bayer); Toy museum of the city of Nuremberg (Museum Lydia Bayer); Spielzeugmuseum der Stadt Nürnberg (Museum Lydia Bayer),
/2064109/Museu_ProvidedCHO_Spielzeugmuseum_der_Stadt_N_rnberg__Museum_Lydia_Bayer__28507__Datensatz_,cast & printed; gegossen & bedruckt; gegossen & bedruckt,"Bemaßung:13 (Kanne) cm (Höhe), 20,5 (Tablett) cm (Durchmesser)",,Spielzeugmuseum der Stadt Nürnberg (Museum Lydia Bayer); Toy museum of the city of Nuremberg (Museum Lydia Bayer); Spielzeugmuseum der Stadt Nürnberg (Museum Lydia Bayer),
/2064109/Museu_ProvidedCHO_Spielzeugmuseum_der_Stadt_N_rnberg__Museum_Lydia_Bayer__28328__Datensatz_,gesägt & gedrechselt & geblasen & gegossen & gepreßt & geklebt & beklebt & bedruckt & bemalt & glasiert & gestanzt & gebogen & lackiert & genagelt & geprägt & gelötet & lackiert & handgefertigt; gesägt & gedrechselt & geblasen & gegossen & gepreßt & geklebt & beklebt & bedruckt & bemalt & glasiert & gestanzt & gebogen & lackiert & genagelt & geprägt & gelötet & lackiert & handgefertigt; Painted & Painted & Blowed & Poured & Painted & Painted & Painted & Painted & Stamped & Bent & Painted & Painted & Painted & Painted & Painted & Handmade,"Bemaßung:34 cm (Höhe), 80,5 cm (Breite), 53 cm (Tiefe)",,Spielzeugmuseum der Stadt Nürnberg (Museum Lydia Bayer); Toy museum of the city of Nuremberg (Museum Lydia Bayer); Spielzeugmuseum der Stadt Nürnberg (Museum Lydia Bayer),
/2064109/Museu_ProvidedCHO_Spielzeugmuseum_der_Stadt_N_rnberg__Museum_Lydia_Bayer__28273__Datensatz_,geformt & gebrannt & glasiert & bemalt & gegossen,"Bemaßung:15 (Kaffeekanne) cm (Höhe), 7 cm (Durchmesser)",,Spielzeugmuseum der Stadt Nürnberg (Museum Lydia Bayer); Toy museum of the city of Nuremberg (Museum Lydia Bayer); Spielzeugmuseum der Stadt Nürnberg (Museum Lydia Bayer),
/2064109/Museu_ProvidedCHO_Spielzeugmuseum_der_Stadt_N_rnberg__Museum_Lydia_Bayer__28214__Datensatz_,gesägt & gedrechselt & gebohrt; gesägt & gedrechselt & gebohrt; Sawn & squared & drilled,"Bemaßung:4,5 (Kafeekanne) cm (Höhe), 4,5 (Schüssel) cm (Durchmesser)",,Spielzeugmuseum der Stadt Nürnberg (Museum Lydia Bayer); Toy museum of the city of Nuremberg (Museum Lydia Bayer); Spielzeugmuseum der Stadt Nürnberg (Museum Lydia Bayer),
/2064109/Museu_ProvidedCHO_Spielzeugmuseum_der_Stadt_N_rnberg__Museum_Lydia_Bayer__27875__Datensatz_,Calculated & sawn & carved & painted & painted; gedrechselt & gesägt & geschnitzt & bemalt & lackiert; gedrechselt & gesägt & geschnitzt & bemalt & lackiert,"Bemaßung:6 (Kaffeekanne) cm (Höhe), 4 cm (Breite), 3 cm (Durchmesser)",,Spielzeugmuseum der Stadt Nürnberg (Museum Lydia Bayer); Toy museum of the city of Nuremberg (Museum Lydia Bayer); Spielzeugmuseum der Stadt Nürnberg (Museum Lydia Bayer),
/2064109/Museu_ProvidedCHO_Spielzeugmuseum_der_Stadt_N_rnberg__Museum_Lydia_Bayer__26649__Datensatz_,geformt & glasiert,"Bemaßung:5 cm (Höhe), 3 cm (Durchmesser)",,Spielzeugmuseum der Stadt Nürnberg (Museum Lydia Bayer); Toy museum of the city of Nuremberg (Museum Lydia Bayer); Spielzeugmuseum der Stadt Nürnberg (Museum Lydia Bayer),
/2064109/Museu_ProvidedCHO_Spielzeugmuseum_der_Stadt_N_rnberg__Museum_Lydia_Bayer__26623__Datensatz_,gedrechselt & gesägt & lackiert,"Bemaßung:2 cm (Höhe), 1,5 cm (Durchmesser)",,Spielzeugmuseum der Stadt Nürnberg (Museum Lydia Bayer); Toy museum of the city of Nuremberg (Museum Lydia Bayer); Spielzeugmuseum der Stadt Nürnberg (Museum Lydia Bayer),
/2064109/Museu_ProvidedCHO_Spielzeugmuseum_der_Stadt_N_rnberg__Museum_Lydia_Bayer__26621__Datensatz_,gedrechselt & gesägt & lackiert,"Bemaßung:2 cm (Höhe), 3 cm (Durchmesser)",,Spielzeugmuseum der Stadt Nürnberg (Museum Lydia Bayer); Toy museum of the city of Nuremberg (Museum Lydia Bayer); Spielzeugmuseum der Stadt Nürnberg (Museum Lydia Bayer),
/2064109/Museu_ProvidedCHO_Spielzeugmuseum_der_Stadt_N_rnberg__Museum_Lydia_Bayer__26617__Datensatz_,gedrechselt & gesägt & lackiert,"Bemaßung:3,5 cm (Höhe), 5,5 cm (Durchmesser)",,Spielzeugmuseum der Stadt Nürnberg (Museum Lydia Bayer); Toy museum of the city of Nuremberg (Museum Lydia Bayer); Spielzeugmuseum der Stadt Nürnberg (Museum Lydia Bayer),
/2064109/Museu_ProvidedCHO_Spielzeugmuseum_der_Stadt_N_rnberg__Museum_Lydia_Bayer__26616__Datensatz_,gedrechselt & gesägt & lackiert,"Bemaßung:5 (Kaffeekanne) cm (Höhe), 4 cm (Breite), 3 cm (Tiefe)",,Spielzeugmuseum der Stadt Nürnberg (Museum Lydia Bayer); Toy museum of the city of Nuremberg (Museum Lydia Bayer); Spielzeugmuseum der Stadt Nürnberg (Museum Lydia Bayer),
/2064109/Museu_ProvidedCHO_Spielzeugmuseum_der_Stadt_N_rnberg__Museum_Lydia_Bayer__24989__Datensatz_,gegossen & gebrannt & bedruckt & bemalt & glasiert,"Bemaßung:4 (Grammophon) cm (Höhe), 3 cm (Breite), 3 cm (Tiefe); Bemaßung:4 (Grammophon) cm (Höhe), 3 cm (Breite), 3 cm (Tiefe); Dimension: 4 (gramophone) cm (height), 3 cm (width), 3 cm (depth)",,Spielzeugmuseum der Stadt Nürnberg (Museum Lydia Bayer); Toy museum of the city of Nuremberg (Museum Lydia Bayer); Spielzeugmuseum der Stadt Nürnberg (Museum Lydia Bayer),
/2064109/Museu_ProvidedCHO_Spielzeugmuseum_der_Stadt_N_rnberg__Museum_Lydia_Bayer__24987__Datensatz_,gegossen & gebrannt & bedruckt & bemalt & glasiert,"Bemaßung:2,5 (Zuckerdose) cm (Höhe)",,Spielzeugmuseum der Stadt Nürnberg (Museum Lydia Bayer); Toy museum of the city of Nuremberg (Museum Lydia Bayer); Spielzeugmuseum der Stadt Nürnberg (Museum Lydia Bayer),
/2064109/Museu_ProvidedCHO_Spielzeugmuseum_der_Stadt_N_rnberg__Museum_Lydia_Bayer__24963__Datensatz_,cast & printed; gegossen & bedruckt; gegossen & bedruckt,"Bemaßung:28,5 (Verpackung) cm (Höhe), 38 cm (Breite), 8,5 cm (Tiefe)",,Spielzeugmuseum der Stadt Nürnberg (Museum Lydia Bayer); Toy museum of the city of Nuremberg (Museum Lydia Bayer); Spielzeugmuseum der Stadt Nürnberg (Museum Lydia Bayer),
/2064109/Museu_ProvidedCHO_Spielzeugmuseum_der_Stadt_N_rnberg__Museum_Lydia_Bayer__24961__Datensatz_,cast & printed; gegossen & bedruckt; gegossen & bedruckt,"Bemaßung:29 (Verpackung) cm (Höhe), 32 cm (Breite), 8 cm (Tiefe)",,Spielzeugmuseum der Stadt Nürnberg (Museum Lydia Bayer); Toy museum of the city of Nuremberg (Museum Lydia Bayer); Spielzeugmuseum der Stadt Nürnberg (Museum Lydia Bayer),
/2064109/Museu_ProvidedCHO_Spielzeugmuseum_der_Stadt_N_rnberg__Museum_Lydia_Bayer__24962__Datensatz_,cast & printed; gegossen & bedruckt; gegossen & bedruckt,"Bemaßung:22 (Verpackung) cm (Höhe), 34 cm (Breite), 7 cm (Tiefe)",,Spielzeugmuseum der Stadt Nürnberg (Museum Lydia Bayer); Toy museum of the city of Nuremberg (Museum Lydia Bayer); Spielzeugmuseum der Stadt Nürnberg (Museum Lydia Bayer),
/2064109/Museu_ProvidedCHO_Spielzeugmuseum_der_Stadt_N_rnberg__Museum_Lydia_Bayer__19877__Datensatz_,casting; gegossen & gepreßt; gegossen & gepreßt,"Bemaßung:5,2 (Kaffeekanne, groß) cm (Höhe), 3,3 cm (Durchmesser)",,Spielzeugmuseum der Stadt Nürnberg (Museum Lydia Bayer); Toy museum of the city of Nuremberg (Museum Lydia Bayer); Spielzeugmuseum der Stadt Nürnberg (Museum Lydia Bayer),
/2064109/Museu_ProvidedCHO_Spielzeugmuseum_der_Stadt_N_rnberg__Museum_Lydia_Bayer__19240__Datensatz_,Shaped & burned & painted & poured & stapled; geformt & gebrannt & bemalt & gegossen & geheftet; geformt & gebrannt & bemalt & gegossen & geheftet,"Bemaßung:29,5 cm (Höhe), 30 cm (Breite), 9,5 cm (Tiefe)",,Spielzeugmuseum der Stadt Nürnberg (Museum Lydia Bayer); Toy museum of the city of Nuremberg (Museum Lydia Bayer); Spielzeugmuseum der Stadt Nürnberg (Museum Lydia Bayer),
/2064109/Museu_ProvidedCHO_Spielzeugmuseum_der_Stadt_N_rnberg__Museum_Lydia_Bayer__18370__Datensatz_,casting; gegossen & gepreßt; gegossen & gepreßt,"Bemaßung:5 cm (Höhe), 6 cm (Breite)",,Spielzeugmuseum der Stadt Nürnberg (Museum Lydia Bayer); Toy museum of the city of Nuremberg (Museum Lydia Bayer); Spielzeugmuseum der Stadt Nürnberg (Museum Lydia Bayer),
/2064109/Museu_ProvidedCHO_Spielzeugmuseum_der_Stadt_N_rnberg__Museum_Lydia_Bayer__17682__Datensatz_,gegossen & geformt & gebrannt & bemalt & gedruckt (Chromolithographie) & gedruckt,"Bemaßung:17 cm (Höhe), 26 cm (Breite), 6,5 cm (Tiefe)",,Spielzeugmuseum der Stadt Nürnberg (Museum Lydia Bayer); Toy museum of the city of Nuremberg (Museum Lydia Bayer); Spielzeugmuseum der Stadt Nürnberg (Museum Lydia Bayer),
/2064109/Museu_ProvidedCHO_Spielzeugmuseum_der_Stadt_N_rnberg__Museum_Lydia_Bayer__129__Datensatz_,gefaltet; http://data.europeana.eu/concept/2786; folded; gefaltet,"Bemaßung:19,5 cm (Höhe), 17,4 cm (Breite)",,Spielzeugmuseum der Stadt Nürnberg (Museum Lydia Bayer); Toy museum of the city of Nuremberg (Museum Lydia Bayer); Spielzeugmuseum der Stadt Nürnberg (Museum Lydia Bayer),
/2064109/Museu_ProvidedCHO_Spielzeugmuseum_der_Stadt_N_rnberg__Museum_Lydia_Bayer__10713__Datensatz_,gestanzt & gebogen & vernickelt & gelötet,"Bemaßung:18,5 cm (Höhe)",,Spielzeugmuseum der Stadt Nürnberg (Museum Lydia Bayer); Toy museum of the city of Nuremberg (Museum Lydia Bayer); Spielzeugmuseum der Stadt Nürnberg (Museum Lydia Bayer),
/08535/item_6OFEL2OMXSNO5J2JJDOEJNWLL643XMXZ,Bleistift auf Karton (Material/Technik),"Blattmaß: 34,3 x 36,3 cm",,"Architekturmuseum der TU Berlin, Inv. Nr. 8611. Das Werk ist urheberrechtlich geschützt, eine Nutzung des Digitalisats darf nur nach Autorisierung erfolgen.",
/249/item_22PTAAAKX72WX4QD75OQNR63K2MY4M5V,,,,TECHNOSEUM Landesmuseum für Technik und Arbeit in Mannheim,
/249/item_24MD3LFUL6GO3BWLGANLJIRNS6O7HVO7,,,,TECHNOSEUM Landesmuseum für Technik und Arbeit in Mannheim,
/249/item_2EUUR323A7QRUOCBWLUC2TNEFPKT5DN3,,,,TECHNOSEUM Landesmuseum für Technik und Arbeit in Mannheim,
/249/item_2IC2UMGOV4VGP3JYP4CWDVA6HKEQXNDA,,,,TECHNOSEUM Landesmuseum für Technik und Arbeit in Mannheim,
/249/item_2OAUFPAWFYDJ35XFHVLJ75OWZOKT4B4A,,,,TECHNOSEUM Landesmuseum für Technik und Arbeit in Mannheim,
/249/item_2QWBDIUV6AX25EBTJPVY333PY24ABFEB,,,,TECHNOSEUM Landesmuseum für Technik und Arbeit in Mannheim,
/249/item_2TMGFWC3VDDLEUFCWXTLULFY3KWVOW5Q,,,,TECHNOSEUM Landesmuseum für Technik und Arbeit in Mannheim,
/249/item_2ZI3UZJTT5OLQQWPYQO4SCJ6T7XXRVLA,,,,TECHNOSEUM Landesmuseum für Technik und Arbeit in Mannheim,
/249/item_325KQXVZPLL5ZHQQ3CYTB7JXUVRGZ24N,,,,TECHNOSEUM Landesmuseum für Technik und Arbeit in Mannheim,
/249/item_36TJPOORUUBEQX25HFTHU4X2NKYDD6IM,,,,TECHNOSEUM Landesmuseum für Technik und Arbeit in Mannheim,
/249/item_3QOII57NMOW72VYMU23E24PY3AY53E6S,,,,TECHNOSEUM Landesmuseum für Technik und Arbeit in Mannheim,
/249/item_3QVTRGJWADJPHCNYIUA5XCD3PTIO4JVI,,,,TECHNOSEUM Landesmuseum für Technik und Arbeit in Mannheim,
/249/item_43FCRMGLKNTR2I67T3SSXJIEYSBPR3AM,,,,TECHNOSEUM Landesmuseum für Technik und Arbeit in Mannheim,
/249/item_47O6TAFNSAWN5DYGEOV4OHG2T3TYE56S,,,,TECHNOSEUM Landesmuseum für Technik und Arbeit in Mannheim,
/249/item_4Y7TELPN7ZGYMOXFFW3GUF4ZDPPUEKGZ,,,,TECHNOSEUM Landesmuseum für Technik und Arbeit in Mannheim,
/249/item_54Z5QXWNVROFQADRQ2T5HWCL5BEDARZL,,,,TECHNOSEUM Landesmuseum für Technik und Arbeit in Mannheim,
/249/item_55UNKZEAHLBBJHEBAOWBTZDN4UFUVGJH,,,,TECHNOSEUM Landesmuseum für Technik und Arbeit in Mannheim,
/249/item_56W5EQH6MHMH4TRQSNBEZS7V2OCNIT3V,,,,TECHNOSEUM Landesmuseum für Technik und Arbeit in Mannheim,
/249/item_5DZY5TTKTYJEWDR6FCDUFFM4SIWX7NGK,,,,TECHNOSEUM Landesmuseum für Technik und Arbeit in Mannheim,
/249/item_67P2ZC3NEWLG7C35GXFDJCQVJTG6RPBZ,,,,TECHNOSEUM Landesmuseum für Technik und Arbeit in Mannheim,
/249/item_6FAZH5HHLCXWZ42OBO5UPEZLGL5NUTGJ,,,,TECHNOSEUM Landesmuseum für Technik und Arbeit in Mannheim,
/249/item_6MVD7EYFEYUICWS7LGUAPOUGZBVTMDA3,,,,TECHNOSEUM Landesmuseum für Technik und Arbeit in Mannheim,
/249/item_6QQF4ENBKG2KOBTVVWSVIS7VOUBPGLJI,,,,TECHNOSEUM Landesmuseum für Technik und Arbeit in Mannheim,
/249/item_7QH6HU7FOAS2YHPSC7R5HAWCRSWD562G,,,,TECHNOSEUM Landesmuseum für Technik und Arbeit in Mannheim,
/249/item_7XZTM5E4MIXT3WAFXVSHLVZLS5CKIRVP,,,,TECHNOSEUM Landesmuseum für Technik und Arbeit in Mannheim,
/249/item_AYKEFE3RJHA44I4SBGO7TN7UJJ3PUKI2,,,,TECHNOSEUM Landesmuseum für Technik und Arbeit in Mannheim,
/249/item_AZ63F622NYULEARNHBZP5HWZTRVEDGUY,,,,TECHNOSEUM Landesmuseum für Technik und Arbeit in Mannheim,
/249/item_BHXYBLKDO4YVTUSKVJXCIW53HHYFV7XV,,,,TECHNOSEUM Landesmuseum für Technik und Arbeit in Mannheim,
/249/item_BPYHVVUTU2KABW6S4R3UGOODNBWBLAD7,,,,TECHNOSEUM Landesmuseum für Technik und Arbeit in Mannheim,
/249/item_BQXB2BLBPNM4BRJCTNAUZ7EP243GTLAG,,,,TECHNOSEUM Landesmuseum für Technik und Arbeit in Mannheim,
/249/item_C3DQPAR76QWK34V37XLNJZROO6M5BZS2,,,,TECHNOSEUM Landesmuseum für Technik und Arbeit in Mannheim,
/249/item_CDGRQZCDZMRMESF7ZMCRWBZMJZPJT23J,,,,TECHNOSEUM Landesmuseum für Technik und Arbeit in Mannheim,
/249/item_CRTLKZZGRN3TBUEDTBR33FJMTEX4AFIC,,,,TECHNOSEUM Landesmuseum für Technik und Arbeit in Mannheim,
/249/item_CSBKRX4T65N2NJDDTIFYXKOFT7V5VQIB,,,,TECHNOSEUM Landesmuseum für Technik und Arbeit in Mannheim,
/249/item_D3QYDKCZDABH6R45GGRWT6C5QCNYIFHS,,,,TECHNOSEUM Landesmuseum für Technik und Arbeit in Mannheim,
/249/item_D4KE62VTIIA6HZQPGHVANLWNFIRV4HWK,,,,TECHNOSEUM Landesmuseum für Technik und Arbeit in Mannheim,
/249/item_DR5O55DJ7QSX6I3OOTOPIBQLDRVVYR42,,,,TECHNOSEUM Landesmuseum für Technik und Arbeit in Mannheim,
/249/item_E2WI3KIPW6SFWHP4LGRI6QBGLPLJ4ZBA,,,,TECHNOSEUM Landesmuseum für Technik und Arbeit in Mannheim,
/249/item_EBGCEKPDX4QBKXBJAAVEXXLJH2ENVHVZ,,,,TECHNOSEUM Landesmuseum für Technik und Arbeit in Mannheim,
/249/item_EBWBG6NOYSYXBUPWZF5HJRNDUEY3PLJS,,,,TECHNOSEUM Landesmuseum für Technik und Arbeit in Mannheim,
/249/item_EDCYCNDUDDF3C5WPIPXLNBAN4U3N3LIW,,,,TECHNOSEUM Landesmuseum für Technik und Arbeit in Mannheim,
/249/item_FI66YO3G2QH5PS3MS3JLBEMDDPBS3265,,,,TECHNOSEUM Landesmuseum für Technik und Arbeit in Mannheim,
/249/item_FYCI4CPCS6SGU3OTDZMSU7Y6DX7EXIQA,,,,TECHNOSEUM Landesmuseum für Technik und Arbeit in Mannheim,
/249/item_GBFDGWTHMVFWU37O2YA7OKUA4N2QZ2BF,,,,TECHNOSEUM Landesmuseum für Technik und Arbeit in Mannheim,
/249/item_GD3KAT5U62LXI2PIGOQKUR3O4UX2GZMQ,,,,TECHNOSEUM Landesmuseum für Technik und Arbeit in Mannheim,
/249/item_GNU2NY4KZ3J7HBE47FFETI2EEWVYWFSZ,,,,TECHNOSEUM Landesmuseum für Technik und Arbeit in Mannheim,
/249/item_GOGB4SPHQ2R2TFHDUXKO7TCF7RF3237N,,,,TECHNOSEUM Landesmuseum für Technik und Arbeit in Mannheim,
/249/item_GTHBVYQQXYRJFWYZZ46PNKRL7UWELACO,,,,TECHNOSEUM Landesmuseum für Technik und Arbeit in Mannheim,
/249/item_GU7WGCRVMBBQLJIBCS7TTQPLTF766LUJ,,,,TECHNOSEUM Landesmuseum für Technik und Arbeit in Mannheim,
/249/item_GZPFXBHXC6Z2PMMDYTCN6QGUDC3L4PO4,,,,TECHNOSEUM Landesmuseum für Technik und Arbeit in Mannheim,
/249/item_H22IAL224FHCBACNW2D6MWKGKRH3HNKW,,,,TECHNOSEUM Landesmuseum für Technik und Arbeit in Mannheim,
/249/item_HFXEV5J6DPKGLLFZREEGYKSA5AAB2F6Q,,,,TECHNOSEUM Landesmuseum für Technik und Arbeit in Mannheim,
/249/item_HGZON7VP74A7AEJVIV6PFISTJZ4JAPUK,,,,TECHNOSEUM Landesmuseum für Technik und Arbeit in Mannheim,
/249/item_HUZBPJRKQ5XD4E5AQR6EPK6XNL4LLVOW,,,,TECHNOSEUM Landesmuseum für Technik und Arbeit in Mannheim,
/249/item_HVUJNIM2OWNT6FX4UIXRUBITP5IUYJB3,,,,TECHNOSEUM Landesmuseum für Technik und Arbeit in Mannheim,
/249/item_HX3TECF2UAKKURX6JXR4FZNAFPJEUS5H,,,,TECHNOSEUM Landesmuseum für Technik und Arbeit in Mannheim,
/249/item_I5LNLWNT23HL7NVVXEL5TIV3HTSLMQ3G,,,,TECHNOSEUM Landesmuseum für Technik und Arbeit in Mannheim,
/249/item_I7K2CA5OPDE4W2OITFEXYEXHXHZS5GCN,,,,TECHNOSEUM Landesmuseum für Technik und Arbeit in Mannheim,
/249/item_IBM63NZV2TSA5J3PHXQ5HNECOQIOUVRE,,,,TECHNOSEUM Landesmuseum für Technik und Arbeit in Mannheim,
/249/item_IYLX7ALRBXRGYNLHUR3Q3GLMUXOVWLMO,,,,TECHNOSEUM Landesmuseum für Technik und Arbeit in Mannheim,
/249/item_IZ2KUD2JLUV2EJTULEPBC4ZDLJXPFFP7,,,,TECHNOSEUM Landesmuseum für Technik und Arbeit in Mannheim,
/249/item_JAKD3QIWRA32VARYIK6SPQBVQZN3LH4F,,,,TECHNOSEUM Landesmuseum für Technik und Arbeit in Mannheim,
/249/item_JAUPIUBPSXDZX4JX4ZMJMPPAL62HDEDW,,,,TECHNOSEUM Landesmuseum für Technik und Arbeit in Mannheim,
/249/item_JOVSZUBRRMLUMUIN2QQL2TPLABWX2HB7,,,,TECHNOSEUM Landesmuseum für Technik und Arbeit in Mannheim,
/249/item_JRGLI435MKKBHPGK3SQARLLJWWMZHTD5,,,,TECHNOSEUM Landesmuseum für Technik und Arbeit in Mannheim,
/249/item_JSJSFTUEDC7LXUFRNSOG5M3DCU6LHH3T,,,,TECHNOSEUM Landesmuseum für Technik und Arbeit in Mannheim,
/249/item_JV55GCFINVKZAHLXNIE34KRWRAAYA2FN,,,,TECHNOSEUM Landesmuseum für Technik und Arbeit in Mannheim,
/249/item_JWG26QCLUBCQVVMEZE5XSJR5XFDLXS6W,,,,TECHNOSEUM Landesmuseum für Technik und Arbeit in Mannheim,
/249/item_K7FFDF7MYE7G4O5CRTPIJGNR4V36XFIH,,,,TECHNOSEUM Landesmuseum für Technik und Arbeit in Mannheim,
/249/item_KN3XOF6SMBRE2R233K4P5ONBL4ZQE47Y,,,,TECHNOSEUM Landesmuseum für Technik und Arbeit in Mannheim,
/249/item_KYVKWNYZMOEOSOQUJN2PXVIQTWW4FE5J,,,,TECHNOSEUM Landesmuseum für Technik und Arbeit in Mannheim,
/249/item_L7IDZIPXPFVNA25YIVBFEG7QQGHLSWSO,,,,TECHNOSEUM Landesmuseum für Technik und Arbeit in Mannheim,
/249/item_LA4OWYUTCA24CNKVKMZOTWQEMT5EH7XV,,,,TECHNOSEUM Landesmuseum für Technik und Arbeit in Mannheim,
/249/item_LN4JBQ6LGAOXDA6HYP2SD5TTPJ2K3JWT,,,,TECHNOSEUM Landesmuseum für Technik und Arbeit in Mannheim,
/249/item_LTCBNNL7VYL5ZPB4Z3URTTQNMWXVWFTV,,,,TECHNOSEUM Landesmuseum für Technik und Arbeit in Mannheim,
/249/item_LVKE3QMWPD734BDTZ2PHAJ3X4GAIHDXP,,,,TECHNOSEUM Landesmuseum für Technik und Arbeit in Mannheim,
/249/item_MH6ASTU7VR3OT67ZP5YNQCPSBPYJCCZS,,,,TECHNOSEUM Landesmuseum für Technik und Arbeit in Mannheim,
/249/item_MWNJ4BNB2H2PJO66J6RSL4SRDURSMFJF,,,,TECHNOSEUM Landesmuseum für Technik und Arbeit in Mannheim,
/249/item_N5JRZ5TZQCIABNX55PRMUK3LIAF6FAE7,,,,TECHNOSEUM Landesmuseum für Technik und Arbeit in Mannheim,
/249/item_NBIH6E3R3RIX7AI6ZLYD7N4YZJN3AKDJ,,,,TECHNOSEUM Landesmuseum für Technik und Arbeit in Mannheim,
/249/item_O565KFDNDX2MEKIB6P5MW5LYFVXZZZ6B,,,,TECHNOSEUM Landesmuseum für Technik und Arbeit in Mannheim,
/249/item_OA4VYWC6NUXDA7V35MFGPMOGFC224RYU,,,,TECHNOSEUM Landesmuseum für Technik und Arbeit in Mannheim,
/249/item_OGABPBYKYGCZTK564R3RVGQYNREVH7VT,,,,TECHNOSEUM Landesmuseum für Technik und Arbeit in Mannheim,
/249/item_ORRY6TGVWHZ4TAFUMU6PSARQQOFOTCOO,,,,TECHNOSEUM Landesmuseum für Technik und Arbeit in Mannheim,
/249/item_PD6MDMAZ45HLSKQDSBNZO3X23LRLDYXX,,,,TECHNOSEUM Landesmuseum für Technik und Arbeit in Mannheim,
/249/item_PXLI6DV7W475URLZXKMFPJZITK5V4HU5,,,,TECHNOSEUM Landesmuseum für Technik und Arbeit in Mannheim,
/249/item_QMYUQIKKSTKB255ZEP3VM6IFR5SVJWCL,,,,TECHNOSEUM Landesmuseum für Technik und Arbeit in Mannheim,
/249/item_QV53JRSL6ZGSW2UGDUOAAQMT7SINKHUN,,,,TECHNOSEUM Landesmuseum für Technik und Arbeit in Mannheim,
/249/item_RY7F5FVDG5ZP25N7USJP2NTCDW4ED6BF,,,,TECHNOSEUM Landesmuseum für Technik und Arbeit in Mannheim,
/249/item_SHE3NVCUIPDR6HOMOHFMPEQI7DUSYWRU,,,,TECHNOSEUM Landesmuseum für Technik und Arbeit in Mannheim,
/249/item_SJEIG5SGXKJBSX7SNHVKWR33E5GKWKCG,,,,TECHNOSEUM Landesmuseum für Technik und Arbeit in Mannheim,
/249/item_SLLXRBWU3OXNKH26GMBFH3OFZUJ5RN4J,,,,TECHNOSEUM Landesmuseum für Technik und Arbeit in Mannheim,
/249/item_TCPL6AT5AAN2BRQRB5535TXONUIKIM6V,,,,TECHNOSEUM Landesmuseum für Technik und Arbeit in Mannheim,
/249/item_TDMO7ZVLAEULSEZ3SZCLXOYYN6XDTAZ7,,,,TECHNOSEUM Landesmuseum für Technik und Arbeit in Mannheim,
/249/item_TJFH4XTTPSRDSLK3UUVH2X2BLKS6RWLW,,,,TECHNOSEUM Landesmuseum für Technik und Arbeit in Mannheim,
/249/item_TKSFRKDVKMH6BUV444VXJ3YB4TJ4MUTW,,,,TECHNOSEUM Landesmuseum für Technik und Arbeit in Mannheim,
/249/item_TLM3XJHGD4GJTY5NHWFQ22XDY46RC24G,,,,TECHNOSEUM Landesmuseum für Technik und Arbeit in Mannheim,
/249/item_TXJAZPC7L56JBCFKRY6SFGANOAGKL4EL,,,,TECHNOSEUM Landesmuseum für Technik und Arbeit in Mannheim,
/249/item_UBZE4P5BJPDTAJRMDSZGKGH4RY5EF4YH,,,,TECHNOSEUM Landesmuseum für Technik und Arbeit in Mannheim,
/249/item_UIDL5K5WBZECLSARXSFLUHZD5S7DPSBT,,,,TECHNOSEUM Landesmuseum für Technik und Arbeit in Mannheim,
/249/item_UMG6NFVZF3EB3RFQG6BWUXFTNB3M3HH3,,,,TECHNOSEUM Landesmuseum für Technik und Arbeit in Mannheim,
/249/item_UNGCUSJZ6XJQU2ZW3SJBTI4AB7ESHEVO,,,,TECHNOSEUM Landesmuseum für Technik und Arbeit in Mannheim,
/249/item_VANELOSSQ5NEVXK2Z7YIXJQIDIZTOXVU,,,,TECHNOSEUM Landesmuseum für Technik und Arbeit in Mannheim,
/249/item_VJPF3RJ5SEE5CSLV7K3FEG77H3SN6UJN,,,,TECHNOSEUM Landesmuseum für Technik und Arbeit in Mannheim,
/249/item_VLV4HO5WZPX4SYUISFJUQ7OTT54ERPKC,,,,TECHNOSEUM Landesmuseum für Technik und Arbeit in Mannheim,
/249/item_VMFP2HLBRSREFHAXVKNAVIFMPAN4BLAS,,,,TECHNOSEUM Landesmuseum für Technik und Arbeit in Mannheim,
/249/item_WMCJP2MZ7RACLZKK2YE3DCZAREACGQZR,,,,TECHNOSEUM Landesmuseum für Technik und Arbeit in Mannheim,
/249/item_WPFQDBOIDQIEEKBTENTDVSELGSISY2L5,,,,TECHNOSEUM Landesmuseum für Technik und Arbeit in Mannheim,
/249/item_WRWL3AX6YCU56RPVDFLJVKBWTVPD33HN,,,,TECHNOSEUM Landesmuseum für Technik und Arbeit in Mannheim,
/249/item_X6AGURFWJHMPDCFNMXB7G5MVT6MGS4L5,,,,TECHNOSEUM Landesmuseum für Technik und Arbeit in Mannheim,
/249/item_XBMELWJM3BTNWVNJRHDJ5IL56WSDQVYK,,,,TECHNOSEUM Landesmuseum für Technik und Arbeit in Mannheim,
/249/item_XFBKLS7THL2I32MX7L6YARUPPSV6REY6,,,,TECHNOSEUM Landesmuseum für Technik und Arbeit in Mannheim,
/249/item_XK5BH6H2LPG4D4TEOF3DXSTK3CZ57IMW,,,,TECHNOSEUM Landesmuseum für Technik und Arbeit in Mannheim,
/249/item_XLX7U4LQROLXFL4ADFDWP5IUCWRWOCOG,,,,TECHNOSEUM Landesmuseum für Technik und Arbeit in Mannheim,
/249/item_XRCULYS5CP4NKLJEEWLX3ESJCT4WEB5C,,,,TECHNOSEUM Landesmuseum für Technik und Arbeit in Mannheim,
/249/item_XWFCTWORDIXWEYAK44NKDFFHEOUS2JYN,,,,TECHNOSEUM Landesmuseum für Technik und Arbeit in Mannheim,
/249/item_YCX6XC7Z53HKKFDCLRQUGPEL577ZMVJU,,,,TECHNOSEUM Landesmuseum für Technik und Arbeit in Mannheim,
/249/item_YL77BYTGYCCLHOWU3UK26GG2SQEV453R,,,,TECHNOSEUM Landesmuseum für Technik und Arbeit in Mannheim,
/249/item_ZTHBCJYPHTW5GG6OAXBMX5YLI2DBO5WB,,,,TECHNOSEUM Landesmuseum für Technik und Arbeit in Mannheim,
/249/item_ZU2E5T2K43WF2JS5UTEUTTKISMLUMEKJ,,,,TECHNOSEUM Landesmuseum für Technik und Arbeit in Mannheim,
/08547/Museu_ProvidedCHO_Stadtgeschichtliches_Museum_Leipzig_ME000070,,Henkelhöhe: 16 cm,,Stadtgeschichtliches Museum Leipzig,
/08547/Museu_ProvidedCHO_Stadtgeschichtliches_Museum_Leipzig_ME003837,cast; gegossen,Height: 4 cm (pot); Höhe: 4 cm (Kanne),,Stadtgeschichtliches Museum Leipzig,
/08547/Museu_ProvidedCHO_Stadtgeschichtliches_Museum_Leipzig_ME004086,gebrannt; gepresst; glasiert; bemalt; geformt; painted; pressed; glazed; shaped; burnt,"Höhe: 1,5 cm (Kanne)",,Stadtgeschichtliches Museum Leipzig,
/08547/Museu_ProvidedCHO_Stadtgeschichtliches_Museum_Leipzig_ME005794,,Height: 26 cm; Höhe: 26 cm,,Stadtgeschichtliches Museum Leipzig,
/08547/Museu_ProvidedCHO_Stadtgeschichtliches_Museum_Leipzig_ME007234,,"Höhe: 21,5 cm (mit Deckel)",,Stadtgeschichtliches Museum Leipzig,
/08547/Museu_ProvidedCHO_Stadtgeschichtliches_Museum_Leipzig_PO000148,,Höhe: 16 cm (Kanne),,Stadtgeschichtliches Museum Leipzig,
/08547/Museu_ProvidedCHO_Stadtgeschichtliches_Museum_Leipzig_PO000475,,Höhe: ca. 23 cm,,Stadtgeschichtliches Museum Leipzig,
/08547/Museu_ProvidedCHO_Stadtgeschichtliches_Museum_Leipzig_PO000476,,"Height: 18.5 cm; Höhe: 18,5 cm",,Stadtgeschichtliches Museum Leipzig,
/08547/Museu_ProvidedCHO_Stadtgeschichtliches_Museum_Leipzig_PO000505,,"Height: 12.2 cm; Höhe: 12,2 cm",,Stadtgeschichtliches Museum Leipzig,
/08547/Museu_ProvidedCHO_Stadtgeschichtliches_Museum_Leipzig_PO000528,,"Höhe: 9,1 cm (gesamt mit Deckel)",,Stadtgeschichtliches Museum Leipzig,
/08547/Museu_ProvidedCHO_Stadtgeschichtliches_Museum_Leipzig_PO000529,,"Height: 11.1 cm; Höhe: 11,1 cm",,Stadtgeschichtliches Museum Leipzig,
/08547/Museu_ProvidedCHO_Stadtgeschichtliches_Museum_Leipzig_PO000640,,Height: 23 cm; Höhe: 23 cm,,Stadtgeschichtliches Museum Leipzig,
/08547/Museu_ProvidedCHO_Stadtgeschichtliches_Museum_Leipzig_Z0001245,,Height: 22 cm; Höhe: 22 cm,,Stadtgeschichtliches Museum Leipzig,
/08547/Museu_ProvidedCHO_Stadtgeschichtliches_Museum_Leipzig_Z0007782,cast; gegossen,"Diameter: 10.5 cm (cardboard); Durchmesser: 10,5 cm (Karton)",,Stadtgeschichtliches Museum Leipzig,
/08547/Museu_ProvidedCHO_Stadtgeschichtliches_Museum_Leipzig_Z0013623,,"Diameter: 13.3 cm; Durchmesser: 13,3 cm",,Stadtgeschichtliches Museum Leipzig,
/08602/D56_73,,,,"Istituto Luce - Cinecittà, All rights reserved",
/650/item_73C365YH5LZVI2BPCGGF2IGOBYKM4V7E,,"H: 11 cm x D unten 5,8 cm",,Ofen- und Keramikmuseum Velten,
/463/item_O2HLIFH6DM6RR44TA4RGOLQXK2SDKQEA,Original negative (technique); glass (material); Originalnegativ (Technik); Glas (Material),,,,
/463/item_SBT36UYXK76RBKZMTXLYT34MFI2K3IXC,Kunststoff (Material); Originalnegativ (Technik); Original negative (technique); Plastic (material),,,,
/463/item_VQYFVLACEV4XLQEWM2TOGXAN5QTCYBOY,Kunststoff (Material); Originalnegativ (Technik); Original negative (technique); Plastic (material),,,,
/440/item_RZMZHQBDCZII26BXFB4XGZSYVOP5YXHZ,Kunststoff (Material); Plastic (material),,,,
/437/item_G7ZSID7MHDPMWHLLG7HHWLUUTBO6HC2K,Kunststoff (Zellulosenitrat) (Material); Plastic (cellulose nitrate) (material),,,,
/437/item_GMODG7BTHT2YV5G5275KVPTJ7GMEJ4AF,Kunststoff (Material); Plastic (material),,,,
/437/item_JPW7Q3K3L6XO6SCCJXL72W2KJS64VOXB,Kunststoff (Material); Originalnegativ (Technik); Original negative (technique); Plastic (material),,,,
/437/item_NP6DTDAMH4FUMLFCCPXBBAQPXBAQ63XA,Kunststoff (Zellulosenitrat) (Material); Plastic (cellulose nitrate) (material),,,,
/188/item_CEKYOHFJ3TJVS2S247P7UW2X2WPHWLBY,Kunststoff (Material); Originalnegativ (Technik); Original negative (technique); Plastic (material),,,,
/2064114/Museu_ProvidedCHO_Digitales_Kunst__und_Kulturarchiv_D_sseldorf_208296,Material/Technik: Porzellan,"Maße: (H x B x T)(mit Deckel): 13,5 x 12,5 x 6,3 cm
(H x B x T)(ohne Deckel): 11,6 x 12,5 x 6,3 cm
(H x D)(Deckel): 3,2 x 3,3 cm",,,
/2064114/Museu_ProvidedCHO_Digitales_Kunst__und_Kulturarchiv_D_sseldorf_322268,"Material/Technik: Porzellan, bemalt","Maße: Höhe: 12,5 cm",,,
/2064114/Museu_ProvidedCHO_Digitales_Kunst__und_Kulturarchiv_D_sseldorf_322270,"Material/Technik: Porzellan, bemalt","Maße: Höhe: 12,4 cm",,,
/2064114/Museu_ProvidedCHO_Digitales_Kunst__und_Kulturarchiv_D_sseldorf_322282,"Material/Technik: Porzellan, bemalt","Maße: Höhe ohne Deckel: 20 cm
Höhe mit Deckel: 25 cm
Höhe Deckel: 6 cm",,,
/2064114/Museu_ProvidedCHO_Digitales_Kunst__und_Kulturarchiv_D_sseldorf_322284,"Material/Technik: Porzellan, bemalt","Maße: Höhe ohne Deckel: 18,5 cm
Höhe mit Deckel: 21 cm
Höhe Deckel: 3,5 cm",,,
/2064114/Museu_ProvidedCHO_Digitales_Kunst__und_Kulturarchiv_D_sseldorf_322286,"Material/Technik: Porzellan, bemalt","Maße: Höhe ohne Deckel: 26,5 cm
Höhe mit Deckel: 22 cm",,,
/2064114/Museu_ProvidedCHO_Digitales_Kunst__und_Kulturarchiv_D_sseldorf_322298,"Material/Technik: Porzellan, unbemalt","Maße: Höhe mit Deckel: 8 cm
Höhe ohne Deckel: 6 cm
Höhe Deckel: 2,5 cm",,,
/211/item_PL4XKU4GDYYZ636H25RXY5Z46ED3OAOI,Light break (technique); Paper (material); Papier (Material); Lichtpause (Technik),"Höhe x Breite: 16,5 x 16,7 cm",,Es gelten die Nutzungsbedingungen des Architekturmuseums der Technischen Universität München.; The conditions of use of the Museum of Architecture at the Technical University of Munich apply.; Es gelten die Nutzungsbedingungen des Architekturmuseums der Technischen Universität München.,
/211/item_SY2532NUPU66HZTS4XBTUR2ML2NHDESF,Light break (technique); Paper (material); Papier (Material); Lichtpause (Technik),"Höhe x Breite: 14,8 x 15 cm",,Es gelten die Nutzungsbedingungen des Architekturmuseums der Technischen Universität München.; The conditions of use of the Museum of Architecture at the Technical University of Munich apply.; Es gelten die Nutzungsbedingungen des Architekturmuseums der Technischen Universität München.,
/2048442/item_2AIXFY2VO6YZJDUYLR2VRTXM25KRFLEZ,"Pappe, Papier,
                                Metall (Material/Technik); paperboard, paper,
                                metal (material/technique)","Blattmass: 23,4 x 23,4
                            cm",,"Werkbundarchiv - Museum der Dinge,
                                Berlin",
/2048442/item_2FY5W4IZU7JCHYM6SCAABUEYUNTFXCJ7,"Porcelain, paper (material/technique); Porzellan, Papier (Material/Technik)","Objektmass: 15 x 22
                            cm; Durchmesser: oben 7,2
                            cm",,"Werkbundarchiv - Museum der Dinge,
                                Berlin",
/2048442/item_2YZGAD54ODHX6ZQSCQQYBCWDJJNQMA35,Porcelain (material/technique); Porzellan (Material/Technik),,,"Werkbundarchiv - Museum der Dinge, Berlin; Werkbundarchiv - Museum der Dinge, Berlin; Werkbund Archive - Museum of Things, Berlin",
/2048442/item_2ZR57Z2INQRZ4NLB5Z6QT6TCPZ5VQ55B,Porcelain (material/technique); Porzellan (Material/Technik),"Objektmass: 14 x 22,5 x 15 cm",,"Werkbundarchiv - Museum der Dinge, Berlin; Werkbundarchiv - Museum der Dinge, Berlin; Werkbund Archive - Museum of Things, Berlin",
/2048442/item_3VYITGO4L5XLEZYU3DCY2GU6VPL4X5KQ,"Porcelain, paper (material/technique); Porzellan, Papier (Material/Technik)","Objektmass: 21 x 21
                            cm; Durchmesser: unten 7,3
                            cm",,"Werkbundarchiv - Museum der Dinge,
                                Berlin",
/2048442/item_4KSOWKXS3EIHPP4MR67NC2SUCDW34KRM,Porcelain (material/technique); Porzellan (Material/Technik),"Objektmass: 19,5 x 22 x 11,5 cm",,"Werkbundarchiv - Museum der Dinge, Berlin; Werkbundarchiv - Museum der Dinge, Berlin; Werkbund Archive - Museum of Things, Berlin",
/2048442/item_4SRLBO2Z54PZ2PMLL2UUBD3MG7HCS6FS,"Kunststoff, Valon (Material/Technik); Plastic, valon (material/technique)","Objektmass: 16,5 x 14,5 x 8,5
                            cm",,"Werkbundarchiv - Museum der Dinge,
                                Berlin",
/2048442/item_5B34NE3MG5EB3UZOCKOAPA6P53X6VUSY,Porcelain (material/technique); Porzellan (Material/Technik),"Objektmaß: 18 x 18,5 x 10 cm",,"Werkbundarchiv - Museum der Dinge, Berlin; Werkbundarchiv - Museum der Dinge, Berlin; Werkbund Archive - Museum of Things, Berlin",
/2048442/item_5QH3SXIU5RBDF5KWIKKEGTP36QRUPKN6,Porcelain (material/technique); Porzellan (Material/Technik),"Objektmass: 13,5 x 21,5 x 14 cm",,"Werkbundarchiv - Museum der Dinge, Berlin; Werkbundarchiv - Museum der Dinge, Berlin; Werkbund Archive - Museum of Things, Berlin",
/2048442/item_6NWMEGK4VT4APFIN66AZZXZDV2XMAO42,Keramik (Material/Technik),Objektmass: ca. 18 x 25 x 15 cm,,"Werkbundarchiv - Museum der Dinge, Berlin; Werkbundarchiv - Museum der Dinge, Berlin; Werkbund Archive - Museum of Things, Berlin",
/2048442/item_6SJ4SCXN3TQOTZBBUHJVCTKA6W4HXKIB,"Pappe, Papier,
                                Metall (Material/Technik); paperboard, paper,
                                metal (material/technique)","Blattmass: 23,4 x 23,4
                            cm",,"Werkbundarchiv - Museum der Dinge,
                                Berlin",
/2048442/item_6X2KSSARZEHNMS2HVNX4CSHSZRGQTD7X,Porcelain (material/technique); Porzellan (Material/Technik),"Objektmaß: 20,5 x 21 x 11,5 cm",,"Werkbundarchiv - Museum der Dinge, Berlin; Werkbundarchiv - Museum der Dinge, Berlin; Werkbund Archive - Museum of Things, Berlin",
/2048442/item_7QHMF4KHDDDED62P7JMJFUJFKCR4C7ED,Porcelain (material/technique); Porzellan (Material/Technik),"Objektmaß: 9 x 8,4 x 8,4 cm",,"Werkbundarchiv - Museum der Dinge, Berlin; Werkbundarchiv - Museum der Dinge, Berlin; Werkbund Archive - Museum of Things, Berlin",
/2048442/item_7YTTEGITUVW3AVXSQXPR433ZLK4JVKDE,Porcelain (material/technique); Porzellan (Material/Technik),"Objektmaß: ohne Deckel 18,5 x 22,2 x 12 cm",,"Werkbundarchiv - Museum der Dinge, Berlin; Werkbundarchiv - Museum der Dinge, Berlin; Werkbund Archive - Museum of Things, Berlin",
/2048442/item_AGD4UJB6NSWDKAAL3OP26FELZYUFO4UU,"Pappe, Papier,
                                Metall (Material/Technik); paperboard, paper,
                                metal (material/technique)","Blattmass: 23,4 x 23,4
                            cm",,"Werkbundarchiv - Museum der Dinge,
                                Berlin",
/2048442/item_AJR3DY76ZCYGGAOIU4FIRUGTL3YSDCAH,Porcelain (material/technique); Porzellan (Material/Technik),"Objektmass: 20,8 x 25,3 x 12,5 cm",,"Werkbundarchiv - Museum der Dinge, Berlin; Werkbundarchiv - Museum der Dinge, Berlin; Werkbund Archive - Museum of Things, Berlin",
/2048442/item_AUMFWSTYD3C2UPCCUPF3DIVC3O47JIS7,Porcelain (material/technique); Porzellan (Material/Technik),"Objektmass: 13,5 x 19,5 x 12,5 cm",,"Werkbundarchiv - Museum der Dinge, Berlin; Werkbundarchiv - Museum der Dinge, Berlin; Werkbund Archive - Museum of Things, Berlin",
/2048442/item_BNFUDF4ABSCQJI4S2R5M6KVI56KZN5GM,"Porcelain, paper (material/technique); Porzellan, Papier (Material/Technik)","Objektmass: 21,4 x 23
                            cm; Durchmesser: oben 7,4
                            cm",,"Werkbundarchiv - Museum der Dinge,
                                Berlin",
/2048442/item_C2TLLLJB6K5DG2SADEQHI4434CRWHLSF,Porcelain (material/technique); Porzellan (Material/Technik),Objektmass: 18 x 22 x 12 cm,,"Werkbundarchiv - Museum der Dinge, Berlin; Werkbundarchiv - Museum der Dinge, Berlin; Werkbund Archive - Museum of Things, Berlin",
/2048442/item_COEAI6CIT37YE72QPRGAFTPIENUI5PY6,"Pappe, Papier (Material/Technik)","Blattmass: 24,5 x 30
                            cm",,"Werkbundarchiv - Museum der Dinge,
                                Berlin",
/2048442/item_CZB5WW27DTZOMKKTXQXD2OGZQLEBLBUA,Porcelain (material/technique); Porzellan (Material/Technik),"Objektmaß: 24,5 x 21 x 10 cm",,"Werkbundarchiv - Museum der Dinge, Berlin; Werkbundarchiv - Museum der Dinge, Berlin; Werkbund Archive - Museum of Things, Berlin",
/2048442/item_DSOYDIEQE6UHCQOXB75BTHELLPMJX7EM,Porcelain (material/technique); Porzellan (Material/Technik),Objektmaß: 24 x 22 x 10 cm,,"Werkbundarchiv - Museum der Dinge, Berlin; Werkbundarchiv - Museum der Dinge, Berlin; Werkbund Archive - Museum of Things, Berlin",
/2048442/item_DTQ3CQIOY452T4FU5L7NQWITBWTQIZU3,Porcelain (material/technique); Porzellan (Material/Technik),"Objektmaß: 12 cm; Durchmesser: 6,5 cm",,"Werkbundarchiv - Museum der Dinge, Berlin; Werkbundarchiv - Museum der Dinge, Berlin; Werkbund Archive - Museum of Things, Berlin",
/2048442/item_FHVCBOJQESPRGCLJMYPNPZPUMHSNQVBT,Porcelain (material/technique); Porzellan (Material/Technik),"Objektmass: 12,5 x 20 x 11,8 cm",,"Werkbundarchiv - Museum der Dinge, Berlin; Werkbundarchiv - Museum der Dinge, Berlin; Werkbund Archive - Museum of Things, Berlin",
/2048442/item_FQBTNIOVC4H5ZQPRMFHDPUT4VGLKZZHQ,Glas (Material/Technik); Glass (material/technique),"Objektmass: 14,2 x 27,7 x 18 cm",,"Werkbundarchiv - Museum der Dinge, Berlin; Werkbundarchiv - Museum der Dinge, Berlin; Werkbund Archive - Museum of Things, Berlin",
/2048442/item_G3M6ECEGPQJQSMPAZMMN2M55GV5KD6BV,Porcelain (material/technique); Porzellan (Material/Technik),"Objektmass: 15 x 24 x 13,5 cm",,"Werkbundarchiv - Museum der Dinge, Berlin; Werkbundarchiv - Museum der Dinge, Berlin; Werkbund Archive - Museum of Things, Berlin",
/2048442/item_GWUMJTMML3PTYA4JQRIVXY6QCWO4MUAH,Porcelain (material/technique); Porzellan (Material/Technik),"Objektmaß: 23,5 x 22 x 11 cm",,"Werkbundarchiv - Museum der Dinge, Berlin; Werkbundarchiv - Museum der Dinge, Berlin; Werkbund Archive - Museum of Things, Berlin",
/2048442/item_HHLYWCRSYK5L3USKMLJ7RAR5BKQD6M4X,Porcelain (material/technique); Porzellan (Material/Technik),"Objektmass: 17 x 20,5 x 14 cm",,"Werkbundarchiv - Museum der Dinge, Berlin; Werkbundarchiv - Museum der Dinge, Berlin; Werkbund Archive - Museum of Things, Berlin",
/2048442/item_JYF6WPEK77VVHLKAPWWYRMQTHEJKFCX2,Porcelain (material/technique); Porzellan (Material/Technik),,,"Werkbundarchiv - Museum der Dinge, Berlin; Werkbundarchiv - Museum der Dinge, Berlin; Werkbund Archive - Museum of Things, Berlin",
/2048442/item_L4E35WX3PL2YZSU5AKEOE6VG4VAJXYSA,"Pappe, Papier (Material/Technik)","Blattmass: 24,5 x 30
                            cm",,"Werkbundarchiv - Museum der Dinge,
                                Berlin",
/2048442/item_L7NLDXXH5UUAVALBXAD55XLQISSQZXRR,Porcelain (material/technique); Porzellan (Material/Technik),"Objektmaß: 19 x 15,5 x 7,5 cm",,"Werkbundarchiv - Museum der Dinge, Berlin; Werkbundarchiv - Museum der Dinge, Berlin; Werkbund Archive - Museum of Things, Berlin",
/2048442/item_LVSAQNQFNWG3RZNHUWRXKPVCN5YUBB7U,Porcelain (material/technique); Porzellan (Material/Technik),"Objektmaß: 6,8 x 10,9 x 7,5 cm",,"Werkbundarchiv - Museum der Dinge, Berlin; Werkbundarchiv - Museum der Dinge, Berlin; Werkbund Archive - Museum of Things, Berlin",
/2048442/item_MD3SRWVHSA5DZTTGENPDNDXMB5CAQH2C,Porcelain (material/technique); Porzellan (Material/Technik),"Objektmaß: 10,5 x 17 x 9,5 cm",,"Werkbundarchiv - Museum der Dinge, Berlin; Werkbundarchiv - Museum der Dinge, Berlin; Werkbund Archive - Museum of Things, Berlin",
/2048442/item_MOUJY7OVWW7WB4GU2IJMD6I3VWC4VHYS,"Porcelain, metal, felt (material/technique); Porzellan, Metall, Filz (Material/Technik)",,,"Werkbundarchiv - Museum der Dinge, Berlin; Werkbundarchiv - Museum der Dinge, Berlin; Werkbund Archive - Museum of Things, Berlin",
/2048442/item_MVRT6YQL6N6IOHQQN35JOVS4BX7PMAWW,"Glas, Papier (Material/Technik); glass, paper (material/technique)","Durchmesser: oben 7,1
                            cm; Objektmass: 13,5 x 12
                            cm",,"Werkbundarchiv - Museum der Dinge,
                                Berlin",
/2048442/item_NY5OXMRVM2C3OAYLKDD3CNRKF2KB5LDH,"Porcelain, paper (material/technique); Porzellan, Papier (Material/Technik)","Durchmesser: unten 7,2
                            cm; Objektmass: 17 x 17,5
                            cm",,"Werkbundarchiv - Museum der Dinge,
                                Berlin",
/2048442/item_O5EJEE5MPSBHX6EYYOEA5CDUZJEVEVQV,"Pappe, Papier (Material/Technik)","Blattmass: 30 x 24,5
                            cm",,"Werkbundarchiv - Museum der Dinge,
                                Berlin",
/2048442/item_PDY5MCRUHMUXSDSMITI5FBTUFJJH65QR,"Porcelain, paper (material/technique); Porzellan, Papier (Material/Technik)","Objektmass: 13,9 x 23,5
                            cm; Durchmesser: unten 6,5
                            cm",,"Werkbundarchiv - Museum der Dinge,
                                Berlin",
/2048442/item_PJYSRBS4GUEGYKCTB6JNSB6AKOFV4BPA,Porcelain (material/technique); Porzellan (Material/Technik),,,"Werkbundarchiv - Museum der Dinge, Berlin; Werkbundarchiv - Museum der Dinge, Berlin; Werkbund Archive - Museum of Things, Berlin",
/2048442/item_QGC5YUI66K4BLPVHDGBGC7QEIAEU4D2Y,"Metall, Keramik, Kunststoff, Filz (Material/Technik)",,,"Werkbundarchiv - Museum der Dinge, Berlin; Werkbundarchiv - Museum der Dinge, Berlin; Werkbund Archive - Museum of Things, Berlin",
/2048442/item_QIDPFGOTABYMSBM2PHFAL5OQ35DTFUZ6,"Porcelain, paper (material/technique); Porzellan, Papier (Material/Technik)","Objektmass: 21 x 21 x 13,7
                            cm",,"Werkbundarchiv - Museum der Dinge,
                                Berlin",
/2048442/item_QL5OEOTL3X6IKV4E3SECZHFOBCKRRCXJ,"Porcelain, paper (material/technique); Porzellan, Papier (Material/Technik)","Objektmass: 23,5 x 20,5 x 9,2
                            cm",,"Werkbundarchiv - Museum der Dinge,
                                Berlin",
/2048442/item_QMXQPPQMGN5PXG5RU6ME477XDSTBPJSO,Keramik (Material/Technik),"Objektmass: 11,7 x 13 x 7 cm",,"Werkbundarchiv - Museum der Dinge, Berlin; Werkbundarchiv - Museum der Dinge, Berlin; Werkbund Archive - Museum of Things, Berlin",
/2048442/item_RGRSAE3OTOVJY4NGRTDYCOJZCE2GFXRT,Porcelain (material/technique); Porzellan (Material/Technik),"Objektmass: 14,5 x 17,2 x 9,5 cm",,"Werkbundarchiv - Museum der Dinge, Berlin; Werkbundarchiv - Museum der Dinge, Berlin; Werkbund Archive - Museum of Things, Berlin",
/2048442/item_S3QJB5UQ3YGS7DGMKABZHVKQ7F2FQBMH,Porcelain (material/technique); Porzellan (Material/Technik),"Objektmaß: 16,5 x 22,2 x 11,5 cm",,"Werkbundarchiv - Museum der Dinge, Berlin; Werkbundarchiv - Museum der Dinge, Berlin; Werkbund Archive - Museum of Things, Berlin",
/2048442/item_SCC3DVSMDMHX2DIBPD3JJSZZTNPDVG25,"Pappe, Papier,
                                Metall (Material/Technik); paperboard, paper,
                                metal (material/technique)","Blattmass: 23,4 x 23,4
                            cm",,"Werkbundarchiv - Museum der Dinge,
                                Berlin",
/2048442/item_TD2B5LYOYKZ4TMPVHSSFCHAMY6H4IDH2,Keramik (Material/Technik),"Objektmass: 14,5 x 16,5 x 9,2 cm",,"Werkbundarchiv - Museum der Dinge, Berlin; Werkbundarchiv - Museum der Dinge, Berlin; Werkbund Archive - Museum of Things, Berlin",
/2048442/item_UUU6UI2VFBLG22GDTOAY74M5ZP7GD5IO,Metall (Material/Technik); metal (material/technique),"Objektmass: 21 x 11,5 x 11,5 cm",,"Werkbundarchiv - Museum der Dinge, Berlin; Werkbundarchiv - Museum der Dinge, Berlin; Werkbund Archive - Museum of Things, Berlin",
/2048442/item_UYCDQX2WP4QQEWM2GOH2CXU3TBECG37X,Porcelain (material/technique); Porzellan (Material/Technik),"Objektmass: 11,5 x 17,8 x 11 cm",,"Werkbundarchiv - Museum der Dinge, Berlin; Werkbundarchiv - Museum der Dinge, Berlin; Werkbund Archive - Museum of Things, Berlin",
/2048442/item_V2GWYVYPPRPKOXQFPVFXHZBRZFSOLWGN,Glas (Material/Technik); Glass (material/technique),Objektmass: 11 x 21 x 13 cm,,"Werkbundarchiv - Museum der Dinge, Berlin; Werkbundarchiv - Museum der Dinge, Berlin; Werkbund Archive - Museum of Things, Berlin",
/2048442/item_VFYQ4BDUNHODB5U6IO357Q6DYHFYZ73M,"Pappe, Papier (Material/Technik)","Blattmass: 30 x 24,5
                            cm",,"Werkbundarchiv - Museum der Dinge,
                                Berlin",
/2048442/item_VGKKS4SZQVZ43QINCUXUBMNIRH35EPYS,"Kunststoff, Valon,
                                Papier (Material/Technik); Plastic, Valon,
                                Paper (material/technique)","Objektmass: 16,5 x 14,5 x 8,5
                            cm",,"Werkbundarchiv - Museum der Dinge,
                                Berlin",
/2048442/item_WBT6ANYK54QLA4C3F2RJ76WZH4PO5C53,Porcelain (material/technique); Porzellan (Material/Technik),"Objektmaß: 14 x 23 x 14,5 cm",,"Werkbundarchiv - Museum der Dinge, Berlin; Werkbundarchiv - Museum der Dinge, Berlin; Werkbund Archive - Museum of Things, Berlin",
/2048442/item_X32XVY6W3QLM4AF4FIB6MBA5YWXPLZJM,"Porcelain, paper (material/technique); Porzellan, Papier (Material/Technik)","Objektmass: 14 x 17,5 x 9,5
                            cm",,"Werkbundarchiv - Museum der Dinge,
                                Berlin",
/2048442/item_YAITZ4JOYEYOFYB7SPMWVG6ECSRUFZJG,Porcelain (material/technique); Porzellan (Material/Technik),"Objektmaß: 16 x 25 x 11,5 cm",,"Werkbundarchiv - Museum der Dinge, Berlin; Werkbundarchiv - Museum der Dinge, Berlin; Werkbund Archive - Museum of Things, Berlin",
/2048442/item_YYT7AYXJJDD6KI3CZDXW3QLHDAOMPEZD,"Pappe, Papier (Material/Technik)","Blattmass: 24,5 x 30
                            cm",,"Werkbundarchiv - Museum der Dinge,
                                Berlin",
/2048442/item_YZ5PD462RHLZKD2UOVRWDNMTETGWB7QL,Porcelain (material/technique); Porzellan (Material/Technik),Objektmass: 9 x 24 x 15 cm,,"Werkbundarchiv - Museum der Dinge, Berlin; Werkbundarchiv - Museum der Dinge, Berlin; Werkbund Archive - Museum of Things, Berlin",
/2048442/item_ZO6KKFOMSDJGHYUY6WJNC4YYXKZG7FSN,Porcelain (material/technique); Porzellan (Material/Technik),Durchmesser: 10 cm; Objektmass: 15 cm,,"Werkbundarchiv - Museum der Dinge, Berlin; Werkbundarchiv - Museum der Dinge, Berlin; Werkbund Archive - Museum of Things, Berlin",
/2048442/item_ZQYHJPLH4HYGAENGQARUHMOINGVF3PCD,"Pappe, Papier,
                                Metall (Material/Technik); paperboard, paper,
                                metal (material/technique)","Blattmass: 23,4 x 23,4
                            cm",,"Werkbundarchiv - Museum der Dinge,
                                Berlin",
/2048442/item_ZUL2PQ2MGLQKZOEOSE3EQKYYVRDWMUYK,Keramik (Material/Technik),,,"Werkbundarchiv - Museum der Dinge, Berlin; Werkbundarchiv - Museum der Dinge, Berlin; Werkbund Archive - Museum of Things, Berlin",
/9200518/ark__12148_btv1b105005987,"1 estampe : gypsographie, sur papier Japon ; 10,7 x 11 cm (élt d'impr.) ; 20 x 13,1 cm (la feuille); 1 stamp: gypsography, on Japan paper; 10.7 x 11 cm (impr elt.); 20 x 13.1 cm (leaf); Total number of views: 1; Nombre total de vues : 1; 1 estampe : gypsographie, sur papier Japon ; 10,7 x 11 cm (élt d'impr.) ; 20 x 13,1 cm (la feuille); Nombre total de vues : 1",,[s.n.] [s.n.]; [s.n.][s.n.]; [s.n.][s.n.],http://gallica.bnf.fr/html/conditions-dutilisation-des-contenus-de-gallica,"Bibliothèque nationale de France, département Estampes et photographie, PET FOL-EF-441 (A,4)"
/9200518/ark__12148_btv1b105082908,"Nombre total de vues : 1; 1 est. : gravure sur bois en coul. avec poudre d'or ; 22,4 x 17,3 cm (im.); Total number of views: 1; Nombre total de vues : 1; 1 est. : gravure sur bois en coul. avec poudre d'or ; 22,4 x 17,3 cm (im.)",,,http://gallica.bnf.fr/html/conditions-dutilisation-des-contenus-de-gallica,"Bibliothèque nationale de France, département Estampes et photographie, FOL-EF-449"
/9200518/ark__12148_btv1b530993041,"1 photogr. pos. direct: autochrome, elbow. ; 13 x 18 cm; 1 photogr. pos. directe : autochrome, coul. ; 13 x 18 cm; Total number of views: 1; Nombre total de vues : 1; 1 photogr. pos. directe : autochrome, coul. ; 13 x 18 cm; Nombre total de vues : 1",,,http://gallica.bnf.fr/html/conditions-dutilisation-des-contenus-de-gallica,"Bibliothèque nationale de France, RESERVE EH9-1 (295)"
/2064109/Museu_ProvidedCHO_Spielzeugmuseum_der_Stadt_N_rnberg__Museum_Lydia_Bayer__9647__Datensatz_,geformt & gebrannt & bemalt & glasiert,"Bemaßung:2,7 (Zuckerdose) cm (Höhe)",,Spielzeugmuseum der Stadt Nürnberg (Museum Lydia Bayer); Toy museum of the city of Nuremberg (Museum Lydia Bayer); Spielzeugmuseum der Stadt Nürnberg (Museum Lydia Bayer),
/2064109/Museu_ProvidedCHO_Spielzeugmuseum_der_Stadt_N_rnberg__Museum_Lydia_Bayer__9646__Datensatz_,geformt & gebrannt & bemalt & glasiert,"Bemaßung:2,3 (Kaffeekanne) cm (Höhe); Dimension: 2.3 (coffee pot) cm (height); Bemaßung:2,3 (Kaffeekanne) cm (Höhe)",,Spielzeugmuseum der Stadt Nürnberg (Museum Lydia Bayer); Toy museum of the city of Nuremberg (Museum Lydia Bayer); Spielzeugmuseum der Stadt Nürnberg (Museum Lydia Bayer),
/2064109/Museu_ProvidedCHO_Spielzeugmuseum_der_Stadt_N_rnberg__Museum_Lydia_Bayer__9645__Datensatz_,geformt & gebrannt & bemalt & glasiert,"Bemaßung:16,5 (Kaffeekanne) cm (Höhe)",,Spielzeugmuseum der Stadt Nürnberg (Museum Lydia Bayer); Toy museum of the city of Nuremberg (Museum Lydia Bayer); Spielzeugmuseum der Stadt Nürnberg (Museum Lydia Bayer),
/2064109/Museu_ProvidedCHO_Spielzeugmuseum_der_Stadt_N_rnberg__Museum_Lydia_Bayer__9611__Datensatz_,geformt & bemalt & gebrannt & glasiert,"Bemaßung:8,8 (Kaffeekanne) cm (Höhe)",,Spielzeugmuseum der Stadt Nürnberg (Museum Lydia Bayer); Toy museum of the city of Nuremberg (Museum Lydia Bayer); Spielzeugmuseum der Stadt Nürnberg (Museum Lydia Bayer),
/2064109/Museu_ProvidedCHO_Spielzeugmuseum_der_Stadt_N_rnberg__Museum_Lydia_Bayer__9415__Datensatz_,geschnitzt & gesägt & bemalt & gedrechselt & lackiert; geschnitzt & gesägt & bemalt & gedrechselt & lackiert; Carved & sawn & painted & painted,Bemaßung:3 (Kaffeekanne) cm (Höhe),,Spielzeugmuseum der Stadt Nürnberg (Museum Lydia Bayer); Toy museum of the city of Nuremberg (Museum Lydia Bayer); Spielzeugmuseum der Stadt Nürnberg (Museum Lydia Bayer),
/2064109/Museu_ProvidedCHO_Spielzeugmuseum_der_Stadt_N_rnberg__Museum_Lydia_Bayer__9409__Datensatz_,Poured & pressed & bent; gegossen & gepreßt & gebogen; gegossen & gepreßt & gebogen,Bemaßung:2 (Kanne) cm (Höhe),,Spielzeugmuseum der Stadt Nürnberg (Museum Lydia Bayer); Toy museum of the city of Nuremberg (Museum Lydia Bayer); Spielzeugmuseum der Stadt Nürnberg (Museum Lydia Bayer),
/2064109/Museu_ProvidedCHO_Spielzeugmuseum_der_Stadt_N_rnberg__Museum_Lydia_Bayer__9394__Datensatz_,gedrechselt; turned; gedrechselt,"Bemaßung:5 cm (Höhe), 2,5 (Kaffeekanne) cm (Durchmesser)",,Spielzeugmuseum der Stadt Nürnberg (Museum Lydia Bayer); Toy museum of the city of Nuremberg (Museum Lydia Bayer); Spielzeugmuseum der Stadt Nürnberg (Museum Lydia Bayer),
/2064109/Museu_ProvidedCHO_Spielzeugmuseum_der_Stadt_N_rnberg__Museum_Lydia_Bayer__8492__Datensatz_,geformt & gebrannt & glasiert,"Bemaßung:12,4 (Kaffeekanne) cm (Höhe)",,Spielzeugmuseum der Stadt Nürnberg (Museum Lydia Bayer); Toy museum of the city of Nuremberg (Museum Lydia Bayer); Spielzeugmuseum der Stadt Nürnberg (Museum Lydia Bayer),
/2064109/Museu_ProvidedCHO_Spielzeugmuseum_der_Stadt_N_rnberg__Museum_Lydia_Bayer__84047__Datensatz_,cast & pressed; gegossen & gepresst; gegossen & gepresst,"Bemaßung:15 (Kanne) cm (Höhe), 6,5 cm (Durchmesser)",,Spielzeugmuseum der Stadt Nürnberg (Museum Lydia Bayer); Toy museum of the city of Nuremberg (Museum Lydia Bayer); Spielzeugmuseum der Stadt Nürnberg (Museum Lydia Bayer),
/2064109/Museu_ProvidedCHO_Spielzeugmuseum_der_Stadt_N_rnberg__Museum_Lydia_Bayer__81950__Datensatz_,casting; gegossen & gepreßt; gegossen & gepreßt,"Bemaßung:3 cm (Höhe), 5,5 cm (Breite)",,Spielzeugmuseum der Stadt Nürnberg (Museum Lydia Bayer); Toy museum of the city of Nuremberg (Museum Lydia Bayer); Spielzeugmuseum der Stadt Nürnberg (Museum Lydia Bayer),
/2064109/Museu_ProvidedCHO_Spielzeugmuseum_der_Stadt_N_rnberg__Museum_Lydia_Bayer__8001__Datensatz_,geformt & gebrannt & glasiert,"Bemaßung:5,5 (Kaffeekanne) cm (Höhe)",,Spielzeugmuseum der Stadt Nürnberg (Museum Lydia Bayer); Toy museum of the city of Nuremberg (Museum Lydia Bayer); Spielzeugmuseum der Stadt Nürnberg (Museum Lydia Bayer),
/2064109/Museu_ProvidedCHO_Spielzeugmuseum_der_Stadt_N_rnberg__Museum_Lydia_Bayer__8000__Datensatz_,geformt & gebrannt & glasiert,Bemaßung:12 (Kaffeekanne) cm (Höhe),,Spielzeugmuseum der Stadt Nürnberg (Museum Lydia Bayer); Toy museum of the city of Nuremberg (Museum Lydia Bayer); Spielzeugmuseum der Stadt Nürnberg (Museum Lydia Bayer),
/2064109/Museu_ProvidedCHO_Spielzeugmuseum_der_Stadt_N_rnberg__Museum_Lydia_Bayer__7994__Datensatz_,geblasen,"Bemaßung:4,3 (Kanne) cm (Höhe); Dimension: 4.3 (pot) cm (height); Bemaßung:4,3 (Kanne) cm (Höhe)",,Spielzeugmuseum der Stadt Nürnberg (Museum Lydia Bayer); Toy museum of the city of Nuremberg (Museum Lydia Bayer); Spielzeugmuseum der Stadt Nürnberg (Museum Lydia Bayer),
/2064109/Museu_ProvidedCHO_Spielzeugmuseum_der_Stadt_N_rnberg__Museum_Lydia_Bayer__78116__Datensatz_,geformt & bemalt & glasiert & gebrannt,"Bemaßung:7 (Kanne) cm (Höhe), 5,5 cm (Durchmesser)",,Spielzeugmuseum der Stadt Nürnberg (Museum Lydia Bayer); Toy museum of the city of Nuremberg (Museum Lydia Bayer); Spielzeugmuseum der Stadt Nürnberg (Museum Lydia Bayer),
/2064109/Museu_ProvidedCHO_Spielzeugmuseum_der_Stadt_N_rnberg__Museum_Lydia_Bayer__77985__Datensatz_,gegossen & graviert,"Bemaßung:4,7 (Kanne) cm (Höhe), 7,8 (Tablett) cm (Durchmesser)",,Spielzeugmuseum der Stadt Nürnberg (Museum Lydia Bayer); Toy museum of the city of Nuremberg (Museum Lydia Bayer); Spielzeugmuseum der Stadt Nürnberg (Museum Lydia Bayer),
/2064109/Museu_ProvidedCHO_Spielzeugmuseum_der_Stadt_N_rnberg__Museum_Lydia_Bayer__77986__Datensatz_,gegossen,"Bemaßung:2,9 (Kanne) cm (Höhe), 4,4 cm (Breite)",,Spielzeugmuseum der Stadt Nürnberg (Museum Lydia Bayer); Toy museum of the city of Nuremberg (Museum Lydia Bayer); Spielzeugmuseum der Stadt Nürnberg (Museum Lydia Bayer),
/2064109/Museu_ProvidedCHO_Spielzeugmuseum_der_Stadt_N_rnberg__Museum_Lydia_Bayer__77971__Datensatz_,geformt & glasiert & gebrannt,"Bemaßung:5,5 cm (Höhe), 3 cm (Breite)",,Spielzeugmuseum der Stadt Nürnberg (Museum Lydia Bayer); Toy museum of the city of Nuremberg (Museum Lydia Bayer); Spielzeugmuseum der Stadt Nürnberg (Museum Lydia Bayer),
/2064109/Museu_ProvidedCHO_Spielzeugmuseum_der_Stadt_N_rnberg__Museum_Lydia_Bayer__77969__Datensatz_,geformt & geprägt & glasiert & gebrannt,"Bemaßung:6,8 cm (Höhe), 3,5 cm (Durchmesser)",,Spielzeugmuseum der Stadt Nürnberg (Museum Lydia Bayer); Toy museum of the city of Nuremberg (Museum Lydia Bayer); Spielzeugmuseum der Stadt Nürnberg (Museum Lydia Bayer),
/2064109/Museu_ProvidedCHO_Spielzeugmuseum_der_Stadt_N_rnberg__Museum_Lydia_Bayer__76220__Datensatz_,gesägt & genagelt & geleimt & gefräst & geklebt & gebeizt & lackiert & bemalt & genäht & geprägt & gegossen & gestanzt & geformt & glasiert & gebrannt & gepreßt & gedruckt (Chromolithographie) & bronziert,"Bemaßung:51 cm (Höhe), 65,5 cm (Breite), 45,5 (mit Erker) cm (Tiefe)",,Spielzeugmuseum der Stadt Nürnberg (Museum Lydia Bayer); Toy museum of the city of Nuremberg (Museum Lydia Bayer); Spielzeugmuseum der Stadt Nürnberg (Museum Lydia Bayer),
/2064109/Museu_ProvidedCHO_Spielzeugmuseum_der_Stadt_N_rnberg__Museum_Lydia_Bayer__76219__Datensatz_,gesägt & genagelt & geleimt & gefräst & geklebt & lackiert & bemalt & geknüpft & gedrechselt & gewalzt & gebogen & gestanzt & geformt & glasiert & gebrannt & gepreßt & gedruckt,"Bemaßung:51 cm (Höhe), 81,5 cm (Breite), 45 cm (Tiefe)",,Spielzeugmuseum der Stadt Nürnberg (Museum Lydia Bayer); Toy museum of the city of Nuremberg (Museum Lydia Bayer); Spielzeugmuseum der Stadt Nürnberg (Museum Lydia Bayer),
/2064109/Museu_ProvidedCHO_Spielzeugmuseum_der_Stadt_N_rnberg__Museum_Lydia_Bayer__76085__Datensatz_,geformt & glasiert & gebrannt & bemalt,"Bemaßung:10,8 (große Kanne) cm (Höhe), 8,3 cm (Breite), 6 cm (Durchmesser)",,Spielzeugmuseum der Stadt Nürnberg (Museum Lydia Bayer); Toy museum of the city of Nuremberg (Museum Lydia Bayer); Spielzeugmuseum der Stadt Nürnberg (Museum Lydia Bayer),
/2064109/Museu_ProvidedCHO_Spielzeugmuseum_der_Stadt_N_rnberg__Museum_Lydia_Bayer__76075__Datensatz_,geformt & glasiert & gebrannt & bemalt,"Bemaßung:5,8 (Kanne) cm (Höhe), 9 (Tablett) cm (Breite), 15,5 (Tablett) cm (Länge)",,Spielzeugmuseum der Stadt Nürnberg (Museum Lydia Bayer); Toy museum of the city of Nuremberg (Museum Lydia Bayer); Spielzeugmuseum der Stadt Nürnberg (Museum Lydia Bayer),
/2064109/Museu_ProvidedCHO_Spielzeugmuseum_der_Stadt_N_rnberg__Museum_Lydia_Bayer__76074__Datensatz_,geformt & glasiert & gebrannt & bedruckt & bemalt,"Bemaßung:13,8 (Kanne) cm (Höhe), 10 cm (Breite), 7,2 cm (Durchmesser)",,Spielzeugmuseum der Stadt Nürnberg (Museum Lydia Bayer); Toy museum of the city of Nuremberg (Museum Lydia Bayer); Spielzeugmuseum der Stadt Nürnberg (Museum Lydia Bayer),
/2064109/Museu_ProvidedCHO_Spielzeugmuseum_der_Stadt_N_rnberg__Museum_Lydia_Bayer__76063__Datensatz_,geformt & geprägt & glasiert & gebrannt,"Bemaßung:6,4 (Kanne) cm (Höhe), 7,6 cm (Breite), 5 cm (Durchmesser)",,Spielzeugmuseum der Stadt Nürnberg (Museum Lydia Bayer); Toy museum of the city of Nuremberg (Museum Lydia Bayer); Spielzeugmuseum der Stadt Nürnberg (Museum Lydia Bayer),
/2064109/Museu_ProvidedCHO_Spielzeugmuseum_der_Stadt_N_rnberg__Museum_Lydia_Bayer__75981__Datensatz_,gemalt; gemalt; painted,"Bemaßung:73,8 cm (Höhe), 41 cm (Breite)",,Spielzeugmuseum der Stadt Nürnberg (Museum Lydia Bayer); Toy museum of the city of Nuremberg (Museum Lydia Bayer); Spielzeugmuseum der Stadt Nürnberg (Museum Lydia Bayer),
/2064109/Museu_ProvidedCHO_Spielzeugmuseum_der_Stadt_N_rnberg__Museum_Lydia_Bayer__75982__Datensatz_,gemalt; gemalt; painted,"Bemaßung:73 cm (Höhe), 40,8 cm (Breite)",,Spielzeugmuseum der Stadt Nürnberg (Museum Lydia Bayer); Toy museum of the city of Nuremberg (Museum Lydia Bayer); Spielzeugmuseum der Stadt Nürnberg (Museum Lydia Bayer),
/2064109/Museu_ProvidedCHO_Spielzeugmuseum_der_Stadt_N_rnberg__Museum_Lydia_Bayer__75980__Datensatz_,gemalt; gemalt; painted,"Bemaßung:73,6 cm (Höhe), 40,5 cm (Breite)",,Spielzeugmuseum der Stadt Nürnberg (Museum Lydia Bayer); Toy museum of the city of Nuremberg (Museum Lydia Bayer); Spielzeugmuseum der Stadt Nürnberg (Museum Lydia Bayer),
/2064109/Museu_ProvidedCHO_Spielzeugmuseum_der_Stadt_N_rnberg__Museum_Lydia_Bayer__75977__Datensatz_,gemalt; gemalt; painted,"Bemaßung:72,2 cm (Höhe), 40,8 cm (Breite)",,Spielzeugmuseum der Stadt Nürnberg (Museum Lydia Bayer); Toy museum of the city of Nuremberg (Museum Lydia Bayer); Spielzeugmuseum der Stadt Nürnberg (Museum Lydia Bayer),
/2064109/Museu_ProvidedCHO_Spielzeugmuseum_der_Stadt_N_rnberg__Museum_Lydia_Bayer__75744__Datensatz_,gegossen & gewalzt & gebogen & gelötet; gegossen & gewalzt & gebogen & gelötet; Casted & rolled & bent & soldered,"Bemaßung:10 (Eierpfanne) cm (Länge), 5,1 cm (Durchmesser)",,Spielzeugmuseum der Stadt Nürnberg (Museum Lydia Bayer); Toy museum of the city of Nuremberg (Museum Lydia Bayer); Spielzeugmuseum der Stadt Nürnberg (Museum Lydia Bayer),
/2064109/Museu_ProvidedCHO_Spielzeugmuseum_der_Stadt_N_rnberg__Museum_Lydia_Bayer__75746__Datensatz_,gewalzt & gestanzt & gegossen & gebogen & gelötet & geprägt; rolled & stamped & cast & bent & framed; gewalzt & gestanzt & gegossen & gebogen & gelötet & geprägt,"Bemaßung:2,9 (Kanne) cm (Höhe), 6,2 (Tablett) cm (Breite), 10,5 (Tablett) cm (Länge)",,Spielzeugmuseum der Stadt Nürnberg (Museum Lydia Bayer); Toy museum of the city of Nuremberg (Museum Lydia Bayer); Spielzeugmuseum der Stadt Nürnberg (Museum Lydia Bayer),
/2064109/Museu_ProvidedCHO_Spielzeugmuseum_der_Stadt_N_rnberg__Museum_Lydia_Bayer__75734__Datensatz_,gespritzt / gegossen; gespritzt / gegossen; injected/cast,"Bemaßung:5,3 (Verpackung) cm (Höhe), 5,3 cm (Breite)",,Spielzeugmuseum der Stadt Nürnberg (Museum Lydia Bayer); Toy museum of the city of Nuremberg (Museum Lydia Bayer); Spielzeugmuseum der Stadt Nürnberg (Museum Lydia Bayer),
/2064109/Museu_ProvidedCHO_Spielzeugmuseum_der_Stadt_N_rnberg__Museum_Lydia_Bayer__75733__Datensatz_,gespritzt / gegossen; gespritzt / gegossen; injected/cast,"Bemaßung:6,7 (Verpackung) cm (Höhe), 5,5 cm (Breite)",,Spielzeugmuseum der Stadt Nürnberg (Museum Lydia Bayer); Toy museum of the city of Nuremberg (Museum Lydia Bayer); Spielzeugmuseum der Stadt Nürnberg (Museum Lydia Bayer),
/2064109/Museu_ProvidedCHO_Spielzeugmuseum_der_Stadt_N_rnberg__Museum_Lydia_Bayer__75658__Datensatz_,Painted & carved & squared & drilled & painted; gesägt & geschnitzt & gedrechselt & gebohrt & lackiert & geklebt & bemalt; gesägt & geschnitzt & gedrechselt & gebohrt & lackiert & geklebt & bemalt,"Bemaßung:17,5 cm (Höhe), 7,2 cm (Durchmesser)",,Spielzeugmuseum der Stadt Nürnberg (Museum Lydia Bayer); Toy museum of the city of Nuremberg (Museum Lydia Bayer); Spielzeugmuseum der Stadt Nürnberg (Museum Lydia Bayer),
/2064109/Museu_ProvidedCHO_Spielzeugmuseum_der_Stadt_N_rnberg__Museum_Lydia_Bayer__75657__Datensatz_,Painted & carved & squared & drilled & painted; gesägt & geschnitzt & gedrechselt & gebohrt & lackiert & geklebt & bemalt; gesägt & geschnitzt & gedrechselt & gebohrt & lackiert & geklebt & bemalt,"Bemaßung:17,5 cm (Höhe), 7,2 cm (Durchmesser)",,Spielzeugmuseum der Stadt Nürnberg (Museum Lydia Bayer); Toy museum of the city of Nuremberg (Museum Lydia Bayer); Spielzeugmuseum der Stadt Nürnberg (Museum Lydia Bayer),
/2064109/Museu_ProvidedCHO_Spielzeugmuseum_der_Stadt_N_rnberg__Museum_Lydia_Bayer__75565__Datensatz_,gesägt & gedrechselt & lackiert & bemalt; gesägt & gedrechselt & lackiert & bemalt; Painted & Painted & Painted,"Bemaßung:3 (Kanne) cm (Höhe), 4,7 cm (Breite), 3,1 cm (Tiefe)",,Spielzeugmuseum der Stadt Nürnberg (Museum Lydia Bayer); Toy museum of the city of Nuremberg (Museum Lydia Bayer); Spielzeugmuseum der Stadt Nürnberg (Museum Lydia Bayer),
/2064109/Museu_ProvidedCHO_Spielzeugmuseum_der_Stadt_N_rnberg__Museum_Lydia_Bayer__75562__Datensatz_,gesägt & gedrechselt & lackiert & bemalt; gesägt & gedrechselt & lackiert & bemalt; Painted & Painted & Painted,"Bemaßung:4 (Kaffeekanne) cm (Höhe), 3,3 cm (Breite), 2,5 cm (Tiefe)",,Spielzeugmuseum der Stadt Nürnberg (Museum Lydia Bayer); Toy museum of the city of Nuremberg (Museum Lydia Bayer); Spielzeugmuseum der Stadt Nürnberg (Museum Lydia Bayer),
/2064109/Museu_ProvidedCHO_Spielzeugmuseum_der_Stadt_N_rnberg__Museum_Lydia_Bayer__75542__Datensatz_,geformt & glasiert & gebrannt & bemalt & bedruckt,"Bemaßung:10,5 (Kanne) cm (Höhe), 10,3 cm (Breite), 6,5 cm (Durchmesser)",,Spielzeugmuseum der Stadt Nürnberg (Museum Lydia Bayer); Toy museum of the city of Nuremberg (Museum Lydia Bayer); Spielzeugmuseum der Stadt Nürnberg (Museum Lydia Bayer),
/2064109/Museu_ProvidedCHO_Spielzeugmuseum_der_Stadt_N_rnberg__Museum_Lydia_Bayer__75324__Datensatz_,handgearbeitet : geformt & bemalt & glasiert & gebrannt,"Bemaßung:3,8 cm (Höhe), 3,7 cm (Durchmesser)",,Spielzeugmuseum der Stadt Nürnberg (Museum Lydia Bayer); Toy museum of the city of Nuremberg (Museum Lydia Bayer); Spielzeugmuseum der Stadt Nürnberg (Museum Lydia Bayer),
/2064109/Museu_ProvidedCHO_Spielzeugmuseum_der_Stadt_N_rnberg__Museum_Lydia_Bayer__75311__Datensatz_,geformt & glasiert & gebrannt & bemalt,"Bemaßung:3,4 (Kanne) cm (Höhe), 8 (Tablett) cm (Breite), 11,2 cm (Länge)",,Spielzeugmuseum der Stadt Nürnberg (Museum Lydia Bayer); Toy museum of the city of Nuremberg (Museum Lydia Bayer); Spielzeugmuseum der Stadt Nürnberg (Museum Lydia Bayer),
/2064109/Museu_ProvidedCHO_Spielzeugmuseum_der_Stadt_N_rnberg__Museum_Lydia_Bayer__75310__Datensatz_,geformt & glasiert & gebrannt & bemalt,"Bemaßung:4 (Kanne) cm (Höhe), 8,2 (Tablett) cm (Breite), 11 cm (Länge)",,Spielzeugmuseum der Stadt Nürnberg (Museum Lydia Bayer); Toy museum of the city of Nuremberg (Museum Lydia Bayer); Spielzeugmuseum der Stadt Nürnberg (Museum Lydia Bayer),
/2064109/Museu_ProvidedCHO_Spielzeugmuseum_der_Stadt_N_rnberg__Museum_Lydia_Bayer__75293__Datensatz_,geblasen,"Bemaßung:4 cm (Höhe), 2,5 cm (Durchmesser)",,Spielzeugmuseum der Stadt Nürnberg (Museum Lydia Bayer); Toy museum of the city of Nuremberg (Museum Lydia Bayer); Spielzeugmuseum der Stadt Nürnberg (Museum Lydia Bayer),
/2064109/Museu_ProvidedCHO_Spielzeugmuseum_der_Stadt_N_rnberg__Museum_Lydia_Bayer__75137__Datensatz_,gegossen,"Bemaßung:4,6 (Kanne) cm (Höhe), 4,1 cm (Durchmesser)",,Spielzeugmuseum der Stadt Nürnberg (Museum Lydia Bayer); Toy museum of the city of Nuremberg (Museum Lydia Bayer); Spielzeugmuseum der Stadt Nürnberg (Museum Lydia Bayer),
/2064109/Museu_ProvidedCHO_Spielzeugmuseum_der_Stadt_N_rnberg__Museum_Lydia_Bayer__75134__Datensatz_,gegossen,"Bemaßung:5,2 cm (Höhe), 3,3 cm (Durchmesser)",,Spielzeugmuseum der Stadt Nürnberg (Museum Lydia Bayer); Toy museum of the city of Nuremberg (Museum Lydia Bayer); Spielzeugmuseum der Stadt Nürnberg (Museum Lydia Bayer),
/2064109/Museu_ProvidedCHO_Spielzeugmuseum_der_Stadt_N_rnberg__Museum_Lydia_Bayer__75130__Datensatz_,gegossen,"Bemaßung:2,4 (Kaffeekanne mit Deckel) cm (Höhe), 1,3 cm (Durchmesser)",,Spielzeugmuseum der Stadt Nürnberg (Museum Lydia Bayer); Toy museum of the city of Nuremberg (Museum Lydia Bayer); Spielzeugmuseum der Stadt Nürnberg (Museum Lydia Bayer),
/2064109/Museu_ProvidedCHO_Spielzeugmuseum_der_Stadt_N_rnberg__Museum_Lydia_Bayer__75131__Datensatz_,gegossen,"Bemaßung:5,5 (Kanne) cm (Höhe), 4,3 cm (Durchmesser)",,Spielzeugmuseum der Stadt Nürnberg (Museum Lydia Bayer); Toy museum of the city of Nuremberg (Museum Lydia Bayer); Spielzeugmuseum der Stadt Nürnberg (Museum Lydia Bayer),
/2064109/Museu_ProvidedCHO_Spielzeugmuseum_der_Stadt_N_rnberg__Museum_Lydia_Bayer__75088__Datensatz_,gegossen & geformt & geprägt & glasiert & gebrannt,"Bemaßung:5,5 (große Kanne) cm (Höhe), 9 cm (Länge), 6 cm (Durchmesser)",,Spielzeugmuseum der Stadt Nürnberg (Museum Lydia Bayer); Toy museum of the city of Nuremberg (Museum Lydia Bayer); Spielzeugmuseum der Stadt Nürnberg (Museum Lydia Bayer),
/2064109/Museu_ProvidedCHO_Spielzeugmuseum_der_Stadt_N_rnberg__Museum_Lydia_Bayer__75065__Datensatz_,geformt & glasiert & gebrannt & bemalt,"Bemaßung:2,5 (Kanne) cm (Höhe), 2,7 cm (Breite), 4 cm (Länge), 6,5 (Tablett) cm (Durchmesser)",,Spielzeugmuseum der Stadt Nürnberg (Museum Lydia Bayer); Toy museum of the city of Nuremberg (Museum Lydia Bayer); Spielzeugmuseum der Stadt Nürnberg (Museum Lydia Bayer),
/2064109/Museu_ProvidedCHO_Spielzeugmuseum_der_Stadt_N_rnberg__Museum_Lydia_Bayer__75063__Datensatz_,geformt & glasiert & gebrannt & bemalt,"Bemaßung:4,6 cm (Höhe), 3 cm (Breite), 5 cm (Länge)",,Spielzeugmuseum der Stadt Nürnberg (Museum Lydia Bayer); Toy museum of the city of Nuremberg (Museum Lydia Bayer); Spielzeugmuseum der Stadt Nürnberg (Museum Lydia Bayer),
/2064109/Museu_ProvidedCHO_Spielzeugmuseum_der_Stadt_N_rnberg__Museum_Lydia_Bayer__75062__Datensatz_,geformt & glasiert & gebrannt,"Bemaßung:1,7 cm (Höhe), 2,8 cm (Breite), 3,8 cm (Länge)",,Spielzeugmuseum der Stadt Nürnberg (Museum Lydia Bayer); Toy museum of the city of Nuremberg (Museum Lydia Bayer); Spielzeugmuseum der Stadt Nürnberg (Museum Lydia Bayer),
/2064109/Museu_ProvidedCHO_Spielzeugmuseum_der_Stadt_N_rnberg__Museum_Lydia_Bayer__74638__Datensatz_,Painted & glued & carved & rolled & painted & painted & molded & molded & incised; gesägt & geleimt & gedrechselt & geklebt & geschnitzt & gewalzt & gestanzt & lackiert & gegossen & bemalt & geformt & gebrannt & emailliert; gesägt & geleimt & gedrechselt & geklebt & geschnitzt & gewalzt & gestanzt & lackiert & gegossen & bemalt & geformt & gebrannt & emailliert,"Bemaßung:45 cm (Höhe), 94 cm (Breite), 45 cm (Tiefe)",,Spielzeugmuseum der Stadt Nürnberg (Museum Lydia Bayer); Toy museum of the city of Nuremberg (Museum Lydia Bayer); Spielzeugmuseum der Stadt Nürnberg (Museum Lydia Bayer),
/2064109/Museu_ProvidedCHO_Spielzeugmuseum_der_Stadt_N_rnberg__Museum_Lydia_Bayer__74337__Datensatz_,Poured & squared & stamped & bent & shaped & burnt & painted & turned; gegossen & gedrechselt & gestanzt & gebogen & gesteckt & geformt & gebrannt & bemalt & gedreht; gegossen & gedrechselt & gestanzt & gebogen & gesteckt & geformt & gebrannt & bemalt & gedreht,"Bemaßung:40 cm (Höhe), 70 cm (Breite), 38 cm (Tiefe)",,Spielzeugmuseum der Stadt Nürnberg (Museum Lydia Bayer); Toy museum of the city of Nuremberg (Museum Lydia Bayer); Spielzeugmuseum der Stadt Nürnberg (Museum Lydia Bayer),
/2064109/Museu_ProvidedCHO_Spielzeugmuseum_der_Stadt_N_rnberg__Museum_Lydia_Bayer__7426__Datensatz_,geformt & gebrannt & glasiert,"Bemaßung:8,3 (Kaffeekanne) cm (Höhe)",,Spielzeugmuseum der Stadt Nürnberg (Museum Lydia Bayer); Toy museum of the city of Nuremberg (Museum Lydia Bayer); Spielzeugmuseum der Stadt Nürnberg (Museum Lydia Bayer),
/2064109/Museu_ProvidedCHO_Spielzeugmuseum_der_Stadt_N_rnberg__Museum_Lydia_Bayer__74211__Datensatz_,geformt & glasiert & gebrannt & bemalt & bedruckt,"Bemaßung:11 (Kanne) cm (Höhe), 10,4 (Untertasse) cm (Durchmesser)",,Spielzeugmuseum der Stadt Nürnberg (Museum Lydia Bayer); Toy museum of the city of Nuremberg (Museum Lydia Bayer); Spielzeugmuseum der Stadt Nürnberg (Museum Lydia Bayer),
/2064109/Museu_ProvidedCHO_Spielzeugmuseum_der_Stadt_N_rnberg__Museum_Lydia_Bayer__74210__Datensatz_,geformt & bemalt & glasiert & gebrannt,"Bemaßung:8,7 (Kanne) cm (Höhe), 8,5 (Untertasse) cm (Durchmesser)",,Spielzeugmuseum der Stadt Nürnberg (Museum Lydia Bayer); Toy museum of the city of Nuremberg (Museum Lydia Bayer); Spielzeugmuseum der Stadt Nürnberg (Museum Lydia Bayer),
/2064109/Museu_ProvidedCHO_Spielzeugmuseum_der_Stadt_N_rnberg__Museum_Lydia_Bayer__74181__Datensatz_,gegossen,"Bemaßung:7,5 (Kaffeekanne) & 6,5 (Teekanne) & 2 (Tasse) cm (Höhe), 24,5 (Tablett) cm (Breite), 19 (Tablett) cm (Länge), 4,7 (Untertasse) cm (Durchmesser)",,Spielzeugmuseum der Stadt Nürnberg (Museum Lydia Bayer); Toy museum of the city of Nuremberg (Museum Lydia Bayer); Spielzeugmuseum der Stadt Nürnberg (Museum Lydia Bayer),
/2064109/Museu_ProvidedCHO_Spielzeugmuseum_der_Stadt_N_rnberg__Museum_Lydia_Bayer__74178__Datensatz_,geformt & gebrannt & bemalt; geformt & gebrannt & bemalt; Shaped & burned & painted,"Bemaßung:6,5 (Kanne) & 2,1 (Tasse) cm (Höhe), 5,5 (Untertasse) cm (Durchmesser)",,Spielzeugmuseum der Stadt Nürnberg (Museum Lydia Bayer); Toy museum of the city of Nuremberg (Museum Lydia Bayer); Spielzeugmuseum der Stadt Nürnberg (Museum Lydia Bayer),
/2064109/Museu_ProvidedCHO_Spielzeugmuseum_der_Stadt_N_rnberg__Museum_Lydia_Bayer__74176__Datensatz_,geschnitten & bemalt; geschnitten & bemalt; cut & painted,"Bemaßung:5,5 (Kanne) & 1,5 (Tasse) & 5,5 (Tisch) cm (Höhe), 16 (Tisch) cm (Breite), 4,5 (Teller) cm (Durchmesser)",,Spielzeugmuseum der Stadt Nürnberg (Museum Lydia Bayer); Toy museum of the city of Nuremberg (Museum Lydia Bayer); Spielzeugmuseum der Stadt Nürnberg (Museum Lydia Bayer),
/2064109/Museu_ProvidedCHO_Spielzeugmuseum_der_Stadt_N_rnberg__Museum_Lydia_Bayer__74174__Datensatz_,gegossen & geformt & glasiert & gebrannt,"Bemaßung:10,5 (Kanne) cm (Höhe)",,Spielzeugmuseum der Stadt Nürnberg (Museum Lydia Bayer); Toy museum of the city of Nuremberg (Museum Lydia Bayer); Spielzeugmuseum der Stadt Nürnberg (Museum Lydia Bayer),
/2064109/Museu_ProvidedCHO_Spielzeugmuseum_der_Stadt_N_rnberg__Museum_Lydia_Bayer__74173__Datensatz_,gegossen & geformt & glasiert & gebrannt & gedruckt,"Bemaßung:8 (Kanne ohne Deckel) & 18 (Verpackung) cm (Höhe), 25 (Verpackung) cm (Breite), 7,5 (Verpackung cm (Tiefe)",,Spielzeugmuseum der Stadt Nürnberg (Museum Lydia Bayer); Toy museum of the city of Nuremberg (Museum Lydia Bayer); Spielzeugmuseum der Stadt Nürnberg (Museum Lydia Bayer),
/2064109/Museu_ProvidedCHO_Spielzeugmuseum_der_Stadt_N_rnberg__Museum_Lydia_Bayer__74032__Datensatz_,gesägt & bemalt & geleimt & genagelt & geformt & gebrannt & gegossen & glasiert & geklebt & gedruckt & genäht & gehäkelt,"Bemaßung:34 cm (Höhe), 81 cm (Breite), 44 cm (Tiefe)",,Spielzeugmuseum der Stadt Nürnberg (Museum Lydia Bayer); Toy museum of the city of Nuremberg (Museum Lydia Bayer); Spielzeugmuseum der Stadt Nürnberg (Museum Lydia Bayer),
/2064109/Museu_ProvidedCHO_Spielzeugmuseum_der_Stadt_N_rnberg__Museum_Lydia_Bayer__74020__Datensatz_,gesägt & genagelt & geleimt & lackiert & geformt & gebrannt & glasiert & bedruckt & gedruckt & vernickelt & gegossen,"Bemaßung:44 cm (Höhe), 90 cm (Breite), 45 cm (Tiefe)",,Spielzeugmuseum der Stadt Nürnberg (Museum Lydia Bayer); Toy museum of the city of Nuremberg (Museum Lydia Bayer); Spielzeugmuseum der Stadt Nürnberg (Museum Lydia Bayer),
/2064109/Museu_ProvidedCHO_Spielzeugmuseum_der_Stadt_N_rnberg__Museum_Lydia_Bayer__74024__Datensatz_,gesägt & genagelt & geleimt & bemalt & geformt & gebrannt & glasiert & geprägt & genäht,"Bemaßung:34 cm (Höhe), 87 cm (Breite), 43 cm (Tiefe)",,Spielzeugmuseum der Stadt Nürnberg (Museum Lydia Bayer); Toy museum of the city of Nuremberg (Museum Lydia Bayer); Spielzeugmuseum der Stadt Nürnberg (Museum Lydia Bayer),
/2064109/Museu_ProvidedCHO_Spielzeugmuseum_der_Stadt_N_rnberg__Museum_Lydia_Bayer__73918__Datensatz_,handgefertigt : gesägt & bemalt & gemalt & gegossen & geformt & gebrannt & lackiert & genagelt & geleimt,"Bemaßung:51 (mit Lampe) & 42 (leer) cm (Höhe), 157 : 75 (Wohnzimmer) & 84 (Schlafzimmer) cm (Breite), 65 cm (Tiefe)",,Spielzeugmuseum der Stadt Nürnberg (Museum Lydia Bayer); Toy museum of the city of Nuremberg (Museum Lydia Bayer); Spielzeugmuseum der Stadt Nürnberg (Museum Lydia Bayer),
/2064109/Museu_ProvidedCHO_Spielzeugmuseum_der_Stadt_N_rnberg__Museum_Lydia_Bayer__72424__Datensatz_,geformt & bedruckt & glasiert & gebrannt & vergoldet,"Bemaßung:10,5 cm (Höhe), 11,8 cm (Breite), 5 cm (Tiefe)",,Spielzeugmuseum der Stadt Nürnberg (Museum Lydia Bayer); Toy museum of the city of Nuremberg (Museum Lydia Bayer); Spielzeugmuseum der Stadt Nürnberg (Museum Lydia Bayer),
/2064109/Museu_ProvidedCHO_Spielzeugmuseum_der_Stadt_N_rnberg__Museum_Lydia_Bayer__72397__Datensatz_,geformt & glasiert & bemalt & gebrannt,"Bemaßung:14,5 (Kaffeekanne mit Deckel) cm (Höhe)",,Spielzeugmuseum der Stadt Nürnberg (Museum Lydia Bayer); Toy museum of the city of Nuremberg (Museum Lydia Bayer); Spielzeugmuseum der Stadt Nürnberg (Museum Lydia Bayer),
/2064109/Museu_ProvidedCHO_Spielzeugmuseum_der_Stadt_N_rnberg__Museum_Lydia_Bayer__72018__Datensatz_,geformt & glasiert & gebrannt,"Bemaßung:6,5 (Teekanne) cm (Höhe)",,Spielzeugmuseum der Stadt Nürnberg (Museum Lydia Bayer); Toy museum of the city of Nuremberg (Museum Lydia Bayer); Spielzeugmuseum der Stadt Nürnberg (Museum Lydia Bayer),
/2064109/Museu_ProvidedCHO_Spielzeugmuseum_der_Stadt_N_rnberg__Museum_Lydia_Bayer__7180__Datensatz_,gepreßt & gebrannt & glasiert,"Bemaßung:5,5 (Tasse) cm (Höhe); Dimension: 5.5 (cup) cm (height); Bemaßung:5,5 (Tasse) cm (Höhe)",,Spielzeugmuseum der Stadt Nürnberg (Museum Lydia Bayer); Toy museum of the city of Nuremberg (Museum Lydia Bayer); Spielzeugmuseum der Stadt Nürnberg (Museum Lydia Bayer),
/2064109/Museu_ProvidedCHO_Spielzeugmuseum_der_Stadt_N_rnberg__Museum_Lydia_Bayer__71812__Datensatz_,gedrechselt & lackiert & geleimt,"Bemaßung:1,8 (Kanne) cm (Höhe), 2,6 cm (Breite), 1,8 cm (Durchmesser)",,Spielzeugmuseum der Stadt Nürnberg (Museum Lydia Bayer); Toy museum of the city of Nuremberg (Museum Lydia Bayer); Spielzeugmuseum der Stadt Nürnberg (Museum Lydia Bayer),
/2064109/Museu_ProvidedCHO_Spielzeugmuseum_der_Stadt_N_rnberg__Museum_Lydia_Bayer__71811__Datensatz_,geformt & bemalt & glasiert & gebrannt,"Bemaßung:7,5 (Kanne) cm (Höhe), 9,3 cm (Breite), 5 cm (Tiefe)",,Spielzeugmuseum der Stadt Nürnberg (Museum Lydia Bayer); Toy museum of the city of Nuremberg (Museum Lydia Bayer); Spielzeugmuseum der Stadt Nürnberg (Museum Lydia Bayer),
/2064109/Museu_ProvidedCHO_Spielzeugmuseum_der_Stadt_N_rnberg__Museum_Lydia_Bayer__7169__Datensatz_,gebrannt & getrieben & gestanzt; gebrannt & getrieben & gestanzt; Burnt & driven & punched,"Bemaßung:13 (Kaffeekanne) & 5,4 (Kaffeetasse) cm (Höhe)",,Spielzeugmuseum der Stadt Nürnberg (Museum Lydia Bayer); Toy museum of the city of Nuremberg (Museum Lydia Bayer); Spielzeugmuseum der Stadt Nürnberg (Museum Lydia Bayer),
/2064109/Museu_ProvidedCHO_Spielzeugmuseum_der_Stadt_N_rnberg__Museum_Lydia_Bayer__71616__Datensatz_,geformt & geprägt & gebrannt; geformt & geprägt & gebrannt; Shaped & embossed & burned,"Bemaßung:4,2 (Kanne) cm (Höhe), 5,7 cm (Breite), 3,7 cm (Tiefe)",,Spielzeugmuseum der Stadt Nürnberg (Museum Lydia Bayer); Toy museum of the city of Nuremberg (Museum Lydia Bayer); Spielzeugmuseum der Stadt Nürnberg (Museum Lydia Bayer),
/2064109/Museu_ProvidedCHO_Spielzeugmuseum_der_Stadt_N_rnberg__Museum_Lydia_Bayer__70780__Datensatz_,geformt & gebrannt & glasiert,"Bemaßung:6 (Kaffeekanne) cm (Höhe), 8,5 cm (Breite)",,Spielzeugmuseum der Stadt Nürnberg (Museum Lydia Bayer); Toy museum of the city of Nuremberg (Museum Lydia Bayer); Spielzeugmuseum der Stadt Nürnberg (Museum Lydia Bayer),
/2064109/Museu_ProvidedCHO_Spielzeugmuseum_der_Stadt_N_rnberg__Museum_Lydia_Bayer__70779__Datensatz_,geformt & gebrannt & glasiert & bemalt,"Bemaßung:5,5 cm (Höhe), 4,5 cm (Durchmesser)",,Spielzeugmuseum der Stadt Nürnberg (Museum Lydia Bayer); Toy museum of the city of Nuremberg (Museum Lydia Bayer); Spielzeugmuseum der Stadt Nürnberg (Museum Lydia Bayer),
/2064109/Museu_ProvidedCHO_Spielzeugmuseum_der_Stadt_N_rnberg__Museum_Lydia_Bayer__70162__Datensatz_,gegossen & geformt & gebrannt & glasiert & bemalt,Bemaßung:5 cm (Höhe),,Spielzeugmuseum der Stadt Nürnberg (Museum Lydia Bayer); Toy museum of the city of Nuremberg (Museum Lydia Bayer); Spielzeugmuseum der Stadt Nürnberg (Museum Lydia Bayer),
/2064109/Museu_ProvidedCHO_Spielzeugmuseum_der_Stadt_N_rnberg__Museum_Lydia_Bayer__70104__Datensatz_,Poured & pressed & painted; gegossen & gepreßt & bemalt; gegossen & gepreßt & bemalt,"Bemaßung:19 (Kaffeekanne) cm (Höhe), 11,5 cm (Breite)",,Spielzeugmuseum der Stadt Nürnberg (Museum Lydia Bayer); Toy museum of the city of Nuremberg (Museum Lydia Bayer); Spielzeugmuseum der Stadt Nürnberg (Museum Lydia Bayer),
/2064109/Museu_ProvidedCHO_Spielzeugmuseum_der_Stadt_N_rnberg__Museum_Lydia_Bayer__70101__Datensatz_,gedruckt & bedruckt; printed & printed; gedruckt & bedruckt,"Bemaßung:4,5 cm (Höhe), 3,5 cm (Breite), 3 cm (Tiefe)",,Spielzeugmuseum der Stadt Nürnberg (Museum Lydia Bayer); Toy museum of the city of Nuremberg (Museum Lydia Bayer); Spielzeugmuseum der Stadt Nürnberg (Museum Lydia Bayer),
/2064109/Museu_ProvidedCHO_Spielzeugmuseum_der_Stadt_N_rnberg__Museum_Lydia_Bayer__69204__Datensatz_,geblasen,"Bemaßung:18 (Kaffeekanne) cm (Höhe), 7 cm (Durchmesser)",,Spielzeugmuseum der Stadt Nürnberg (Museum Lydia Bayer); Toy museum of the city of Nuremberg (Museum Lydia Bayer); Spielzeugmuseum der Stadt Nürnberg (Museum Lydia Bayer),
/2064109/Museu_ProvidedCHO_Spielzeugmuseum_der_Stadt_N_rnberg__Museum_Lydia_Bayer__69096__Datensatz_,gestanzt & gebogen & gelötet & verzinnt,"Bemaßung:12 (Kaffeekanne) cm (Höhe), 13,5 cm (Durchmesser)",,Spielzeugmuseum der Stadt Nürnberg (Museum Lydia Bayer); Toy museum of the city of Nuremberg (Museum Lydia Bayer); Spielzeugmuseum der Stadt Nürnberg (Museum Lydia Bayer),
/2064109/Museu_ProvidedCHO_Spielzeugmuseum_der_Stadt_N_rnberg__Museum_Lydia_Bayer__69068__Datensatz_,gegossen & gebrannt & glasiert,"Bemaßung:8,5 (Kaffeekanne) cm (Höhe), 4 cm (Breite), 9,5 cm (Tiefe)",,Spielzeugmuseum der Stadt Nürnberg (Museum Lydia Bayer); Toy museum of the city of Nuremberg (Museum Lydia Bayer); Spielzeugmuseum der Stadt Nürnberg (Museum Lydia Bayer),
/2064109/Museu_ProvidedCHO_Spielzeugmuseum_der_Stadt_N_rnberg__Museum_Lydia_Bayer__68682__Datensatz_,gegossen & lackiert,"Bemaßung:2 (Kaffeekanne) cm (Höhe), 1,7 cm (Durchmesser)",,Spielzeugmuseum der Stadt Nürnberg (Museum Lydia Bayer); Toy museum of the city of Nuremberg (Museum Lydia Bayer); Spielzeugmuseum der Stadt Nürnberg (Museum Lydia Bayer),
/2064109/Museu_ProvidedCHO_Spielzeugmuseum_der_Stadt_N_rnberg__Museum_Lydia_Bayer__68614__Datensatz_,geformt & handbemalt & gebrannt & glasiert,"Bemaßung:4,5 (Kanne) cm (Höhe), 4,5 cm (Durchmesser)",,Spielzeugmuseum der Stadt Nürnberg (Museum Lydia Bayer); Toy museum of the city of Nuremberg (Museum Lydia Bayer); Spielzeugmuseum der Stadt Nürnberg (Museum Lydia Bayer),
/2064109/Museu_ProvidedCHO_Spielzeugmuseum_der_Stadt_N_rnberg__Museum_Lydia_Bayer__67391__Datensatz_,geformt & gebrannt & glasiert & lüstriert,"Bemaßung:13,5 cm (Höhe), 8 cm (Durchmesser)",,Spielzeugmuseum der Stadt Nürnberg (Museum Lydia Bayer); Toy museum of the city of Nuremberg (Museum Lydia Bayer); Spielzeugmuseum der Stadt Nürnberg (Museum Lydia Bayer),
/2064109/Museu_ProvidedCHO_Spielzeugmuseum_der_Stadt_N_rnberg__Museum_Lydia_Bayer__66953__Datensatz_,Sawn & painted & painted; gesägt & gedrechselt & bemalt & lackiert; gesägt & gedrechselt & bemalt & lackiert,"Bemaßung:1 (Tablett) cm (Höhe), 6 cm (Durchmesser)",,Spielzeugmuseum der Stadt Nürnberg (Museum Lydia Bayer); Toy museum of the city of Nuremberg (Museum Lydia Bayer); Spielzeugmuseum der Stadt Nürnberg (Museum Lydia Bayer),
/2064109/Museu_ProvidedCHO_Spielzeugmuseum_der_Stadt_N_rnberg__Museum_Lydia_Bayer__66950__Datensatz_,Sawn & painted; gesägt & gedrechselt & bemalt; gesägt & gedrechselt & bemalt,"Bemaßung:4 (Krug) cm (Höhe), 3,5 cm (Durchmesser)",,Spielzeugmuseum der Stadt Nürnberg (Museum Lydia Bayer); Toy museum of the city of Nuremberg (Museum Lydia Bayer); Spielzeugmuseum der Stadt Nürnberg (Museum Lydia Bayer),
/2064109/Museu_ProvidedCHO_Spielzeugmuseum_der_Stadt_N_rnberg__Museum_Lydia_Bayer__66519__Datensatz_,geformt & gegossen & glasiert,"Bemaßung:5 (Kaffeekanne) cm (Höhe), 3 cm (Durchmesser)",,Spielzeugmuseum der Stadt Nürnberg (Museum Lydia Bayer); Toy museum of the city of Nuremberg (Museum Lydia Bayer); Spielzeugmuseum der Stadt Nürnberg (Museum Lydia Bayer),
/2064109/Museu_ProvidedCHO_Spielzeugmuseum_der_Stadt_N_rnberg__Museum_Lydia_Bayer__66482__Datensatz_,geformt & glasiert & gebrannt,"Bemaßung:10,5 cm (Höhe), 9 cm (Durchmesser)",,Spielzeugmuseum der Stadt Nürnberg (Museum Lydia Bayer); Toy museum of the city of Nuremberg (Museum Lydia Bayer); Spielzeugmuseum der Stadt Nürnberg (Museum Lydia Bayer),
/2064109/Museu_ProvidedCHO_Spielzeugmuseum_der_Stadt_N_rnberg__Museum_Lydia_Bayer__65455__Datensatz_,gestanzt & gebogen & bedruckt (Lithographie) & geschnitten & geheftet,"Bemaßung:4,5 (Verpackung) cm (Höhe), 17 cm (Breite), 11 cm (Tiefe)",,Spielzeugmuseum der Stadt Nürnberg (Museum Lydia Bayer); Toy museum of the city of Nuremberg (Museum Lydia Bayer); Spielzeugmuseum der Stadt Nürnberg (Museum Lydia Bayer),
/2064109/Museu_ProvidedCHO_Spielzeugmuseum_der_Stadt_N_rnberg__Museum_Lydia_Bayer__65352__Datensatz_,geformt & gepreßt & bedruckt & bemalt & glasiert,"Bemaßung:12 (Kanne) cm (Höhe), 7 cm (Durchmesser)",,Spielzeugmuseum der Stadt Nürnberg (Museum Lydia Bayer); Toy museum of the city of Nuremberg (Museum Lydia Bayer); Spielzeugmuseum der Stadt Nürnberg (Museum Lydia Bayer),
/2064109/Museu_ProvidedCHO_Spielzeugmuseum_der_Stadt_N_rnberg__Museum_Lydia_Bayer__64973__Datensatz_,geformt & gebrannt & gepreßt & gegossen & geheftet; geformt & gebrannt & gepreßt & gegossen & geheftet; Shaped & burnt & pressed & poured,"Bemaßung:22 cm (Höhe), 26,5 cm (Breite), 5,5 cm (Tiefe)",,Spielzeugmuseum der Stadt Nürnberg (Museum Lydia Bayer); Toy museum of the city of Nuremberg (Museum Lydia Bayer); Spielzeugmuseum der Stadt Nürnberg (Museum Lydia Bayer),
/2064109/Museu_ProvidedCHO_Spielzeugmuseum_der_Stadt_N_rnberg__Museum_Lydia_Bayer__64943__Datensatz_,Poured & pressed & painted; gegossen & gepreßt & bemalt; gegossen & gepreßt & bemalt,"Bemaßung:2 (Kanne) cm (Höhe), 2 cm (Durchmesser)",,Spielzeugmuseum der Stadt Nürnberg (Museum Lydia Bayer); Toy museum of the city of Nuremberg (Museum Lydia Bayer); Spielzeugmuseum der Stadt Nürnberg (Museum Lydia Bayer),
/2064109/Museu_ProvidedCHO_Spielzeugmuseum_der_Stadt_N_rnberg__Museum_Lydia_Bayer__6448__Datensatz_,geformt & glasiert & bemalt,"Bemaßung:7,1 (Kaffeekanne) & 4,2 (Kaffeetasse) cm (Höhe)",,Spielzeugmuseum der Stadt Nürnberg (Museum Lydia Bayer); Toy museum of the city of Nuremberg (Museum Lydia Bayer); Spielzeugmuseum der Stadt Nürnberg (Museum Lydia Bayer),
/2064109/Museu_ProvidedCHO_Spielzeugmuseum_der_Stadt_N_rnberg__Museum_Lydia_Bayer__6446__Datensatz_,geformt & glasiert,"Bemaßung:6,7 (Kaffeekanne) & 1,1 (Kaffeetasse) cm (Höhe)",,Spielzeugmuseum der Stadt Nürnberg (Museum Lydia Bayer); Toy museum of the city of Nuremberg (Museum Lydia Bayer); Spielzeugmuseum der Stadt Nürnberg (Museum Lydia Bayer),
/2064109/Museu_ProvidedCHO_Spielzeugmuseum_der_Stadt_N_rnberg__Museum_Lydia_Bayer__64136__Datensatz_,Burnt & molded & painted; gebrannt & geformt & lackiert; gebrannt & geformt & lackiert,"Bemaßung:11 cm (Höhe), 7,5 cm (Durchmesser)",,Spielzeugmuseum der Stadt Nürnberg (Museum Lydia Bayer); Toy museum of the city of Nuremberg (Museum Lydia Bayer); Spielzeugmuseum der Stadt Nürnberg (Museum Lydia Bayer),
/2064109/Museu_ProvidedCHO_Spielzeugmuseum_der_Stadt_N_rnberg__Museum_Lydia_Bayer__64100__Datensatz_,geformt & gebrannt & glasiert & gepreßt & bemalt & geheftet,"Bemaßung:10,5 (Kanne) cm (Höhe), 5,5 cm (Durchmesser)",,Spielzeugmuseum der Stadt Nürnberg (Museum Lydia Bayer); Toy museum of the city of Nuremberg (Museum Lydia Bayer); Spielzeugmuseum der Stadt Nürnberg (Museum Lydia Bayer),
/2064109/Museu_ProvidedCHO_Spielzeugmuseum_der_Stadt_N_rnberg__Museum_Lydia_Bayer__64101__Datensatz_,geformt & gebrannt & glasiert & gepreßt & bemalt & geheftet,"Bemaßung:10,5 (Kanne) cm (Höhe), 5,5 cm (Durchmesser)",,Spielzeugmuseum der Stadt Nürnberg (Museum Lydia Bayer); Toy museum of the city of Nuremberg (Museum Lydia Bayer); Spielzeugmuseum der Stadt Nürnberg (Museum Lydia Bayer),
/2064109/Museu_ProvidedCHO_Spielzeugmuseum_der_Stadt_N_rnberg__Museum_Lydia_Bayer__63541__Datensatz_,geformt & gebrannt & glasiert & bemalt & geheftet,"Bemaßung:5 (Kaffeekanne) cm (Höhe), 2,5 cm (Durchmesser)",,Spielzeugmuseum der Stadt Nürnberg (Museum Lydia Bayer); Toy museum of the city of Nuremberg (Museum Lydia Bayer); Spielzeugmuseum der Stadt Nürnberg (Museum Lydia Bayer),
/2064109/Museu_ProvidedCHO_Spielzeugmuseum_der_Stadt_N_rnberg__Museum_Lydia_Bayer__63540__Datensatz_,geformt & gebrannt & glasiert & bemalt & geheftet & gedruckt,"Bemaßung:5 (Kaffeekanne) cm (Höhe), 3,5 cm (Durchmesser)",,Spielzeugmuseum der Stadt Nürnberg (Museum Lydia Bayer); Toy museum of the city of Nuremberg (Museum Lydia Bayer); Spielzeugmuseum der Stadt Nürnberg (Museum Lydia Bayer),
/2064109/Museu_ProvidedCHO_Spielzeugmuseum_der_Stadt_N_rnberg__Museum_Lydia_Bayer__63537__Datensatz_,geformt & gebrannt & glasiert & gepreßt & bemalt & geheftet,"Bemaßung:8,5 (Kanne) cm (Höhe), 6 cm (Durchmesser)",,Spielzeugmuseum der Stadt Nürnberg (Museum Lydia Bayer); Toy museum of the city of Nuremberg (Museum Lydia Bayer); Spielzeugmuseum der Stadt Nürnberg (Museum Lydia Bayer),
/2064109/Museu_ProvidedCHO_Spielzeugmuseum_der_Stadt_N_rnberg__Museum_Lydia_Bayer__63536__Datensatz_,geformt & gebrannt & glasiert & gepreßt & bemalt & geheftet,"Bemaßung:10,5 (Kanne) cm (Höhe), 6,5 cm (Durchmesser)",,Spielzeugmuseum der Stadt Nürnberg (Museum Lydia Bayer); Toy museum of the city of Nuremberg (Museum Lydia Bayer); Spielzeugmuseum der Stadt Nürnberg (Museum Lydia Bayer),
/2064109/Museu_ProvidedCHO_Spielzeugmuseum_der_Stadt_N_rnberg__Museum_Lydia_Bayer__63496__Datensatz_,geformt & gebrannt & glasiert & bemalt,"Bemaßung:8 (Kanne) cm (Höhe), 6 cm (Durchmesser)",,Spielzeugmuseum der Stadt Nürnberg (Museum Lydia Bayer); Toy museum of the city of Nuremberg (Museum Lydia Bayer); Spielzeugmuseum der Stadt Nürnberg (Museum Lydia Bayer),
/2064109/Museu_ProvidedCHO_Spielzeugmuseum_der_Stadt_N_rnberg__Museum_Lydia_Bayer__63494__Datensatz_,geformt & gebrannt & glasiert & bemalt & bedruckt,"Bemaßung:11 (Kanne) cm (Höhe), 6 cm (Durchmesser)",,Spielzeugmuseum der Stadt Nürnberg (Museum Lydia Bayer); Toy museum of the city of Nuremberg (Museum Lydia Bayer); Spielzeugmuseum der Stadt Nürnberg (Museum Lydia Bayer),
/2064109/Museu_ProvidedCHO_Spielzeugmuseum_der_Stadt_N_rnberg__Museum_Lydia_Bayer__63493__Datensatz_,geformt & gebrannt & glasiert & bemalt & bedruckt,"Bemaßung:10,5 (Kanne) cm (Höhe), 5,5 cm (Durchmesser)",,Spielzeugmuseum der Stadt Nürnberg (Museum Lydia Bayer); Toy museum of the city of Nuremberg (Museum Lydia Bayer); Spielzeugmuseum der Stadt Nürnberg (Museum Lydia Bayer),
/2064109/Museu_ProvidedCHO_Spielzeugmuseum_der_Stadt_N_rnberg__Museum_Lydia_Bayer__63482__Datensatz_,geformt & gebrannt & glasiert & bemalt,"Bemaßung:6 (Kanne) cm (Höhe), 6,5 cm (Breite), 3 cm (Tiefe)",,Spielzeugmuseum der Stadt Nürnberg (Museum Lydia Bayer); Toy museum of the city of Nuremberg (Museum Lydia Bayer); Spielzeugmuseum der Stadt Nürnberg (Museum Lydia Bayer),
/2064109/Museu_ProvidedCHO_Spielzeugmuseum_der_Stadt_N_rnberg__Museum_Lydia_Bayer__63481__Datensatz_,geformt & gebrannt & glasiert & bemalt,"Bemaßung:4 (Kanne) cm (Höhe), 9 (Tablett) cm (Durchmesser)",,Spielzeugmuseum der Stadt Nürnberg (Museum Lydia Bayer); Toy museum of the city of Nuremberg (Museum Lydia Bayer); Spielzeugmuseum der Stadt Nürnberg (Museum Lydia Bayer),
/2064109/Museu_ProvidedCHO_Spielzeugmuseum_der_Stadt_N_rnberg__Museum_Lydia_Bayer__63479__Datensatz_,gegossen & gedruckt & geklebt & beklebt; gegossen & gedruckt & geklebt & beklebt; Poured & printed & glued,"Bemaßung:16,5 cm (Höhe), 20,5 cm (Breite), 3 cm (Tiefe)",,Spielzeugmuseum der Stadt Nürnberg (Museum Lydia Bayer); Toy museum of the city of Nuremberg (Museum Lydia Bayer); Spielzeugmuseum der Stadt Nürnberg (Museum Lydia Bayer),
/2064109/Museu_ProvidedCHO_Spielzeugmuseum_der_Stadt_N_rnberg__Museum_Lydia_Bayer__63371__Datensatz_,geblasen & verspiegelt & bemalt,"Bemaßung:3,5 (Teekanne) cm (Höhe), 5 cm (Breite), 3 cm (Durchmesser)",,Spielzeugmuseum der Stadt Nürnberg (Museum Lydia Bayer); Toy museum of the city of Nuremberg (Museum Lydia Bayer); Spielzeugmuseum der Stadt Nürnberg (Museum Lydia Bayer),
/2064109/Museu_ProvidedCHO_Spielzeugmuseum_der_Stadt_N_rnberg__Museum_Lydia_Bayer__63369__Datensatz_,Poured & embossed & punched & bent & cluttered; gegossen & geprägt & gestanzt & gebogen & geklammert; gegossen & geprägt & gestanzt & gebogen & geklammert,"Bemaßung:2,5 (Kaffeekanne) cm (Höhe), 2 cm (Breite), 1 cm (Durchmesser)",,Spielzeugmuseum der Stadt Nürnberg (Museum Lydia Bayer); Toy museum of the city of Nuremberg (Museum Lydia Bayer); Spielzeugmuseum der Stadt Nürnberg (Museum Lydia Bayer),
/2064109/Museu_ProvidedCHO_Spielzeugmuseum_der_Stadt_N_rnberg__Museum_Lydia_Bayer__63365__Datensatz_,Poured & embossed & printed & cluttered; gegossen & geprägt & bedruckt & geklammert; gegossen & geprägt & bedruckt & geklammert,"Bemaßung:2,5 (Kaffekanne) cm (Höhe), 2 cm (Breite), 1 cm (Durchmesser)",,Spielzeugmuseum der Stadt Nürnberg (Museum Lydia Bayer); Toy museum of the city of Nuremberg (Museum Lydia Bayer); Spielzeugmuseum der Stadt Nürnberg (Museum Lydia Bayer),
/2064109/Museu_ProvidedCHO_Spielzeugmuseum_der_Stadt_N_rnberg__Museum_Lydia_Bayer__63348__Datensatz_,geformt & gebrannt & gepreßt & glasiert & bemalt & gedruckt (Chromolithographie),"Bemaßung:11,5 (Kanne) cm (Höhe), 11 cm (Breite), 6 cm (Durchmesser)",,Spielzeugmuseum der Stadt Nürnberg (Museum Lydia Bayer); Toy museum of the city of Nuremberg (Museum Lydia Bayer); Spielzeugmuseum der Stadt Nürnberg (Museum Lydia Bayer),
/2064109/Museu_ProvidedCHO_Spielzeugmuseum_der_Stadt_N_rnberg__Museum_Lydia_Bayer__63349__Datensatz_,geformt & gebrannt & gepreßt & glasiert & bemalt; geformt & gebrannt & gepreßt & glasiert & bemalt; Shaped & burnt & pressed & painted,"Bemaßung:7 (Kanne) cm (Höhe), 6,5 cm (Breite), 3,5 cm (Tiefe)",,Spielzeugmuseum der Stadt Nürnberg (Museum Lydia Bayer); Toy museum of the city of Nuremberg (Museum Lydia Bayer); Spielzeugmuseum der Stadt Nürnberg (Museum Lydia Bayer),
/2064109/Museu_ProvidedCHO_Spielzeugmuseum_der_Stadt_N_rnberg__Museum_Lydia_Bayer__63346__Datensatz_,geformt & gebrannt & gepreßt & glasiert & bemalt & gedruckt (Chromolithographie),"Bemaßung:1,5 (Tablett) cm (Höhe), 11 cm (Breite), 8,5 cm (Tiefe)",,Spielzeugmuseum der Stadt Nürnberg (Museum Lydia Bayer); Toy museum of the city of Nuremberg (Museum Lydia Bayer); Spielzeugmuseum der Stadt Nürnberg (Museum Lydia Bayer),
/2064109/Museu_ProvidedCHO_Spielzeugmuseum_der_Stadt_N_rnberg__Museum_Lydia_Bayer__63347__Datensatz_,geformt & gebrannt & gepreßt & glasiert & bemalt & gedruckt (Chromolithographie),"Bemaßung:7,5 (Kanne) cm (Höhe), 10 cm (Breite), 5 cm (Tiefe)",,Spielzeugmuseum der Stadt Nürnberg (Museum Lydia Bayer); Toy museum of the city of Nuremberg (Museum Lydia Bayer); Spielzeugmuseum der Stadt Nürnberg (Museum Lydia Bayer),
/2064109/Museu_ProvidedCHO_Spielzeugmuseum_der_Stadt_N_rnberg__Museum_Lydia_Bayer__63343__Datensatz_,geformt & gebrannt & gepreßt & glasiert & bemalt; geformt & gebrannt & gepreßt & glasiert & bemalt; Shaped & burnt & pressed & painted,"Bemaßung:6 (Kanne) cm (Höhe), 6,5 cm (Breite), 3 cm (Tiefe)",,Spielzeugmuseum der Stadt Nürnberg (Museum Lydia Bayer); Toy museum of the city of Nuremberg (Museum Lydia Bayer); Spielzeugmuseum der Stadt Nürnberg (Museum Lydia Bayer),
/2064109/Museu_ProvidedCHO_Spielzeugmuseum_der_Stadt_N_rnberg__Museum_Lydia_Bayer__63344__Datensatz_,geformt & gebrannt & gepreßt & glasiert & bemalt & gedruckt (Chromolithographie),"Bemaßung:6 (Kanne) cm (Höhe), 6,5 cm (Breite), 3 cm (Tiefe)",,Spielzeugmuseum der Stadt Nürnberg (Museum Lydia Bayer); Toy museum of the city of Nuremberg (Museum Lydia Bayer); Spielzeugmuseum der Stadt Nürnberg (Museum Lydia Bayer),
/2064109/Museu_ProvidedCHO_Spielzeugmuseum_der_Stadt_N_rnberg__Museum_Lydia_Bayer__63345__Datensatz_,geformt & gebrannt & gepreßt & glasiert & bemalt & gedruckt (Chromolithographie),"Bemaßung:2 (Tablett) cm (Höhe), 16,5 cm (Breite), 9 cm (Tiefe)",,Spielzeugmuseum der Stadt Nürnberg (Museum Lydia Bayer); Toy museum of the city of Nuremberg (Museum Lydia Bayer); Spielzeugmuseum der Stadt Nürnberg (Museum Lydia Bayer),
/2064109/Museu_ProvidedCHO_Spielzeugmuseum_der_Stadt_N_rnberg__Museum_Lydia_Bayer__63341__Datensatz_,geformt & gebrannt & gepreßt & glasiert & gedruckt (Chromolithographie) & bemalt & geheftet,"Bemaßung:14 (Kanne) cm (Höhe), 13 cm (Breite), 7 cm (Durchmesser)",,Spielzeugmuseum der Stadt Nürnberg (Museum Lydia Bayer); Toy museum of the city of Nuremberg (Museum Lydia Bayer); Spielzeugmuseum der Stadt Nürnberg (Museum Lydia Bayer),
/2064109/Museu_ProvidedCHO_Spielzeugmuseum_der_Stadt_N_rnberg__Museum_Lydia_Bayer__63339__Datensatz_,Shaped & burnt & pressed & painted & printed & stapled; geformt & gebrannt & gepreßt & glasiert & bemalt & bedruckt & geheftet; geformt & gebrannt & gepreßt & glasiert & bemalt & bedruckt & geheftet,"Bemaßung:7,5 (Kanne) cm (Höhe), 7,5 cm (Breite), 4 cm (Durchmesser)",,Spielzeugmuseum der Stadt Nürnberg (Museum Lydia Bayer); Toy museum of the city of Nuremberg (Museum Lydia Bayer); Spielzeugmuseum der Stadt Nürnberg (Museum Lydia Bayer),
/2064109/Museu_ProvidedCHO_Spielzeugmuseum_der_Stadt_N_rnberg__Museum_Lydia_Bayer__63336__Datensatz_,geformt & gebrannt & gepreßt & glasiert & bemalt; geformt & gebrannt & gepreßt & glasiert & bemalt; Shaped & burnt & pressed & painted,"Bemaßung:8,5 (Kanne) cm (Höhe), 6 cm (Durchmesser)",,Spielzeugmuseum der Stadt Nürnberg (Museum Lydia Bayer); Toy museum of the city of Nuremberg (Museum Lydia Bayer); Spielzeugmuseum der Stadt Nürnberg (Museum Lydia Bayer),
/2064109/Museu_ProvidedCHO_Spielzeugmuseum_der_Stadt_N_rnberg__Museum_Lydia_Bayer__63255__Datensatz_,geformt & gebrannt & bemalt & gedruckt & geklebt & gegossen & geheftet & glasiert; geformt & gebrannt & bemalt & gedruckt & geklebt & gegossen & geheftet & glasiert; Shaped & Burnt & Painted & Painted & Painted,"Bemaßung:9,5 cm (Höhe), 16 cm (Breite), 3,7 cm (Tiefe)",,Spielzeugmuseum der Stadt Nürnberg (Museum Lydia Bayer); Toy museum of the city of Nuremberg (Museum Lydia Bayer); Spielzeugmuseum der Stadt Nürnberg (Museum Lydia Bayer),
/2064109/Museu_ProvidedCHO_Spielzeugmuseum_der_Stadt_N_rnberg__Museum_Lydia_Bayer__60904__Datensatz_,geformt & gebrannt & bemalt & gedruckt & glasiert,"Bemaßung:14,5 cm (Höhe), 14 cm (Breite)",,Spielzeugmuseum der Stadt Nürnberg (Museum Lydia Bayer); Toy museum of the city of Nuremberg (Museum Lydia Bayer); Spielzeugmuseum der Stadt Nürnberg (Museum Lydia Bayer),
/2064109/Museu_ProvidedCHO_Spielzeugmuseum_der_Stadt_N_rnberg__Museum_Lydia_Bayer__60306__Datensatz_,geformt & gebrannt & bemalt; geformt & gebrannt & bemalt; Shaped & burned & painted,"Bemaßung:9,5 (Kaffeekanne) cm (Höhe)",,Spielzeugmuseum der Stadt Nürnberg (Museum Lydia Bayer); Toy museum of the city of Nuremberg (Museum Lydia Bayer); Spielzeugmuseum der Stadt Nürnberg (Museum Lydia Bayer),
/2064109/Museu_ProvidedCHO_Spielzeugmuseum_der_Stadt_N_rnberg__Museum_Lydia_Bayer__60307__Datensatz_,Shaped & Burnt & Painted & Painted & Printed & Painted & Lifted & Livered; geformt & gebrannt & bemalt & gegossen & gedruckt & geklebt & geheftet & lüstriert; geformt & gebrannt & bemalt & gegossen & gedruckt & geklebt & geheftet & lüstriert,"Bemaßung:31,3 cm (Höhe), 37 cm (Breite), 7 cm (Tiefe)",,Spielzeugmuseum der Stadt Nürnberg (Museum Lydia Bayer); Toy museum of the city of Nuremberg (Museum Lydia Bayer); Spielzeugmuseum der Stadt Nürnberg (Museum Lydia Bayer),
/2064109/Museu_ProvidedCHO_Spielzeugmuseum_der_Stadt_N_rnberg__Museum_Lydia_Bayer__60305__Datensatz_,geformt & gebrannt & bemalt; geformt & gebrannt & bemalt; Shaped & burned & painted,"Bemaßung:11,5 (Kaffeekanne) cm (Höhe)",,Spielzeugmuseum der Stadt Nürnberg (Museum Lydia Bayer); Toy museum of the city of Nuremberg (Museum Lydia Bayer); Spielzeugmuseum der Stadt Nürnberg (Museum Lydia Bayer),
/2064109/Museu_ProvidedCHO_Spielzeugmuseum_der_Stadt_N_rnberg__Museum_Lydia_Bayer__59909__Datensatz_,geformt & gebrannt & glasiert & bemalt,"Bemaßung:5,5 (Kanne) cm (Höhe), 10,5 (Tablett) cm (Durchmesser)",,Spielzeugmuseum der Stadt Nürnberg (Museum Lydia Bayer); Toy museum of the city of Nuremberg (Museum Lydia Bayer); Spielzeugmuseum der Stadt Nürnberg (Museum Lydia Bayer),
/2064109/Museu_ProvidedCHO_Spielzeugmuseum_der_Stadt_N_rnberg__Museum_Lydia_Bayer__59789__Datensatz_,Dressed & bent & cast; gestanzt & gebogen & gegossen; gestanzt & gebogen & gegossen,"Bemaßung:1,9 (Sieb) cm (Höhe), 3 cm (Durchmesser)",,Spielzeugmuseum der Stadt Nürnberg (Museum Lydia Bayer); Toy museum of the city of Nuremberg (Museum Lydia Bayer); Spielzeugmuseum der Stadt Nürnberg (Museum Lydia Bayer),
/2064109/Museu_ProvidedCHO_Spielzeugmuseum_der_Stadt_N_rnberg__Museum_Lydia_Bayer__59777__Datensatz_,Painted & carved & poured & glued; gesägt & geschnitzt & gedrechselt & gegossen & gesteckt & geklebt; gesägt & geschnitzt & gedrechselt & gegossen & gesteckt & geklebt,"Bemaßung:3 cm (Höhe), 3,2 cm (Durchmesser)",,Spielzeugmuseum der Stadt Nürnberg (Museum Lydia Bayer); Toy museum of the city of Nuremberg (Museum Lydia Bayer); Spielzeugmuseum der Stadt Nürnberg (Museum Lydia Bayer),
/2064109/Museu_ProvidedCHO_Spielzeugmuseum_der_Stadt_N_rnberg__Museum_Lydia_Bayer__59572__Datensatz_,geblasen,"Bemaßung:3,7 cm (Höhe), 2,2 cm (Durchmesser)",,Spielzeugmuseum der Stadt Nürnberg (Museum Lydia Bayer); Toy museum of the city of Nuremberg (Museum Lydia Bayer); Spielzeugmuseum der Stadt Nürnberg (Museum Lydia Bayer),
/2064109/Museu_ProvidedCHO_Spielzeugmuseum_der_Stadt_N_rnberg__Museum_Lydia_Bayer__59570__Datensatz_,geblasen & bemalt & gestanzt & gebogen; geblasen & bemalt & gestanzt & gebogen; Blowed & painted & punched & bent,"Bemaßung:3,7 cm (Höhe), 5 cm (Breite), 7,5 cm (Tiefe)",,Spielzeugmuseum der Stadt Nürnberg (Museum Lydia Bayer); Toy museum of the city of Nuremberg (Museum Lydia Bayer); Spielzeugmuseum der Stadt Nürnberg (Museum Lydia Bayer),
/2064109/Museu_ProvidedCHO_Spielzeugmuseum_der_Stadt_N_rnberg__Museum_Lydia_Bayer__59565__Datensatz_,Blowed & painted & reflected; geblasen & bemalt & verspiegelt; geblasen & bemalt & verspiegelt,"Bemaßung:4,5 (Teekanne, groß) cm (Höhe), 3,7 cm (Durchmesser)",,Spielzeugmuseum der Stadt Nürnberg (Museum Lydia Bayer); Toy museum of the city of Nuremberg (Museum Lydia Bayer); Spielzeugmuseum der Stadt Nürnberg (Museum Lydia Bayer),
/2064109/Museu_ProvidedCHO_Spielzeugmuseum_der_Stadt_N_rnberg__Museum_Lydia_Bayer__59566__Datensatz_,Blowed & painted & reflected; geblasen & bemalt & verspiegelt; geblasen & bemalt & verspiegelt,"Bemaßung:4 (Teekanne) cm (Höhe), 3 cm (Durchmesser)",,Spielzeugmuseum der Stadt Nürnberg (Museum Lydia Bayer); Toy museum of the city of Nuremberg (Museum Lydia Bayer); Spielzeugmuseum der Stadt Nürnberg (Museum Lydia Bayer),
/2064109/Museu_ProvidedCHO_Spielzeugmuseum_der_Stadt_N_rnberg__Museum_Lydia_Bayer__59563__Datensatz_,Blowed & painted & reflected; geblasen & bemalt & verspiegelt; geblasen & bemalt & verspiegelt,"Bemaßung:3,3 cm (Höhe), 2,4 cm (Durchmesser)",,Spielzeugmuseum der Stadt Nürnberg (Museum Lydia Bayer); Toy museum of the city of Nuremberg (Museum Lydia Bayer); Spielzeugmuseum der Stadt Nürnberg (Museum Lydia Bayer),
/2064109/Museu_ProvidedCHO_Spielzeugmuseum_der_Stadt_N_rnberg__Museum_Lydia_Bayer__59533__Datensatz_,Dressed & bent & cast; gestanzt & gebogen & gegossen; gestanzt & gebogen & gegossen,"Bemaßung:1,7 cm (Höhe), 1,1 cm (Durchmesser)",,Spielzeugmuseum der Stadt Nürnberg (Museum Lydia Bayer); Toy museum of the city of Nuremberg (Museum Lydia Bayer); Spielzeugmuseum der Stadt Nürnberg (Museum Lydia Bayer),
/2064109/Museu_ProvidedCHO_Spielzeugmuseum_der_Stadt_N_rnberg__Museum_Lydia_Bayer__59530__Datensatz_,geformt & gebrannt; geformt & gebrannt; Shaped & Burnt,"Bemaßung:4 (Stövchen) cm (Höhe), 5 cm (Durchmesser)",,Spielzeugmuseum der Stadt Nürnberg (Museum Lydia Bayer); Toy museum of the city of Nuremberg (Museum Lydia Bayer); Spielzeugmuseum der Stadt Nürnberg (Museum Lydia Bayer),
/2064109/Museu_ProvidedCHO_Spielzeugmuseum_der_Stadt_N_rnberg__Museum_Lydia_Bayer__59512__Datensatz_,geformt & bemalt & gebrannt & glasiert,"Bemaßung:7,5 (Tablett) cm (Breite), 4,8 cm (Tiefe)",,Spielzeugmuseum der Stadt Nürnberg (Museum Lydia Bayer); Toy museum of the city of Nuremberg (Museum Lydia Bayer); Spielzeugmuseum der Stadt Nürnberg (Museum Lydia Bayer),
/2064109/Museu_ProvidedCHO_Spielzeugmuseum_der_Stadt_N_rnberg__Museum_Lydia_Bayer__59475__Datensatz_,geformt & gebrannt & bemalt; geformt & gebrannt & bemalt; Shaped & burned & painted,"Bemaßung:12,5 cm (Höhe)",,Spielzeugmuseum der Stadt Nürnberg (Museum Lydia Bayer); Toy museum of the city of Nuremberg (Museum Lydia Bayer); Spielzeugmuseum der Stadt Nürnberg (Museum Lydia Bayer),
/2064109/Museu_ProvidedCHO_Spielzeugmuseum_der_Stadt_N_rnberg__Museum_Lydia_Bayer__59269__Datensatz_,geformt & gebrannt & bemalt; geformt & gebrannt & bemalt; Shaped & burned & painted,Bemaßung:8 (Kaffeekanne) cm (Höhe),,Spielzeugmuseum der Stadt Nürnberg (Museum Lydia Bayer); Toy museum of the city of Nuremberg (Museum Lydia Bayer); Spielzeugmuseum der Stadt Nürnberg (Museum Lydia Bayer),
/2064109/Museu_ProvidedCHO_Spielzeugmuseum_der_Stadt_N_rnberg__Museum_Lydia_Bayer__58987__Datensatz_,geformt & gebrannt & bemalt & glasiert,"Bemaßung:10,5 cm (Höhe), 5 cm (Breite), 8,5 cm (Tiefe)",,Spielzeugmuseum der Stadt Nürnberg (Museum Lydia Bayer); Toy museum of the city of Nuremberg (Museum Lydia Bayer); Spielzeugmuseum der Stadt Nürnberg (Museum Lydia Bayer),
/2064109/Museu_ProvidedCHO_Spielzeugmuseum_der_Stadt_N_rnberg__Museum_Lydia_Bayer__5887__Datensatz_,gebrannt & glasiert,"Bemaßung:3,3 (Kaffeekanne) cm (Höhe), 10 (Tablett) cm (Breite)",,Spielzeugmuseum der Stadt Nürnberg (Museum Lydia Bayer); Toy museum of the city of Nuremberg (Museum Lydia Bayer); Spielzeugmuseum der Stadt Nürnberg (Museum Lydia Bayer),
/2064109/Museu_ProvidedCHO_Spielzeugmuseum_der_Stadt_N_rnberg__Museum_Lydia_Bayer__5886__Datensatz_,gebrannt & glasiert,"Bemaßung:10 (Kaffeekanne) cm (Höhe), 21 (Tablett) cm (Breite)",,Spielzeugmuseum der Stadt Nürnberg (Museum Lydia Bayer); Toy museum of the city of Nuremberg (Museum Lydia Bayer); Spielzeugmuseum der Stadt Nürnberg (Museum Lydia Bayer),
/2064109/Museu_ProvidedCHO_Spielzeugmuseum_der_Stadt_N_rnberg__Museum_Lydia_Bayer__58803__Datensatz_,Shaped & Burnt & Painted; geformt & gebrannt & bemalt & lasiert; geformt & gebrannt & bemalt & lasiert,"Bemaßung:9,5 cm (Höhe)",,Spielzeugmuseum der Stadt Nürnberg (Museum Lydia Bayer); Toy museum of the city of Nuremberg (Museum Lydia Bayer); Spielzeugmuseum der Stadt Nürnberg (Museum Lydia Bayer),
/2064109/Museu_ProvidedCHO_Spielzeugmuseum_der_Stadt_N_rnberg__Museum_Lydia_Bayer__58341__Datensatz_,geformt & gebrannt & gegossen & gedruckt (Chromolithographie) & geklebt,"Bemaßung:24,5 cm (Höhe), 34 cm (Breite), 7,5 cm (Tiefe)",,Spielzeugmuseum der Stadt Nürnberg (Museum Lydia Bayer); Toy museum of the city of Nuremberg (Museum Lydia Bayer); Spielzeugmuseum der Stadt Nürnberg (Museum Lydia Bayer),
/2064109/Museu_ProvidedCHO_Spielzeugmuseum_der_Stadt_N_rnberg__Museum_Lydia_Bayer__58146__Datensatz_,Painted & carved & painted & nailed & wrapped & glued & plaited & blown & bent; gesägt & gedrechselt & geschnitzt & bemalt & gegossen & genagelt & gewickelt & geschnitten & geklebt & gesteckt & geblasen & gelötet & gebogen; gesägt & gedrechselt & geschnitzt & bemalt & gegossen & genagelt & gewickelt & geschnitten & geklebt & gesteckt & geblasen & gelötet & gebogen,"Bemaßung:38,5 cm (Höhe), 30 cm (Breite), 26 cm (Tiefe)",,Spielzeugmuseum der Stadt Nürnberg (Museum Lydia Bayer); Toy museum of the city of Nuremberg (Museum Lydia Bayer); Spielzeugmuseum der Stadt Nürnberg (Museum Lydia Bayer),
/2064109/Museu_ProvidedCHO_Spielzeugmuseum_der_Stadt_N_rnberg__Museum_Lydia_Bayer__58134__Datensatz_,gegossen,"Bemaßung:2,5 cm (Höhe), 1,8 cm (Durchmesser)",,Spielzeugmuseum der Stadt Nürnberg (Museum Lydia Bayer); Toy museum of the city of Nuremberg (Museum Lydia Bayer); Spielzeugmuseum der Stadt Nürnberg (Museum Lydia Bayer),
/2064109/Museu_ProvidedCHO_Spielzeugmuseum_der_Stadt_N_rnberg__Museum_Lydia_Bayer__58125__Datensatz_,geformt & gebrannt & bemalt; geformt & gebrannt & bemalt; Shaped & burned & painted,"Bemaßung:6 cm (Höhe), 5,5 cm (Breite)",,Spielzeugmuseum der Stadt Nürnberg (Museum Lydia Bayer); Toy museum of the city of Nuremberg (Museum Lydia Bayer); Spielzeugmuseum der Stadt Nürnberg (Museum Lydia Bayer),
/2064109/Museu_ProvidedCHO_Spielzeugmuseum_der_Stadt_N_rnberg__Museum_Lydia_Bayer__57901__Datensatz_,geformt & gebrannt & bemalt & glasiert,"Bemaßung:15 cm (Höhe), 12 cm (Durchmesser)",,Spielzeugmuseum der Stadt Nürnberg (Museum Lydia Bayer); Toy museum of the city of Nuremberg (Museum Lydia Bayer); Spielzeugmuseum der Stadt Nürnberg (Museum Lydia Bayer),
/2064109/Museu_ProvidedCHO_Spielzeugmuseum_der_Stadt_N_rnberg__Museum_Lydia_Bayer__57656__Datensatz_,geformt & gebrannt & glasiert,"Bemaßung:5,8 (Kanne) cm (Höhe)",,Spielzeugmuseum der Stadt Nürnberg (Museum Lydia Bayer); Toy museum of the city of Nuremberg (Museum Lydia Bayer); Spielzeugmuseum der Stadt Nürnberg (Museum Lydia Bayer),
/2064109/Museu_ProvidedCHO_Spielzeugmuseum_der_Stadt_N_rnberg__Museum_Lydia_Bayer__57491__Datensatz_,geformt & gebrannt & glasiert & bemalt,Bemaßung:12 (Kaffeekanne) cm (Höhe),,Spielzeugmuseum der Stadt Nürnberg (Museum Lydia Bayer); Toy museum of the city of Nuremberg (Museum Lydia Bayer); Spielzeugmuseum der Stadt Nürnberg (Museum Lydia Bayer),
/2064109/Museu_ProvidedCHO_Spielzeugmuseum_der_Stadt_N_rnberg__Museum_Lydia_Bayer__57036__Datensatz_,gegossen,Bemaßung:8 (Teller) cm (Durchmesser),,Spielzeugmuseum der Stadt Nürnberg (Museum Lydia Bayer); Toy museum of the city of Nuremberg (Museum Lydia Bayer); Spielzeugmuseum der Stadt Nürnberg (Museum Lydia Bayer),
/2064109/Museu_ProvidedCHO_Spielzeugmuseum_der_Stadt_N_rnberg__Museum_Lydia_Bayer__56919__Datensatz_,gegossen,"Bemaßung:3,1 (Kanne) cm (Höhe)",,Spielzeugmuseum der Stadt Nürnberg (Museum Lydia Bayer); Toy museum of the city of Nuremberg (Museum Lydia Bayer); Spielzeugmuseum der Stadt Nürnberg (Museum Lydia Bayer),
/2064109/Museu_ProvidedCHO_Spielzeugmuseum_der_Stadt_N_rnberg__Museum_Lydia_Bayer__5687__Datensatz_,gebrannt & glasiert & bedruckt,Bemaßung:x cm (Höhe),,Spielzeugmuseum der Stadt Nürnberg (Museum Lydia Bayer); Toy museum of the city of Nuremberg (Museum Lydia Bayer); Spielzeugmuseum der Stadt Nürnberg (Museum Lydia Bayer),
/2064109/Museu_ProvidedCHO_Spielzeugmuseum_der_Stadt_N_rnberg__Museum_Lydia_Bayer__56837__Datensatz_,geformt & gebrannt & bemalt; geformt & gebrannt & bemalt; Shaped & burned & painted,"Bemaßung:11 (Kanne) cm (Höhe), 11 (Teller) cm (Durchmesser)",,Spielzeugmuseum der Stadt Nürnberg (Museum Lydia Bayer); Toy museum of the city of Nuremberg (Museum Lydia Bayer); Spielzeugmuseum der Stadt Nürnberg (Museum Lydia Bayer),
/2064109/Museu_ProvidedCHO_Spielzeugmuseum_der_Stadt_N_rnberg__Museum_Lydia_Bayer__5531__Datensatz_,gebrannt; gebrannt; burnt,"Bemaßung:3,5 (Tasse) &  10,5 (Kaffeekanne) cm (Höhe)",,Spielzeugmuseum der Stadt Nürnberg (Museum Lydia Bayer); Toy museum of the city of Nuremberg (Museum Lydia Bayer); Spielzeugmuseum der Stadt Nürnberg (Museum Lydia Bayer),
/2064109/Museu_ProvidedCHO_Spielzeugmuseum_der_Stadt_N_rnberg__Museum_Lydia_Bayer__5530__Datensatz_,gebrannt; gebrannt; burnt,"Bemaßung:3,5 (Tasse) & 9 (Kaffeekanne) cm (Höhe)",,Spielzeugmuseum der Stadt Nürnberg (Museum Lydia Bayer); Toy museum of the city of Nuremberg (Museum Lydia Bayer); Spielzeugmuseum der Stadt Nürnberg (Museum Lydia Bayer),
/2064109/Museu_ProvidedCHO_Spielzeugmuseum_der_Stadt_N_rnberg__Museum_Lydia_Bayer__52887__Datensatz_,gegossen,"Bemaßung:7,5 (Bowle-Ständer) cm (Höhe)",,Spielzeugmuseum der Stadt Nürnberg (Museum Lydia Bayer); Toy museum of the city of Nuremberg (Museum Lydia Bayer); Spielzeugmuseum der Stadt Nürnberg (Museum Lydia Bayer),
/2064109/Museu_ProvidedCHO_Spielzeugmuseum_der_Stadt_N_rnberg__Museum_Lydia_Bayer__52853__Datensatz_,gesägt & gegossen & bemalt & gedrechselt & beklebt; gesägt & gegossen & bemalt & gedrechselt & beklebt; Painted & Painted & Painted,"Bemaßung:12,5 (Puppe) cm (Höhe)",,Spielzeugmuseum der Stadt Nürnberg (Museum Lydia Bayer); Toy museum of the city of Nuremberg (Museum Lydia Bayer); Spielzeugmuseum der Stadt Nürnberg (Museum Lydia Bayer),
/2064109/Museu_ProvidedCHO_Spielzeugmuseum_der_Stadt_N_rnberg__Museum_Lydia_Bayer__49546__Datensatz_,gesägt & gedrechselt & lackiert & gegossen & handgefertigt & gehäkelt & gestrickt & gebogen & genäht & gefüllt & bemalt & geklebt & geleimt & bronziert & gebrannt & glasiert & gedruckt & geprägt & bestickt & gedruckt (Chromolithographie),"Bemaßung:22 (Wohnzimmerschrank) cm (Höhe), 14 cm (Breite), 5,6 cm (Tiefe)",,Spielzeugmuseum der Stadt Nürnberg (Museum Lydia Bayer); Toy museum of the city of Nuremberg (Museum Lydia Bayer); Spielzeugmuseum der Stadt Nürnberg (Museum Lydia Bayer),
/2064109/Museu_ProvidedCHO_Spielzeugmuseum_der_Stadt_N_rnberg__Museum_Lydia_Bayer__48771__Datensatz_,geformt & gebrannt & glasiert & bemalt,"Bemaßung:7,5 (Teekanne) cm (Höhe), 8,5 cm (Durchmesser)",,Spielzeugmuseum der Stadt Nürnberg (Museum Lydia Bayer); Toy museum of the city of Nuremberg (Museum Lydia Bayer); Spielzeugmuseum der Stadt Nürnberg (Museum Lydia Bayer),
/2064109/Museu_ProvidedCHO_Spielzeugmuseum_der_Stadt_N_rnberg__Museum_Lydia_Bayer__48517__Datensatz_,gegossen & geprägt; gegossen & geprägt; cast & embossed,"Bemaßung:5,3 (Kaffeekanne) cm (Höhe)",,Spielzeugmuseum der Stadt Nürnberg (Museum Lydia Bayer); Toy museum of the city of Nuremberg (Museum Lydia Bayer); Spielzeugmuseum der Stadt Nürnberg (Museum Lydia Bayer),
/2064109/Museu_ProvidedCHO_Spielzeugmuseum_der_Stadt_N_rnberg__Museum_Lydia_Bayer__48480__Datensatz_,geformt & gebrannt & bemalt & glasiert,Bemaßung:14 (Kaffeekanne) cm (Höhe),,Spielzeugmuseum der Stadt Nürnberg (Museum Lydia Bayer); Toy museum of the city of Nuremberg (Museum Lydia Bayer); Spielzeugmuseum der Stadt Nürnberg (Museum Lydia Bayer),
/2064109/Museu_ProvidedCHO_Spielzeugmuseum_der_Stadt_N_rnberg__Museum_Lydia_Bayer__48345__Datensatz_,geformt & gebrannt & glasiert,"Bemaßung:11,5 (Teekanne( cm (Höhe), 9,5 cm (Durchmesser)",,Spielzeugmuseum der Stadt Nürnberg (Museum Lydia Bayer); Toy museum of the city of Nuremberg (Museum Lydia Bayer); Spielzeugmuseum der Stadt Nürnberg (Museum Lydia Bayer),
/2064109/Museu_ProvidedCHO_Spielzeugmuseum_der_Stadt_N_rnberg__Museum_Lydia_Bayer__48277__Datensatz_,geformt & gebrannt & bemalt & glasiert,"Bemaßung:7 (Kaffeekanne) cm (Höhe), 4 cm (Durchmesser)",,Spielzeugmuseum der Stadt Nürnberg (Museum Lydia Bayer); Toy museum of the city of Nuremberg (Museum Lydia Bayer); Spielzeugmuseum der Stadt Nürnberg (Museum Lydia Bayer),
/2064109/Museu_ProvidedCHO_Spielzeugmuseum_der_Stadt_N_rnberg__Museum_Lydia_Bayer__48065__Datensatz_,gegossen,"Bemaßung:3,8 (Kanne) cm (Höhe)",,Spielzeugmuseum der Stadt Nürnberg (Museum Lydia Bayer); Toy museum of the city of Nuremberg (Museum Lydia Bayer); Spielzeugmuseum der Stadt Nürnberg (Museum Lydia Bayer),
/2064109/Museu_ProvidedCHO_Spielzeugmuseum_der_Stadt_N_rnberg__Museum_Lydia_Bayer__48059__Datensatz_,gesägt & gedrechselt & geleimt & gebohrt & gesteckt & lackiert & geklebt & gegossen & geprägt & gebeizt; gesägt & gedrechselt & geleimt & gebohrt & gesteckt & lackiert & geklebt & gegossen & geprägt & gebeizt; Sawn & molded & molded & molded & dined,"Bemaßung:16,8 (Standuhr) cm (Höhe), 6,5 cm (Breite), 3,8 cm (Tiefe)",,Spielzeugmuseum der Stadt Nürnberg (Museum Lydia Bayer); Toy museum of the city of Nuremberg (Museum Lydia Bayer); Spielzeugmuseum der Stadt Nürnberg (Museum Lydia Bayer),
/2064109/Museu_ProvidedCHO_Spielzeugmuseum_der_Stadt_N_rnberg__Museum_Lydia_Bayer__47580__Datensatz_,Violated & enameled & painted; gewalzt & emailliert & bemalt; gewalzt & emailliert & bemalt,"Bemaßung:7,5 (Kaffeekanne) cm (Höhe); Bemaßung:7,5 (Kaffeekanne) cm (Höhe); Dimension: 7.5 (coffee pot) cm (height)",,Spielzeugmuseum der Stadt Nürnberg (Museum Lydia Bayer); Toy museum of the city of Nuremberg (Museum Lydia Bayer); Spielzeugmuseum der Stadt Nürnberg (Museum Lydia Bayer),
/2064109/Museu_ProvidedCHO_Spielzeugmuseum_der_Stadt_N_rnberg__Museum_Lydia_Bayer__47338__Datensatz_,geformt & gebrannt & glasiert,"Bemaßung:14,5 (Kaffeekanne) cm (Höhe)",,Spielzeugmuseum der Stadt Nürnberg (Museum Lydia Bayer); Toy museum of the city of Nuremberg (Museum Lydia Bayer); Spielzeugmuseum der Stadt Nürnberg (Museum Lydia Bayer),
/2064109/Museu_ProvidedCHO_Spielzeugmuseum_der_Stadt_N_rnberg__Museum_Lydia_Bayer__47280__Datensatz_,geformt & gebrannt & glasiert & bemalt,"Bemaßung:3 (Teekanne) cm (Höhe), 2,5 cm (Durchmesser)",,Spielzeugmuseum der Stadt Nürnberg (Museum Lydia Bayer); Toy museum of the city of Nuremberg (Museum Lydia Bayer); Spielzeugmuseum der Stadt Nürnberg (Museum Lydia Bayer),
/2064109/Museu_ProvidedCHO_Spielzeugmuseum_der_Stadt_N_rnberg__Museum_Lydia_Bayer__46744__Datensatz_,geformt & gebrannt & bemalt & glasiert & gesägt,Bemaßung:3 (Kaffeekanne) cm (Höhe),,Spielzeugmuseum der Stadt Nürnberg (Museum Lydia Bayer); Toy museum of the city of Nuremberg (Museum Lydia Bayer); Spielzeugmuseum der Stadt Nürnberg (Museum Lydia Bayer),
/2064109/Museu_ProvidedCHO_Spielzeugmuseum_der_Stadt_N_rnberg__Museum_Lydia_Bayer__46743__Datensatz_,Painted & glued & cut & sewn & twisted & milled & pressed & molded & burned & painted; gesägt & geleimt & beklebt & geschnitten & gegossen & genäht & gedreht & gefräst & gedrechselt & gepreßt & geformt & gebrannt & bemalt; gesägt & geleimt & beklebt & geschnitten & gegossen & genäht & gedreht & gefräst & gedrechselt & gepreßt & geformt & gebrannt & bemalt,"Bemaßung:39,5 cm (Höhe), 85,5 cm (Breite), 48 cm (Tiefe)",,Spielzeugmuseum der Stadt Nürnberg (Museum Lydia Bayer); Toy museum of the city of Nuremberg (Museum Lydia Bayer); Spielzeugmuseum der Stadt Nürnberg (Museum Lydia Bayer),
/2064109/Museu_ProvidedCHO_Spielzeugmuseum_der_Stadt_N_rnberg__Museum_Lydia_Bayer__46393__Datensatz_,gegossen,"Bemaßung:5,5 cm (Breite), 8,6 (Tablett) cm (Länge)",,Spielzeugmuseum der Stadt Nürnberg (Museum Lydia Bayer); Toy museum of the city of Nuremberg (Museum Lydia Bayer); Spielzeugmuseum der Stadt Nürnberg (Museum Lydia Bayer),
/2064109/Museu_ProvidedCHO_Spielzeugmuseum_der_Stadt_N_rnberg__Museum_Lydia_Bayer__44851__Datensatz_,Blowed & Coated; geblasen & beschichtet; geblasen & beschichtet,Bemaßung:3 (Kaffeekanne) cm (Höhe),,Spielzeugmuseum der Stadt Nürnberg (Museum Lydia Bayer); Toy museum of the city of Nuremberg (Museum Lydia Bayer); Spielzeugmuseum der Stadt Nürnberg (Museum Lydia Bayer),
/2064109/Museu_ProvidedCHO_Spielzeugmuseum_der_Stadt_N_rnberg__Museum_Lydia_Bayer__44591__Datensatz_,geleimt & gesägt & geklebt & gestrichen & geformt & gebrannt & glasiert & gewalzt & gestanzt & gegossen & bemalt & emailliert; geleimt & gesägt & geklebt & gestrichen & geformt & gebrannt & glasiert & gewalzt & gestanzt & gegossen & bemalt & emailliert; Painted & Painted & Painted & Moulded & Burnt & Glazed & Rolled & Painted & Painted,"Bemaßung:47,5 cm (Höhe), 141 cm (Breite), 52 cm (Tiefe)",,Spielzeugmuseum der Stadt Nürnberg (Museum Lydia Bayer); Toy museum of the city of Nuremberg (Museum Lydia Bayer); Spielzeugmuseum der Stadt Nürnberg (Museum Lydia Bayer),
/2064109/Museu_ProvidedCHO_Spielzeugmuseum_der_Stadt_N_rnberg__Museum_Lydia_Bayer__44529__Datensatz_,gesägt & bemalt; gesägt & bemalt; Painted & Painted,"Bemaßung:5,5 (Teekanne) cm (Höhe), 2,5 cm (Durchmesser)",,Spielzeugmuseum der Stadt Nürnberg (Museum Lydia Bayer); Toy museum of the city of Nuremberg (Museum Lydia Bayer); Spielzeugmuseum der Stadt Nürnberg (Museum Lydia Bayer),
/2064109/Museu_ProvidedCHO_Spielzeugmuseum_der_Stadt_N_rnberg__Museum_Lydia_Bayer__43722__Datensatz_,geformt & gebrannt & bemalt & glasiert,Bemaßung:11 (Kaffeekanne) cm (Höhe),,Spielzeugmuseum der Stadt Nürnberg (Museum Lydia Bayer); Toy museum of the city of Nuremberg (Museum Lydia Bayer); Spielzeugmuseum der Stadt Nürnberg (Museum Lydia Bayer),
/2064109/Museu_ProvidedCHO_Spielzeugmuseum_der_Stadt_N_rnberg__Museum_Lydia_Bayer__43721__Datensatz_,geformt & gebrannt & bemalt & glasiert,"Bemaßung:6,5 (Kaffeekanne) cm (Höhe)",,Spielzeugmuseum der Stadt Nürnberg (Museum Lydia Bayer); Toy museum of the city of Nuremberg (Museum Lydia Bayer); Spielzeugmuseum der Stadt Nürnberg (Museum Lydia Bayer),
/2064109/Museu_ProvidedCHO_Spielzeugmuseum_der_Stadt_N_rnberg__Museum_Lydia_Bayer__43347__Datensatz_,Shaped & painted & burned & sewn; geformt & bemalt & gebrannt & genäht; geformt & bemalt & gebrannt & genäht,"Bemaßung:5,5 (Kanne) cm (Höhe); Dimension: 5.5 (pot) cm (height); Bemaßung:5,5 (Kanne) cm (Höhe)",,Spielzeugmuseum der Stadt Nürnberg (Museum Lydia Bayer); Toy museum of the city of Nuremberg (Museum Lydia Bayer); Spielzeugmuseum der Stadt Nürnberg (Museum Lydia Bayer),
/2064109/Museu_ProvidedCHO_Spielzeugmuseum_der_Stadt_N_rnberg__Museum_Lydia_Bayer__43344__Datensatz_,geformt & gebrannt & bemalt & glasiert,"Bemaßung:4,3 (Kaffeekanne) cm (Höhe); Dimension: 4.3 (coffee pot) cm (height); Bemaßung:4,3 (Kaffeekanne) cm (Höhe)",,Spielzeugmuseum der Stadt Nürnberg (Museum Lydia Bayer); Toy museum of the city of Nuremberg (Museum Lydia Bayer); Spielzeugmuseum der Stadt Nürnberg (Museum Lydia Bayer),
/2064109/Museu_ProvidedCHO_Spielzeugmuseum_der_Stadt_N_rnberg__Museum_Lydia_Bayer__42485__Datensatz_,geformt & gebrannt & bemalt & glasiert,Bemaßung:10 (Kaffeekanne) cm (Höhe),,Spielzeugmuseum der Stadt Nürnberg (Museum Lydia Bayer); Toy museum of the city of Nuremberg (Museum Lydia Bayer); Spielzeugmuseum der Stadt Nürnberg (Museum Lydia Bayer),
/2064109/Museu_ProvidedCHO_Spielzeugmuseum_der_Stadt_N_rnberg__Museum_Lydia_Bayer__42458__Datensatz_,geformt & gebrannt & glasiert & bemalt,"Bemaßung:16 (Kaffeekanne) cm (Höhe), 7,5 cm (Durchmesser)",,Spielzeugmuseum der Stadt Nürnberg (Museum Lydia Bayer); Toy museum of the city of Nuremberg (Museum Lydia Bayer); Spielzeugmuseum der Stadt Nürnberg (Museum Lydia Bayer),
/2064109/Museu_ProvidedCHO_Spielzeugmuseum_der_Stadt_N_rnberg__Museum_Lydia_Bayer__42162__Datensatz_,geformt & glasiert & gebrannt & bemalt,"Bemaßung:4 (Kaffeekanne) cm (Höhe), 2,2 cm (Durchmesser)",,Spielzeugmuseum der Stadt Nürnberg (Museum Lydia Bayer); Toy museum of the city of Nuremberg (Museum Lydia Bayer); Spielzeugmuseum der Stadt Nürnberg (Museum Lydia Bayer),
/2064109/Museu_ProvidedCHO_Spielzeugmuseum_der_Stadt_N_rnberg__Museum_Lydia_Bayer__41583__Datensatz_,gegossen,Bemaßung:3 cm (Höhe),,Spielzeugmuseum der Stadt Nürnberg (Museum Lydia Bayer); Toy museum of the city of Nuremberg (Museum Lydia Bayer); Spielzeugmuseum der Stadt Nürnberg (Museum Lydia Bayer),
/2064109/Museu_ProvidedCHO_Spielzeugmuseum_der_Stadt_N_rnberg__Museum_Lydia_Bayer__41492__Datensatz_,geformt & gebrannt & glasiert,"Bemaßung:30 (Verpackung) cm (Höhe), 42 cm (Breite), 8 cm (Tiefe)",,Spielzeugmuseum der Stadt Nürnberg (Museum Lydia Bayer); Toy museum of the city of Nuremberg (Museum Lydia Bayer); Spielzeugmuseum der Stadt Nürnberg (Museum Lydia Bayer),
/2064109/Museu_ProvidedCHO_Spielzeugmuseum_der_Stadt_N_rnberg__Museum_Lydia_Bayer__41083__Datensatz_,gesägt & geleimt & bemalt & gebrannt; gesägt & geleimt & bemalt & gebrannt; Painted & painted & burned,"Bemaßung:39 cm (Höhe), 48 cm (Breite), 32 cm (Tiefe)",,Spielzeugmuseum der Stadt Nürnberg (Museum Lydia Bayer); Toy museum of the city of Nuremberg (Museum Lydia Bayer); Spielzeugmuseum der Stadt Nürnberg (Museum Lydia Bayer),
/2064109/Museu_ProvidedCHO_Spielzeugmuseum_der_Stadt_N_rnberg__Museum_Lydia_Bayer__41076__Datensatz_,casting; gegossen & gepreßt; gegossen & gepreßt,"Bemaßung:9,5 (Kaffeekanne) cm (Höhe)",,Spielzeugmuseum der Stadt Nürnberg (Museum Lydia Bayer); Toy museum of the city of Nuremberg (Museum Lydia Bayer); Spielzeugmuseum der Stadt Nürnberg (Museum Lydia Bayer),
/2064109/Museu_ProvidedCHO_Spielzeugmuseum_der_Stadt_N_rnberg__Museum_Lydia_Bayer__41051__Datensatz_,geformt & gebrannt & bemalt; geformt & gebrannt & bemalt; Shaped & burned & painted,"Bemaßung:5,5 (Kaffeekanne) cm (Höhe)",,Spielzeugmuseum der Stadt Nürnberg (Museum Lydia Bayer); Toy museum of the city of Nuremberg (Museum Lydia Bayer); Spielzeugmuseum der Stadt Nürnberg (Museum Lydia Bayer),
/2064109/Museu_ProvidedCHO_Spielzeugmuseum_der_Stadt_N_rnberg__Museum_Lydia_Bayer__39653__Datensatz_,handgefertigt : gesägt & genagelt & geklebt & gewalzt & gestanzt & geprägt & gesteckt & gegossen & gepreßt & genäht & bedruckt (Chromolithographie) & gedrechselt & gefräst & lackiert & bestickt & gehäkelt,"Bemaßung:26,8 cm (Höhe), 47 cm (Breite), 27 cm (Tiefe)",,Spielzeugmuseum der Stadt Nürnberg (Museum Lydia Bayer); Toy museum of the city of Nuremberg (Museum Lydia Bayer); Spielzeugmuseum der Stadt Nürnberg (Museum Lydia Bayer),
/2064109/Museu_ProvidedCHO_Spielzeugmuseum_der_Stadt_N_rnberg__Museum_Lydia_Bayer__39363__Datensatz_,gesägt & geschnitzt & bemalt; gesägt & geschnitzt & bemalt; Painted & carved & painted,"Bemaßung:7,2 (Tisch) cm (Höhe), 12,5 cm (Breite), 6,8 cm (Tiefe)",,Spielzeugmuseum der Stadt Nürnberg (Museum Lydia Bayer); Toy museum of the city of Nuremberg (Museum Lydia Bayer); Spielzeugmuseum der Stadt Nürnberg (Museum Lydia Bayer),
/2064109/Museu_ProvidedCHO_Spielzeugmuseum_der_Stadt_N_rnberg__Museum_Lydia_Bayer__39155__Datensatz_,gegossen,"Bemaßung:1,1 (Kanne) cm (Höhe)",,Spielzeugmuseum der Stadt Nürnberg (Museum Lydia Bayer); Toy museum of the city of Nuremberg (Museum Lydia Bayer); Spielzeugmuseum der Stadt Nürnberg (Museum Lydia Bayer),
/2064109/Museu_ProvidedCHO_Spielzeugmuseum_der_Stadt_N_rnberg__Museum_Lydia_Bayer__37806__Datensatz_,geformt & gebrannt & glasiert & bemalt,Bemaßung:4 (Kanne) cm (Höhe),,Spielzeugmuseum der Stadt Nürnberg (Museum Lydia Bayer); Toy museum of the city of Nuremberg (Museum Lydia Bayer); Spielzeugmuseum der Stadt Nürnberg (Museum Lydia Bayer),
/2064109/Museu_ProvidedCHO_Spielzeugmuseum_der_Stadt_N_rnberg__Museum_Lydia_Bayer__37736__Datensatz_,Dressed & bent; gestanzt & gebogen; gestanzt & gebogen,"Bemaßung:12 (Teekanne) cm (Höhe), 5 cm (Durchmesser)",,Spielzeugmuseum der Stadt Nürnberg (Museum Lydia Bayer); Toy museum of the city of Nuremberg (Museum Lydia Bayer); Spielzeugmuseum der Stadt Nürnberg (Museum Lydia Bayer),
/2064109/Museu_ProvidedCHO_Spielzeugmuseum_der_Stadt_N_rnberg__Museum_Lydia_Bayer__37118__Datensatz_,gegossen,"Bemaßung:4,3 cm (Höhe), 4,5 cm (Breite), 2,4 cm (Durchmesser)",,Spielzeugmuseum der Stadt Nürnberg (Museum Lydia Bayer); Toy museum of the city of Nuremberg (Museum Lydia Bayer); Spielzeugmuseum der Stadt Nürnberg (Museum Lydia Bayer),
/2064109/Museu_ProvidedCHO_Spielzeugmuseum_der_Stadt_N_rnberg__Museum_Lydia_Bayer__37117__Datensatz_,casting & soldered; gegossen & gelötet; gegossen & gelötet,"Bemaßung:4,3 cm (Höhe), 5,3 cm (Breite), 3,4 cm (Durchmesser)",,Spielzeugmuseum der Stadt Nürnberg (Museum Lydia Bayer); Toy museum of the city of Nuremberg (Museum Lydia Bayer); Spielzeugmuseum der Stadt Nürnberg (Museum Lydia Bayer),
/2064109/Museu_ProvidedCHO_Spielzeugmuseum_der_Stadt_N_rnberg__Museum_Lydia_Bayer__37101__Datensatz_,casting & soldered; gegossen & gelötet; gegossen & gelötet,"Bemaßung:9,8 cm (Höhe), 7 cm (Breite), 4,3 cm (Durchmesser)",,Spielzeugmuseum der Stadt Nürnberg (Museum Lydia Bayer); Toy museum of the city of Nuremberg (Museum Lydia Bayer); Spielzeugmuseum der Stadt Nürnberg (Museum Lydia Bayer),
/2064109/Museu_ProvidedCHO_Spielzeugmuseum_der_Stadt_N_rnberg__Museum_Lydia_Bayer__37099__Datensatz_,casting & soldered; gegossen & gelötet; gegossen & gelötet,"Bemaßung:9 cm (Höhe), 10 cm (Breite), 5,5 cm (Durchmesser)",,Spielzeugmuseum der Stadt Nürnberg (Museum Lydia Bayer); Toy museum of the city of Nuremberg (Museum Lydia Bayer); Spielzeugmuseum der Stadt Nürnberg (Museum Lydia Bayer),
/2064109/Museu_ProvidedCHO_Spielzeugmuseum_der_Stadt_N_rnberg__Museum_Lydia_Bayer__36966__Datensatz_,geformt & gebrannt & bemalt & glasiert,Bemaßung:3 (Kaffeekanne) cm (Höhe),,Spielzeugmuseum der Stadt Nürnberg (Museum Lydia Bayer); Toy museum of the city of Nuremberg (Museum Lydia Bayer); Spielzeugmuseum der Stadt Nürnberg (Museum Lydia Bayer),
/2064109/Museu_ProvidedCHO_Spielzeugmuseum_der_Stadt_N_rnberg__Museum_Lydia_Bayer__36903__Datensatz_,geformt & gebrannt & bemalt; geformt & gebrannt & bemalt; Shaped & burned & painted,"Bemaßung:9,5 (Verpackung) cm (Höhe), 13 cm (Breite), 3 cm (Tiefe)",,Spielzeugmuseum der Stadt Nürnberg (Museum Lydia Bayer); Toy museum of the city of Nuremberg (Museum Lydia Bayer); Spielzeugmuseum der Stadt Nürnberg (Museum Lydia Bayer),
/2064109/Museu_ProvidedCHO_Spielzeugmuseum_der_Stadt_N_rnberg__Museum_Lydia_Bayer__36780__Datensatz_,geformt & glasiert & gebrannt & bemalt,"Bemaßung:2,8 (Teekanne) cm (Höhe), 6,5 (Tablett) cm (Durchmesser)",,Spielzeugmuseum der Stadt Nürnberg (Museum Lydia Bayer); Toy museum of the city of Nuremberg (Museum Lydia Bayer); Spielzeugmuseum der Stadt Nürnberg (Museum Lydia Bayer),
/2064109/Museu_ProvidedCHO_Spielzeugmuseum_der_Stadt_N_rnberg__Museum_Lydia_Bayer__36776__Datensatz_,gesägt & gedrechselt & gefräst & geleimt & gebeizt & lackiert; gesägt & gedrechselt & gefräst & geleimt & gebeizt & lackiert; Sawn & squared & milled & glued & stained & painted,"Bemaßung:4 (Kanne) cm (Höhe), 4,4 (Tablett) cm (Breite), 7,7 (Tablett) cm (Länge)",,Spielzeugmuseum der Stadt Nürnberg (Museum Lydia Bayer); Toy museum of the city of Nuremberg (Museum Lydia Bayer); Spielzeugmuseum der Stadt Nürnberg (Museum Lydia Bayer),
/2064109/Museu_ProvidedCHO_Spielzeugmuseum_der_Stadt_N_rnberg__Museum_Lydia_Bayer__36773__Datensatz_,Sawn & carved & trimmed & milled & painted; gesägt & geschnitzt & gedrechselt & gefräst & geleimt & lackiert & bemalt; gesägt & geschnitzt & gedrechselt & gefräst & geleimt & lackiert & bemalt,"Bemaßung:2,7 (Kanne) cm (Höhe), 7,2 (Tablett) cm (Durchmesser)",,Spielzeugmuseum der Stadt Nürnberg (Museum Lydia Bayer); Toy museum of the city of Nuremberg (Museum Lydia Bayer); Spielzeugmuseum der Stadt Nürnberg (Museum Lydia Bayer),
/2064109/Museu_ProvidedCHO_Spielzeugmuseum_der_Stadt_N_rnberg__Museum_Lydia_Bayer__36679__Datensatz_,getrieben & ziseliert; getrieben & ziseliert; Driven,"Bemaßung:6,5 (Kaffeekanne) cm (Höhe), 4,3 cm (Durchmesser)",,Spielzeugmuseum der Stadt Nürnberg (Museum Lydia Bayer); Toy museum of the city of Nuremberg (Museum Lydia Bayer); Spielzeugmuseum der Stadt Nürnberg (Museum Lydia Bayer),
/2064109/Museu_ProvidedCHO_Spielzeugmuseum_der_Stadt_N_rnberg__Museum_Lydia_Bayer__36677__Datensatz_,getrieben & ziseliert; getrieben & ziseliert; Driven,Bemaßung:5 (Kaffeekanne) cm (Höhe),,Spielzeugmuseum der Stadt Nürnberg (Museum Lydia Bayer); Toy museum of the city of Nuremberg (Museum Lydia Bayer); Spielzeugmuseum der Stadt Nürnberg (Museum Lydia Bayer),
/2064109/Museu_ProvidedCHO_Spielzeugmuseum_der_Stadt_N_rnberg__Museum_Lydia_Bayer__36659__Datensatz_,geformt & gebrannt & glasiert & bemalt,"Bemaßung:4,5 (Teekanne) cm (Höhe)",,Spielzeugmuseum der Stadt Nürnberg (Museum Lydia Bayer); Toy museum of the city of Nuremberg (Museum Lydia Bayer); Spielzeugmuseum der Stadt Nürnberg (Museum Lydia Bayer),
/2064109/Museu_ProvidedCHO_Spielzeugmuseum_der_Stadt_N_rnberg__Museum_Lydia_Bayer__36610__Datensatz_,geformt & gebrannt & bemalt & glasiert,Bemaßung:4 (Kaffeekanne) cm (Höhe),,Spielzeugmuseum der Stadt Nürnberg (Museum Lydia Bayer); Toy museum of the city of Nuremberg (Museum Lydia Bayer); Spielzeugmuseum der Stadt Nürnberg (Museum Lydia Bayer),
/2064109/Museu_ProvidedCHO_Spielzeugmuseum_der_Stadt_N_rnberg__Museum_Lydia_Bayer__36594__Datensatz_,geformt & gebrannt; geformt & gebrannt; Shaped & Burnt,"Bemaßung:3,2 (Teekanne) cm (Höhe)",,Spielzeugmuseum der Stadt Nürnberg (Museum Lydia Bayer); Toy museum of the city of Nuremberg (Museum Lydia Bayer); Spielzeugmuseum der Stadt Nürnberg (Museum Lydia Bayer),
/2064109/Museu_ProvidedCHO_Spielzeugmuseum_der_Stadt_N_rnberg__Museum_Lydia_Bayer__36471__Datensatz_,Painted & cast & glued & painted & stamped & molded & burnt; gesägt & gegossen & beklebt & geleimt & bemalt & gestanzt & geformt & gebrannt; gesägt & gegossen & beklebt & geleimt & bemalt & gestanzt & geformt & gebrannt,"Bemaßung:27,5 cm (Höhe), 50,5 cm (Breite), 31 cm (Tiefe)",,Spielzeugmuseum der Stadt Nürnberg (Museum Lydia Bayer); Toy museum of the city of Nuremberg (Museum Lydia Bayer); Spielzeugmuseum der Stadt Nürnberg (Museum Lydia Bayer),
/2064109/Museu_ProvidedCHO_Spielzeugmuseum_der_Stadt_N_rnberg__Museum_Lydia_Bayer__36235__Datensatz_,gegossen & vernickelt & gelötet,"Bemaßung:18,5 cm (Höhe), 6,5 cm (Durchmesser)",,Spielzeugmuseum der Stadt Nürnberg (Museum Lydia Bayer); Toy museum of the city of Nuremberg (Museum Lydia Bayer); Spielzeugmuseum der Stadt Nürnberg (Museum Lydia Bayer),
/2064109/Museu_ProvidedCHO_Spielzeugmuseum_der_Stadt_N_rnberg__Museum_Lydia_Bayer__36222__Datensatz_,getrieben & lackiert & gedrechselt & geklebt & geleimt & genäht & gegossen & bemalt & geformt & gebrannt & gesägt,"Bemaßung:121 cm (Höhe), 97 cm (Breite), 41 cm (Tiefe)",,Spielzeugmuseum der Stadt Nürnberg (Museum Lydia Bayer); Toy museum of the city of Nuremberg (Museum Lydia Bayer); Spielzeugmuseum der Stadt Nürnberg (Museum Lydia Bayer),
/2064109/Museu_ProvidedCHO_Spielzeugmuseum_der_Stadt_N_rnberg__Museum_Lydia_Bayer__35812__Datensatz_,gegossen & geprägt; gegossen & geprägt; cast & embossed,"Bemaßung:6 cm (Höhe), 4,5 cm (Durchmesser)",,Spielzeugmuseum der Stadt Nürnberg (Museum Lydia Bayer); Toy museum of the city of Nuremberg (Museum Lydia Bayer); Spielzeugmuseum der Stadt Nürnberg (Museum Lydia Bayer),
/2064109/Museu_ProvidedCHO_Spielzeugmuseum_der_Stadt_N_rnberg__Museum_Lydia_Bayer__35705__Datensatz_,Barred & carved & painted; gedrechselt & geschnitzt & bemalt; gedrechselt & geschnitzt & bemalt,Bemaßung:3 (Teekanne) cm (Höhe),,Spielzeugmuseum der Stadt Nürnberg (Museum Lydia Bayer); Toy museum of the city of Nuremberg (Museum Lydia Bayer); Spielzeugmuseum der Stadt Nürnberg (Museum Lydia Bayer),
/2064109/Museu_ProvidedCHO_Spielzeugmuseum_der_Stadt_N_rnberg__Museum_Lydia_Bayer__35700__Datensatz_,gegossen,Bemaßung:5 (Suppenterrine) cm (Höhe); Bemaßung:5 (Suppenterrine) cm (Höhe); Dimensions: 5 (suppenterrine) cm (height),,Spielzeugmuseum der Stadt Nürnberg (Museum Lydia Bayer); Toy museum of the city of Nuremberg (Museum Lydia Bayer); Spielzeugmuseum der Stadt Nürnberg (Museum Lydia Bayer),
/2064109/Museu_ProvidedCHO_Spielzeugmuseum_der_Stadt_N_rnberg__Museum_Lydia_Bayer__35680__Datensatz_,gegossen & geprägt; gegossen & geprägt; cast & embossed,"Bemaßung:3,3 (Kaffeekanne) cm (Höhe)",,Spielzeugmuseum der Stadt Nürnberg (Museum Lydia Bayer); Toy museum of the city of Nuremberg (Museum Lydia Bayer); Spielzeugmuseum der Stadt Nürnberg (Museum Lydia Bayer),
/2064109/Museu_ProvidedCHO_Spielzeugmuseum_der_Stadt_N_rnberg__Museum_Lydia_Bayer__35677__Datensatz_,geformt & gebrannt & glasiert & bemalt,"Bemaßung:3,5 (Kaffekanne) cm (Höhe)",,Spielzeugmuseum der Stadt Nürnberg (Museum Lydia Bayer); Toy museum of the city of Nuremberg (Museum Lydia Bayer); Spielzeugmuseum der Stadt Nürnberg (Museum Lydia Bayer),
/2064109/Museu_ProvidedCHO_Spielzeugmuseum_der_Stadt_N_rnberg__Museum_Lydia_Bayer__35602__Datensatz_,geformt & gebrannt & bemalt & glasiert,"Bemaßung:3,7 cm (Höhe)",,Spielzeugmuseum der Stadt Nürnberg (Museum Lydia Bayer); Toy museum of the city of Nuremberg (Museum Lydia Bayer); Spielzeugmuseum der Stadt Nürnberg (Museum Lydia Bayer),
/2064109/Museu_ProvidedCHO_Spielzeugmuseum_der_Stadt_N_rnberg__Museum_Lydia_Bayer__35072__Datensatz_,gesägt & gedrechselt & geklebt & geleimt & gebohrt & geschnitzt & gewalzt & gestanzt & gegossen; gesägt & gedrechselt & geklebt & geleimt & gebohrt & geschnitzt & gewalzt & gestanzt & gegossen; Sawn & dressed & glued & carved & rolled & punched & cast,"Bemaßung:10,5 (Stall) cm (Höhe), 14,5 cm (Breite), 9,5 cm (Tiefe)",,Spielzeugmuseum der Stadt Nürnberg (Museum Lydia Bayer); Toy museum of the city of Nuremberg (Museum Lydia Bayer); Spielzeugmuseum der Stadt Nürnberg (Museum Lydia Bayer),
/2064109/Museu_ProvidedCHO_Spielzeugmuseum_der_Stadt_N_rnberg__Museum_Lydia_Bayer__35034__Datensatz_,gedrechselt & geleimt & gesägt & geklebt & genäht & gegossen; gedrechselt & geleimt & gesägt & geklebt & genäht & gegossen; Calculated & glued & glued & sewn & cast,"Bemaßung:37 cm (Höhe), 71 cm (Breite), 41 cm (Tiefe)",,Spielzeugmuseum der Stadt Nürnberg (Museum Lydia Bayer); Toy museum of the city of Nuremberg (Museum Lydia Bayer); Spielzeugmuseum der Stadt Nürnberg (Museum Lydia Bayer),
/2064109/Museu_ProvidedCHO_Spielzeugmuseum_der_Stadt_N_rnberg__Museum_Lydia_Bayer__34993__Datensatz_,Shaped & Burnt & Painted & Painted & Painted; geformt & gebrannt & bemalt & gedrechselt & geklebt & gesägt &; geformt & gebrannt & bemalt & gedrechselt & geklebt & gesägt &,"Bemaßung:23 (Schrank) cm (Höhe), 16,5 cm (Breite), 7 cm (Tiefe)",,Spielzeugmuseum der Stadt Nürnberg (Museum Lydia Bayer); Toy museum of the city of Nuremberg (Museum Lydia Bayer); Spielzeugmuseum der Stadt Nürnberg (Museum Lydia Bayer),
/2064109/Museu_ProvidedCHO_Spielzeugmuseum_der_Stadt_N_rnberg__Museum_Lydia_Bayer__34988__Datensatz_,gedrechselt & gesägt & lackiert & gewalzt & gestanzt & beklebt & gestickt & geformt & gebrannt & bemalt & genäht & gegossen & geblasen; gedrechselt & gesägt & lackiert & gewalzt & gestanzt & beklebt & gestickt & geformt & gebrannt & bemalt & genäht & gegossen & geblasen; Poisoned & sawn & painted & rolled & stamped & embroidered & molded & painted & sewn & cast & blown,"Bemaßung:31 cm (Höhe), 78 cm (Breite), 37,5 cm (Tiefe)",,Spielzeugmuseum der Stadt Nürnberg (Museum Lydia Bayer); Toy museum of the city of Nuremberg (Museum Lydia Bayer); Spielzeugmuseum der Stadt Nürnberg (Museum Lydia Bayer),
/2064109/Museu_ProvidedCHO_Spielzeugmuseum_der_Stadt_N_rnberg__Museum_Lydia_Bayer__34987__Datensatz_,gedrechselt & gesägt & lackiert & gewalzt & gestanzt & beklebt & gestickt & geformt & gebrannt & bemalt & genäht & gegossen & geblasen; gedrechselt & gesägt & lackiert & gewalzt & gestanzt & beklebt & gestickt & geformt & gebrannt & bemalt & genäht & gegossen & geblasen; Poisoned & sawn & painted & rolled & stamped & embroidered & molded & painted & sewn & cast & blown,"Bemaßung:32 cm (Höhe), 50 cm (Breite), 43 cm (Tiefe)",,Spielzeugmuseum der Stadt Nürnberg (Museum Lydia Bayer); Toy museum of the city of Nuremberg (Museum Lydia Bayer); Spielzeugmuseum der Stadt Nürnberg (Museum Lydia Bayer),
/2064109/Museu_ProvidedCHO_Spielzeugmuseum_der_Stadt_N_rnberg__Museum_Lydia_Bayer__34920__Datensatz_,carved; geschnitzt; geschnitzt,Bemaßung:3 (Kaffeekanne) cm (Höhe),,Spielzeugmuseum der Stadt Nürnberg (Museum Lydia Bayer); Toy museum of the city of Nuremberg (Museum Lydia Bayer); Spielzeugmuseum der Stadt Nürnberg (Museum Lydia Bayer),
/2064109/Museu_ProvidedCHO_Spielzeugmuseum_der_Stadt_N_rnberg__Museum_Lydia_Bayer__34915__Datensatz_,geformt & gebrannt & bemalt; geformt & gebrannt & bemalt; Shaped & burned & painted,Bemaßung:10 cm (Höhe),,Spielzeugmuseum der Stadt Nürnberg (Museum Lydia Bayer); Toy museum of the city of Nuremberg (Museum Lydia Bayer); Spielzeugmuseum der Stadt Nürnberg (Museum Lydia Bayer),
/2064109/Museu_ProvidedCHO_Spielzeugmuseum_der_Stadt_N_rnberg__Museum_Lydia_Bayer__34901__Datensatz_,geformt & gebrannt & bemalt; geformt & gebrannt & bemalt; Shaped & burned & painted,"Bemaßung:5 cm (Höhe), 5 cm (Durchmesser)",,Spielzeugmuseum der Stadt Nürnberg (Museum Lydia Bayer); Toy museum of the city of Nuremberg (Museum Lydia Bayer); Spielzeugmuseum der Stadt Nürnberg (Museum Lydia Bayer),
/2064109/Museu_ProvidedCHO_Spielzeugmuseum_der_Stadt_N_rnberg__Museum_Lydia_Bayer__34897__Datensatz_,geformt & gebrannt & bemalt; geformt & gebrannt & bemalt; Shaped & burned & painted,"Bemaßung:11,5 (Teekanne) cm (Höhe), 13 cm (Breite)",,Spielzeugmuseum der Stadt Nürnberg (Museum Lydia Bayer); Toy museum of the city of Nuremberg (Museum Lydia Bayer); Spielzeugmuseum der Stadt Nürnberg (Museum Lydia Bayer),
/2064109/Museu_ProvidedCHO_Spielzeugmuseum_der_Stadt_N_rnberg__Museum_Lydia_Bayer__34895__Datensatz_,geformt & gebrannt & bemalt; geformt & gebrannt & bemalt; Shaped & burned & painted,"Bemaßung:19 (Kaffeekanne) cm (Höhe), 14 cm (Breite)",,Spielzeugmuseum der Stadt Nürnberg (Museum Lydia Bayer); Toy museum of the city of Nuremberg (Museum Lydia Bayer); Spielzeugmuseum der Stadt Nürnberg (Museum Lydia Bayer),
/2064109/Museu_ProvidedCHO_Spielzeugmuseum_der_Stadt_N_rnberg__Museum_Lydia_Bayer__34892__Datensatz_,geformt & gebrannt & bemalt; geformt & gebrannt & bemalt; Shaped & burned & painted,Bemaßung:7 (Kaffeekanne) cm (Höhe),,Spielzeugmuseum der Stadt Nürnberg (Museum Lydia Bayer); Toy museum of the city of Nuremberg (Museum Lydia Bayer); Spielzeugmuseum der Stadt Nürnberg (Museum Lydia Bayer),
/2064109/Museu_ProvidedCHO_Spielzeugmuseum_der_Stadt_N_rnberg__Museum_Lydia_Bayer__34647__Datensatz_,geformt & glasiert & gebrannt & bedruckt / beklebt & gestanzt & gedruckt,"Bemaßung:25 cm (Höhe), 31,8 cm (Breite), 6,6 cm (Tiefe)",,Spielzeugmuseum der Stadt Nürnberg (Museum Lydia Bayer); Toy museum of the city of Nuremberg (Museum Lydia Bayer); Spielzeugmuseum der Stadt Nürnberg (Museum Lydia Bayer),
/2064109/Museu_ProvidedCHO_Spielzeugmuseum_der_Stadt_N_rnberg__Museum_Lydia_Bayer__34563__Datensatz_,Painted & molded & carved & carved & interlaced & embossed & molded & painted & blown & carved & woven & carved; gesägt & gedrechselt & geleimt & gestrichen & gewalzt & gestanzt & emailliert & geformt & gebrannt & bemalt & geblasen & gepreßt & geschnitzt & geflochten & genäht & bestickt & geflochten; gesägt & gedrechselt & geleimt & gestrichen & gewalzt & gestanzt & emailliert & geformt & gebrannt & bemalt & geblasen & gepreßt & geschnitzt & geflochten & genäht & bestickt & geflochten,"Bemaßung:93 cm (Höhe), 105 cm (Breite), 43 cm (Tiefe)",,Spielzeugmuseum der Stadt Nürnberg (Museum Lydia Bayer); Toy museum of the city of Nuremberg (Museum Lydia Bayer); Spielzeugmuseum der Stadt Nürnberg (Museum Lydia Bayer),
/2064109/Museu_ProvidedCHO_Spielzeugmuseum_der_Stadt_N_rnberg__Museum_Lydia_Bayer__34562__Datensatz_,Painted & molded & painted & stamped & rolled & bent & sewn & printed; gesägt & gedrechselt & geleimt & gestrichen & gegossen & geformt & gebrannt & bemalt & gestanzt & gewalzt & gebogen & genäht & gedruckt; gesägt & gedrechselt & geleimt & gestrichen & gegossen & geformt & gebrannt & bemalt & gestanzt & gewalzt & gebogen & genäht & gedruckt,"Bemaßung:52 cm (Höhe), 84 cm (Breite), 48 cm (Tiefe)",,Spielzeugmuseum der Stadt Nürnberg (Museum Lydia Bayer); Toy museum of the city of Nuremberg (Museum Lydia Bayer); Spielzeugmuseum der Stadt Nürnberg (Museum Lydia Bayer),
/2064109/Museu_ProvidedCHO_Spielzeugmuseum_der_Stadt_N_rnberg__Museum_Lydia_Bayer__34483__Datensatz_,gesägt & bemalt & geleimt & genagelt & geformt & gebrannt & glasiert & gegossen & geklebt & gedruckt & genäht & beklebt,"Bemaßung:50 cm (Höhe), 76 cm (Breite), 50 cm (Tiefe)",,Spielzeugmuseum der Stadt Nürnberg (Museum Lydia Bayer); Toy museum of the city of Nuremberg (Museum Lydia Bayer); Spielzeugmuseum der Stadt Nürnberg (Museum Lydia Bayer),
/2064109/Museu_ProvidedCHO_Spielzeugmuseum_der_Stadt_N_rnberg__Museum_Lydia_Bayer__34466__Datensatz_,geformt & gebrannt & glasiert & bemalt,Bemaßung:16 (Kaffekanne) cm (Höhe),,Spielzeugmuseum der Stadt Nürnberg (Museum Lydia Bayer); Toy museum of the city of Nuremberg (Museum Lydia Bayer); Spielzeugmuseum der Stadt Nürnberg (Museum Lydia Bayer),
/2064109/Museu_ProvidedCHO_Spielzeugmuseum_der_Stadt_N_rnberg__Museum_Lydia_Bayer__34460__Datensatz_,gestanzt & gebogen & vernickelt,Bemaßung:12 (Kanne) cm (Höhe),,Spielzeugmuseum der Stadt Nürnberg (Museum Lydia Bayer); Toy museum of the city of Nuremberg (Museum Lydia Bayer); Spielzeugmuseum der Stadt Nürnberg (Museum Lydia Bayer),
/2064109/Museu_ProvidedCHO_Spielzeugmuseum_der_Stadt_N_rnberg__Museum_Lydia_Bayer__34457__Datensatz_,geformt & gebrannt & bemalt & glasiert & handgefertigt,Bemaßung:9 cm (Höhe),,Spielzeugmuseum der Stadt Nürnberg (Museum Lydia Bayer); Toy museum of the city of Nuremberg (Museum Lydia Bayer); Spielzeugmuseum der Stadt Nürnberg (Museum Lydia Bayer),
/2064109/Museu_ProvidedCHO_Spielzeugmuseum_der_Stadt_N_rnberg__Museum_Lydia_Bayer__34455__Datensatz_,geformt & glasiert & bemalt,Bemaßung:13 (Kaffeekanne) cm (Höhe),,Spielzeugmuseum der Stadt Nürnberg (Museum Lydia Bayer); Toy museum of the city of Nuremberg (Museum Lydia Bayer); Spielzeugmuseum der Stadt Nürnberg (Museum Lydia Bayer),
/2064109/Museu_ProvidedCHO_Spielzeugmuseum_der_Stadt_N_rnberg__Museum_Lydia_Bayer__34453__Datensatz_,gesägt & gedrechselt & geleimt & geklebt & gezogen & gepreßt & gestanzt & gegossen & bemalt & bronziert & geprägt & genäht & gestickt & gehäkelt & geformt & glasiert & gebrannt & genagelt & gedruckt (Chromolithographie) & gewalzt & gelötet &,"Bemaßung:35,5 cm (Höhe), 103 cm (Breite), 45 cm (Tiefe)",,Spielzeugmuseum der Stadt Nürnberg (Museum Lydia Bayer); Toy museum of the city of Nuremberg (Museum Lydia Bayer); Spielzeugmuseum der Stadt Nürnberg (Museum Lydia Bayer),
/2064109/Museu_ProvidedCHO_Spielzeugmuseum_der_Stadt_N_rnberg__Museum_Lydia_Bayer__34454__Datensatz_,gesägt & gedrechselt & geleimt & geklebt & gezogen & gepreßt & gestanzt & gegossen & bemalt & bronziert & geprägt & genäht & gestickt & gehäkelt & geformt & glasiert & gebrannt & genagelt & gedruckt (Chromolithographie) & gewalzt & gelötet,"Bemaßung:41 cm (Höhe), 93 cm (Breite), 42 cm (Tiefe)",,Spielzeugmuseum der Stadt Nürnberg (Museum Lydia Bayer); Toy museum of the city of Nuremberg (Museum Lydia Bayer); Spielzeugmuseum der Stadt Nürnberg (Museum Lydia Bayer),
/2064109/Museu_ProvidedCHO_Spielzeugmuseum_der_Stadt_N_rnberg__Museum_Lydia_Bayer__34225__Datensatz_,gegossen & geformt & glasiert & gebrannt,"Bemaßung:6,2 (Kanne) cm (Höhe), 6,5 (Untertasse) cm (Durchmesser)",,Spielzeugmuseum der Stadt Nürnberg (Museum Lydia Bayer); Toy museum of the city of Nuremberg (Museum Lydia Bayer); Spielzeugmuseum der Stadt Nürnberg (Museum Lydia Bayer),
/2064109/Museu_ProvidedCHO_Spielzeugmuseum_der_Stadt_N_rnberg__Museum_Lydia_Bayer__34203__Datensatz_,gesägt & geleimt & genagelt & geschnitzt & gedrechselt & geflochten & vernickelt / verchromt & bemalt & lackiert & geblasen & gedruckt (Chromolithographie) & gegossen & gepreßt & geformt & glasiert & gebrannt & gewebt & genäht & gestickt & gehäkelt & gest,"Bemaßung:42 cm (Höhe), 79 cm (Breite), 52 cm (Tiefe)",,Spielzeugmuseum der Stadt Nürnberg (Museum Lydia Bayer); Toy museum of the city of Nuremberg (Museum Lydia Bayer); Spielzeugmuseum der Stadt Nürnberg (Museum Lydia Bayer),
/2064109/Museu_ProvidedCHO_Spielzeugmuseum_der_Stadt_N_rnberg__Museum_Lydia_Bayer__34196__Datensatz_,gedrechselt & geschnitzt & geleimt & gepreßt & gegossen & grundiert & gebrannt & eingekerbt & gebohrt & genäht & gewalzt & gestanzt & lackiert & geblasen & geformt & glasiert,"Bemaßung:74 (Haus) cm (Höhe), 92 (mit Badehaus) cm (Breite), 70 cm (Tiefe)",,Spielzeugmuseum der Stadt Nürnberg (Museum Lydia Bayer); Toy museum of the city of Nuremberg (Museum Lydia Bayer); Spielzeugmuseum der Stadt Nürnberg (Museum Lydia Bayer),
/2064109/Museu_ProvidedCHO_Spielzeugmuseum_der_Stadt_N_rnberg__Museum_Lydia_Bayer__34190__Datensatz_,geformt & gebrannt & bemalt & glasiert,"Bemaßung:0,4 (Tablett) cm (Höhe), 9 (Tablett) cm (Durchmesser)",,Spielzeugmuseum der Stadt Nürnberg (Museum Lydia Bayer); Toy museum of the city of Nuremberg (Museum Lydia Bayer); Spielzeugmuseum der Stadt Nürnberg (Museum Lydia Bayer),
/2064109/Museu_ProvidedCHO_Spielzeugmuseum_der_Stadt_N_rnberg__Museum_Lydia_Bayer__34189__Datensatz_,geformt & gebrannt & bemalt & glasiert,"Bemaßung:1,5 (Tablett) cm (Höhe), 12 (Tablett) cm (Durchmesser)",,Spielzeugmuseum der Stadt Nürnberg (Museum Lydia Bayer); Toy museum of the city of Nuremberg (Museum Lydia Bayer); Spielzeugmuseum der Stadt Nürnberg (Museum Lydia Bayer),
/2064109/Museu_ProvidedCHO_Spielzeugmuseum_der_Stadt_N_rnberg__Museum_Lydia_Bayer__34174__Datensatz_,gesägt & gedrechselt & geleimt & gegossen & gewalzt & gestanzt & geprägt & gebogen & geflochten & beklebt & gepreßt & genäht & bemalt & handgefertigt & geformt & bronziert & glasiert & gebrannt & glasiert & gestickt,"Bemaßung:35 cm (Höhe), 106 cm (Breite), 50 cm (Länge)",,Spielzeugmuseum der Stadt Nürnberg (Museum Lydia Bayer); Toy museum of the city of Nuremberg (Museum Lydia Bayer); Spielzeugmuseum der Stadt Nürnberg (Museum Lydia Bayer),
/2064109/Museu_ProvidedCHO_Spielzeugmuseum_der_Stadt_N_rnberg__Museum_Lydia_Bayer__33746__Datensatz_,geformt & gebrannt & bemalt; geformt & gebrannt & bemalt; Shaped & burned & painted,Bemaßung:; Dimension:; Bemaßung:,,Spielzeugmuseum der Stadt Nürnberg (Museum Lydia Bayer); Toy museum of the city of Nuremberg (Museum Lydia Bayer); Spielzeugmuseum der Stadt Nürnberg (Museum Lydia Bayer),
/2064109/Museu_ProvidedCHO_Spielzeugmuseum_der_Stadt_N_rnberg__Museum_Lydia_Bayer__33643__Datensatz_,Painted & Painted & Painted & Nailed & Painted & Painted & Printed & Bent & Poured; geformt & bemalt & geklebt & gesägt & genagelt & lackiert & beklebt & bedruckt & gebogen & gedrechselt & gegossen; geformt & bemalt & geklebt & gesägt & genagelt & lackiert & beklebt & bedruckt & gebogen & gedrechselt & gegossen,"Bemaßung:38 cm (Höhe), 65 cm (Breite), 43 cm (Tiefe)",,Spielzeugmuseum der Stadt Nürnberg (Museum Lydia Bayer); Toy museum of the city of Nuremberg (Museum Lydia Bayer); Spielzeugmuseum der Stadt Nürnberg (Museum Lydia Bayer),
/2064109/Museu_ProvidedCHO_Spielzeugmuseum_der_Stadt_N_rnberg__Museum_Lydia_Bayer__33641__Datensatz_,geformt & bemalt & geklebt & gesägt & genagelt & lackiert & beklebt & bedruckt & gebogen & gedrechselt & gebrannt & glasiert & geflochten; geformt & bemalt & geklebt & gesägt & genagelt & lackiert & beklebt & bedruckt & gebogen & gedrechselt & gebrannt & glasiert & geflochten; Painted & Painted & Painted & Painted & Painted & Painted & Painted & Painted & Painted & Braided,"Bemaßung:60 cm (Höhe), 115 cm (Breite), 65 cm (Tiefe)",,Spielzeugmuseum der Stadt Nürnberg (Museum Lydia Bayer); Toy museum of the city of Nuremberg (Museum Lydia Bayer); Spielzeugmuseum der Stadt Nürnberg (Museum Lydia Bayer),
/2064109/Museu_ProvidedCHO_Spielzeugmuseum_der_Stadt_N_rnberg__Museum_Lydia_Bayer__33638__Datensatz_,geformt & bemalt & geklebt & gesägt & genagelt & lackiert & beklebt & bedruckt & gebogen & gestanzt & geprägt & gedrechselt & gebrannt & glasiert & genietet & gelötet & geflochten; geformt & bemalt & geklebt & gesägt & genagelt & lackiert & beklebt & bedruckt & gebogen & gestanzt & geprägt & gedrechselt & gebrannt & glasiert & genietet & gelötet & geflochten; Painted & Painted & Painted & Painted & Painted & Painted & Painted & Printed & Bent & Painted & Painted,"Bemaßung:64 cm (Höhe), 93 cm (Breite), 65 cm (Tiefe)",,Spielzeugmuseum der Stadt Nürnberg (Museum Lydia Bayer); Toy museum of the city of Nuremberg (Museum Lydia Bayer); Spielzeugmuseum der Stadt Nürnberg (Museum Lydia Bayer),
/2064109/Museu_ProvidedCHO_Spielzeugmuseum_der_Stadt_N_rnberg__Museum_Lydia_Bayer__33629__Datensatz_,geformt & bemalt & geklebt & gesägt & genagelt & lackiert & beklebt & bedruckt & gebogen & gestanzt & geprägt & gedrechselt & gebrannt & glasiert & genietet & gelötet & geflochten; geformt & bemalt & geklebt & gesägt & genagelt & lackiert & beklebt & bedruckt & gebogen & gestanzt & geprägt & gedrechselt & gebrannt & glasiert & genietet & gelötet & geflochten; Painted & Painted & Painted & Painted & Painted & Painted & Painted & Printed & Bent & Painted & Painted,"Bemaßung:30 cm (Höhe), 51 cm (Breite), 39 cm (Tiefe)",,Spielzeugmuseum der Stadt Nürnberg (Museum Lydia Bayer); Toy museum of the city of Nuremberg (Museum Lydia Bayer); Spielzeugmuseum der Stadt Nürnberg (Museum Lydia Bayer),
/2064109/Museu_ProvidedCHO_Spielzeugmuseum_der_Stadt_N_rnberg__Museum_Lydia_Bayer__33618__Datensatz_,gespritzt & gegossen & geklebt & bemalt & genäht & geblasen & geformt & gebrannt & handgefertigt & gestickt & gedrechselt & gehäkelt,"Bemaßung:51 cm (Höhe), 83 cm (Breite), 50 cm (Tiefe)",,Spielzeugmuseum der Stadt Nürnberg (Museum Lydia Bayer); Toy museum of the city of Nuremberg (Museum Lydia Bayer); Spielzeugmuseum der Stadt Nürnberg (Museum Lydia Bayer),
/2064109/Museu_ProvidedCHO_Spielzeugmuseum_der_Stadt_N_rnberg__Museum_Lydia_Bayer__32547__Datensatz_,geformt & gebrannt & glasiert,"Bemaßung:4,3 (Kanne) cm (Höhe), 3,5 cm (Durchmesser)",,Spielzeugmuseum der Stadt Nürnberg (Museum Lydia Bayer); Toy museum of the city of Nuremberg (Museum Lydia Bayer); Spielzeugmuseum der Stadt Nürnberg (Museum Lydia Bayer),
/2064109/Museu_ProvidedCHO_Spielzeugmuseum_der_Stadt_N_rnberg__Museum_Lydia_Bayer__32326__Datensatz_,geformt & glasiert & gebrannt & bemalt : vergoldet,"Bemaßung:14 cm (Höhe), 19,1 cm (Breite), 3 cm (Tiefe)",,Spielzeugmuseum der Stadt Nürnberg (Museum Lydia Bayer); Toy museum of the city of Nuremberg (Museum Lydia Bayer); Spielzeugmuseum der Stadt Nürnberg (Museum Lydia Bayer),
/2064109/Museu_ProvidedCHO_Spielzeugmuseum_der_Stadt_N_rnberg__Museum_Lydia_Bayer__31992__Datensatz_,geklebt & geschnitzt; glued & carved; geklebt & geschnitzt,"Bemaßung:6,5 cm (Höhe), 4,5 cm (Breite)",,Spielzeugmuseum der Stadt Nürnberg (Museum Lydia Bayer); Toy museum of the city of Nuremberg (Museum Lydia Bayer); Spielzeugmuseum der Stadt Nürnberg (Museum Lydia Bayer),
/2064109/Museu_ProvidedCHO_Spielzeugmuseum_der_Stadt_N_rnberg__Museum_Lydia_Bayer__31167__Datensatz_,gegossen & gestanzt & geprägt & lackiert & bedruckt (Chromolithographie),"Bemaßung:17 (Kanne) cm (Höhe), 7 cm (Durchmesser)",,Spielzeugmuseum der Stadt Nürnberg (Museum Lydia Bayer); Toy museum of the city of Nuremberg (Museum Lydia Bayer); Spielzeugmuseum der Stadt Nürnberg (Museum Lydia Bayer),
/2064109/Museu_ProvidedCHO_Spielzeugmuseum_der_Stadt_N_rnberg__Museum_Lydia_Bayer__30988__Datensatz_,gesägt & gedrechselt & genagelt & geklebt & bemalt & gestanzt & gebogen & vermessingt & verchromt & gegossen & gepreßt & bedruckt & geformt & gebrannt & glasiert & brandgemalt & platiert & handgefertigt & geprägt & lackiert & gezogen,"Bemaßung:13 (Küchenschrank) cm (Höhe), 15 cm (Breite), 8 cm (Tiefe)",,Spielzeugmuseum der Stadt Nürnberg (Museum Lydia Bayer); Toy museum of the city of Nuremberg (Museum Lydia Bayer); Spielzeugmuseum der Stadt Nürnberg (Museum Lydia Bayer),
/2064109/Museu_ProvidedCHO_Spielzeugmuseum_der_Stadt_N_rnberg__Museum_Lydia_Bayer__30816__Datensatz_,gesägt & gedrechselt & geleimt & genagelt & lackiert & bemalt & bedruckt & gestanzt & gebogen & gegossen & gepreßt & geformt & glasiert & gebrannt & geklebt & gelötet & gezogen & gebeizt & gehäkelt & genäht & geflochten & verspiegelt,"Bemaßung:17 (Schlafzimmerschrank) cm (Höhe), 15,5 cm (Breite), 5 cm (Tiefe)",,Spielzeugmuseum der Stadt Nürnberg (Museum Lydia Bayer); Toy museum of the city of Nuremberg (Museum Lydia Bayer); Spielzeugmuseum der Stadt Nürnberg (Museum Lydia Bayer),
/2064109/Museu_ProvidedCHO_Spielzeugmuseum_der_Stadt_N_rnberg__Museum_Lydia_Bayer__30815__Datensatz_,gesägt & gedrechselt & geleimt & genagelt & geschnitzt & lackiert & bemalt & gestanzt & gebogen & gegossen & gepreßt & geformt & glasiert & gebrannt & geklebt & gelötet & gezogen & geprägt & gebeizt & handgefertigt,"Bemaßung:23,5 (Buffet) cm (Höhe), 18 cm (Breite), 6,5 cm (Tiefe)",,Spielzeugmuseum der Stadt Nürnberg (Museum Lydia Bayer); Toy museum of the city of Nuremberg (Museum Lydia Bayer); Spielzeugmuseum der Stadt Nürnberg (Museum Lydia Bayer),
/2064109/Museu_ProvidedCHO_Spielzeugmuseum_der_Stadt_N_rnberg__Museum_Lydia_Bayer__30799__Datensatz_,geformt & glasiert & bedruckt & vergoldet & gebrannt,"Bemaßung:15,0 (Kanne) cm (Höhe), 13,0 (Kanne) cm (Breite), 7,5 (Kanne) cm (Durchmesser)",,Spielzeugmuseum der Stadt Nürnberg (Museum Lydia Bayer); Toy museum of the city of Nuremberg (Museum Lydia Bayer); Spielzeugmuseum der Stadt Nürnberg (Museum Lydia Bayer),
/2064109/Museu_ProvidedCHO_Spielzeugmuseum_der_Stadt_N_rnberg__Museum_Lydia_Bayer__29975__Datensatz_,geformt & gebrannt & glasiert & bemalt,"Bemaßung:12 (Kaffeekanne mit Deckel) cm (Höhe), 7 cm (Durchmesser)",,Spielzeugmuseum der Stadt Nürnberg (Museum Lydia Bayer); Toy museum of the city of Nuremberg (Museum Lydia Bayer); Spielzeugmuseum der Stadt Nürnberg (Museum Lydia Bayer),
/2064109/Museu_ProvidedCHO_Spielzeugmuseum_der_Stadt_N_rnberg__Museum_Lydia_Bayer__29218__Datensatz_,geformt & gebrannt & glasiert & bedruckt & vergoldet,"Bemaßung:13,5 (Kaffeekanne) cm (Höhe), 14,5 cm (Breite), 8 cm (Durchmesser)",,Spielzeugmuseum der Stadt Nürnberg (Museum Lydia Bayer); Toy museum of the city of Nuremberg (Museum Lydia Bayer); Spielzeugmuseum der Stadt Nürnberg (Museum Lydia Bayer),
/2064109/Museu_ProvidedCHO_Spielzeugmuseum_der_Stadt_N_rnberg__Museum_Lydia_Bayer__29010__Datensatz_,gesägt & gedrechselt & brandgemalt; gesägt & gedrechselt & brandgemalt; Sawn & turned & brand-painted,"Bemaßung:5 (Kaffeekanne) cm (Höhe), 4 cm (Durchmesser)",,Spielzeugmuseum der Stadt Nürnberg (Museum Lydia Bayer); Toy museum of the city of Nuremberg (Museum Lydia Bayer); Spielzeugmuseum der Stadt Nürnberg (Museum Lydia Bayer),
/2064109/Museu_ProvidedCHO_Spielzeugmuseum_der_Stadt_N_rnberg__Museum_Lydia_Bayer__28763__Datensatz_,gewalzt & geprägt & gegossen & gelötet & verzinnt & gesägt & gedrechselt; rolled & molded & cast & soldered & wasted & molded; gewalzt & geprägt & gegossen & gelötet & verzinnt & gesägt & gedrechselt,"Bemaßung:18,5 cm (Höhe), 12 cm (Breite), 9,5 (Fuß) cm (Durchmesser)",,Spielzeugmuseum der Stadt Nürnberg (Museum Lydia Bayer); Toy museum of the city of Nuremberg (Museum Lydia Bayer); Spielzeugmuseum der Stadt Nürnberg (Museum Lydia Bayer),
/2064109/Museu_ProvidedCHO_Spielzeugmuseum_der_Stadt_N_rnberg__Museum_Lydia_Bayer__28620__Datensatz_,gegossen,"Bemaßung:3 cm (Höhe), 4,5 cm (Breite), 2,8 cm (Tiefe)",,Spielzeugmuseum der Stadt Nürnberg (Museum Lydia Bayer); Toy museum of the city of Nuremberg (Museum Lydia Bayer); Spielzeugmuseum der Stadt Nürnberg (Museum Lydia Bayer),
/2064109/Museu_ProvidedCHO_Spielzeugmuseum_der_Stadt_N_rnberg__Museum_Lydia_Bayer__27381__Datensatz_,geblasen & bemalt & verspiegelt & gepreßt & geheftet & gegossen & gesteckt; geblasen & bemalt & verspiegelt & gepreßt & geheftet & gegossen & gesteckt; Blowed & painted & reflected & pressed & poured,"Bemaßung:3 (Verpackung) cm (Höhe), 10,5 cm (Breite), 6,5 cm (Tiefe)",,Spielzeugmuseum der Stadt Nürnberg (Museum Lydia Bayer); Toy museum of the city of Nuremberg (Museum Lydia Bayer); Spielzeugmuseum der Stadt Nürnberg (Museum Lydia Bayer),
/2064109/Museu_ProvidedCHO_Spielzeugmuseum_der_Stadt_N_rnberg__Museum_Lydia_Bayer__26941__Datensatz_,casting; gegossen & gepreßt; gegossen & gepreßt,"Bemaßung:3 cm (Höhe), 5 cm (Breite), 3 cm (Tiefe)",,Spielzeugmuseum der Stadt Nürnberg (Museum Lydia Bayer); Toy museum of the city of Nuremberg (Museum Lydia Bayer); Spielzeugmuseum der Stadt Nürnberg (Museum Lydia Bayer),
/2064109/Museu_ProvidedCHO_Spielzeugmuseum_der_Stadt_N_rnberg__Museum_Lydia_Bayer__25659__Datensatz_,geformt & bedruckt (Umdruck) & glasiert,"Bemaßung:12 cm (Höhe), 15 cm (Breite), 6 (Stand) cm (Durchmesser)",,Spielzeugmuseum der Stadt Nürnberg (Museum Lydia Bayer); Toy museum of the city of Nuremberg (Museum Lydia Bayer); Spielzeugmuseum der Stadt Nürnberg (Museum Lydia Bayer),
/2064109/Museu_ProvidedCHO_Spielzeugmuseum_der_Stadt_N_rnberg__Museum_Lydia_Bayer__25489__Datensatz_,gedreht & gebrannt & handgefertigt,"Bemaßung:8 cm (Höhe), 4,5 cm (Durchmesser)",,Spielzeugmuseum der Stadt Nürnberg (Museum Lydia Bayer); Toy museum of the city of Nuremberg (Museum Lydia Bayer); Spielzeugmuseum der Stadt Nürnberg (Museum Lydia Bayer),
/2064109/Museu_ProvidedCHO_Spielzeugmuseum_der_Stadt_N_rnberg__Museum_Lydia_Bayer__25488__Datensatz_,gedreht & gebrannt & handgefertigt,"Bemaßung:9 cm (Höhe), 9 cm (Durchmesser)",,Spielzeugmuseum der Stadt Nürnberg (Museum Lydia Bayer); Toy museum of the city of Nuremberg (Museum Lydia Bayer); Spielzeugmuseum der Stadt Nürnberg (Museum Lydia Bayer),
/2064109/Museu_ProvidedCHO_Spielzeugmuseum_der_Stadt_N_rnberg__Museum_Lydia_Bayer__25158__Datensatz_,geformt & glasiert & geschnitten & geklebt & gegossen,"Bemaßung:1 cm (Höhe), 2,5 cm (Durchmesser)",,Spielzeugmuseum der Stadt Nürnberg (Museum Lydia Bayer); Toy museum of the city of Nuremberg (Museum Lydia Bayer); Spielzeugmuseum der Stadt Nürnberg (Museum Lydia Bayer),
/2064109/Museu_ProvidedCHO_Spielzeugmuseum_der_Stadt_N_rnberg__Museum_Lydia_Bayer__24705__Datensatz_,gesägt & gedrechselt & geschnitzt & geleimt & gesteckt & bemalt & lackiert; gesägt & gedrechselt & geschnitzt & geleimt & gesteckt & bemalt & lackiert; Sawn & carved & carved & painted & painted,"Bemaßung:10 cm (Höhe), 6 cm (Durchmesser)",,Spielzeugmuseum der Stadt Nürnberg (Museum Lydia Bayer); Toy museum of the city of Nuremberg (Museum Lydia Bayer); Spielzeugmuseum der Stadt Nürnberg (Museum Lydia Bayer),
/2064109/Museu_ProvidedCHO_Spielzeugmuseum_der_Stadt_N_rnberg__Museum_Lydia_Bayer__23367__Datensatz_,geblasen & verspiegelt; geblasen & verspiegelt; blown & reflected,"Bemaßung:2 (Kanne) cm (Höhe), 3 cm (Durchmesser)",,Spielzeugmuseum der Stadt Nürnberg (Museum Lydia Bayer); Toy museum of the city of Nuremberg (Museum Lydia Bayer); Spielzeugmuseum der Stadt Nürnberg (Museum Lydia Bayer),
/2064109/Museu_ProvidedCHO_Spielzeugmuseum_der_Stadt_N_rnberg__Museum_Lydia_Bayer__22615__Datensatz_,Barred & bent & enameled; gestanzt & gebogen & emailliert; gestanzt & gebogen & emailliert,"Bemaßung:8 cm (Höhe), 6 cm (Durchmesser)",,Spielzeugmuseum der Stadt Nürnberg (Museum Lydia Bayer); Toy museum of the city of Nuremberg (Museum Lydia Bayer); Spielzeugmuseum der Stadt Nürnberg (Museum Lydia Bayer),
/2064109/Museu_ProvidedCHO_Spielzeugmuseum_der_Stadt_N_rnberg__Museum_Lydia_Bayer__21516__Datensatz_,gegossen & gestanzt & gebogen & geschraubt & handgefertigt,"Bemaßung:2,5 cm (Höhe), 2,5 cm (Durchmesser)",,Spielzeugmuseum der Stadt Nürnberg (Museum Lydia Bayer); Toy museum of the city of Nuremberg (Museum Lydia Bayer); Spielzeugmuseum der Stadt Nürnberg (Museum Lydia Bayer),
/2064109/Museu_ProvidedCHO_Spielzeugmuseum_der_Stadt_N_rnberg__Museum_Lydia_Bayer__21466__Datensatz_,geformt & gebrannt & gepreßt & glasiert & bemalt; geformt & gebrannt & gepreßt & glasiert & bemalt; Shaped & burnt & pressed & painted,"Bemaßung:8,5 (Kanne) cm (Höhe), 5,5 cm (Durchmesser)",,Spielzeugmuseum der Stadt Nürnberg (Museum Lydia Bayer); Toy museum of the city of Nuremberg (Museum Lydia Bayer); Spielzeugmuseum der Stadt Nürnberg (Museum Lydia Bayer),
/2064109/Museu_ProvidedCHO_Spielzeugmuseum_der_Stadt_N_rnberg__Museum_Lydia_Bayer__21465__Datensatz_,geformt & gebrannt & gepreßt & glasiert & bemalt & bedruckt (Chromolithographie),"Bemaßung:13 (Kanne) cm (Höhe), 6,5 cm (Durchmesser)",,Spielzeugmuseum der Stadt Nürnberg (Museum Lydia Bayer); Toy museum of the city of Nuremberg (Museum Lydia Bayer); Spielzeugmuseum der Stadt Nürnberg (Museum Lydia Bayer),
/2064109/Museu_ProvidedCHO_Spielzeugmuseum_der_Stadt_N_rnberg__Museum_Lydia_Bayer__21464__Datensatz_,geformt & gebrannt & gepreßt & glasiert & bemalt & geklebt,"Bemaßung:8,5 (Kanne) cm (Höhe), 5 cm (Durchmesser)",,Spielzeugmuseum der Stadt Nürnberg (Museum Lydia Bayer); Toy museum of the city of Nuremberg (Museum Lydia Bayer); Spielzeugmuseum der Stadt Nürnberg (Museum Lydia Bayer),
/2064109/Museu_ProvidedCHO_Spielzeugmuseum_der_Stadt_N_rnberg__Museum_Lydia_Bayer__21418__Datensatz_,geformt & gebrannt & bemalt; geformt & gebrannt & bemalt; Shaped & burned & painted,Bemaßung:8 (Kanne) cm (Höhe),,Spielzeugmuseum der Stadt Nürnberg (Museum Lydia Bayer); Toy museum of the city of Nuremberg (Museum Lydia Bayer); Spielzeugmuseum der Stadt Nürnberg (Museum Lydia Bayer),
/2064109/Museu_ProvidedCHO_Spielzeugmuseum_der_Stadt_N_rnberg__Museum_Lydia_Bayer__20019__Datensatz_,gedruckt & beklebt & geformt & gebrannt & glasiert,Bemaßung:9 (Kanne) cm (Höhe),,Spielzeugmuseum der Stadt Nürnberg (Museum Lydia Bayer); Toy museum of the city of Nuremberg (Museum Lydia Bayer); Spielzeugmuseum der Stadt Nürnberg (Museum Lydia Bayer),
/2064109/Museu_ProvidedCHO_Spielzeugmuseum_der_Stadt_N_rnberg__Museum_Lydia_Bayer__19870__Datensatz_,geformt & glasiert & gebrannt & bemalt,"Bemaßung:4,5 (Kanne) cm (Höhe), 3,5 cm (Durchmesser)",,Spielzeugmuseum der Stadt Nürnberg (Museum Lydia Bayer); Toy museum of the city of Nuremberg (Museum Lydia Bayer); Spielzeugmuseum der Stadt Nürnberg (Museum Lydia Bayer),
/2064109/Museu_ProvidedCHO_Spielzeugmuseum_der_Stadt_N_rnberg__Museum_Lydia_Bayer__19042__Datensatz_,geformt & gebrannt & glasiert,"Bemaßung:8,5 cm (Höhe), 6,8 cm (Durchmesser)",,Spielzeugmuseum der Stadt Nürnberg (Museum Lydia Bayer); Toy museum of the city of Nuremberg (Museum Lydia Bayer); Spielzeugmuseum der Stadt Nürnberg (Museum Lydia Bayer),
/2064109/Museu_ProvidedCHO_Spielzeugmuseum_der_Stadt_N_rnberg__Museum_Lydia_Bayer__18979__Datensatz_,geformt & gebrannt & glasiert,"Bemaßung:12,4 (Kaffeekanne) cm (Höhe), 6,5 cm (Durchmesser)",,Spielzeugmuseum der Stadt Nürnberg (Museum Lydia Bayer); Toy museum of the city of Nuremberg (Museum Lydia Bayer); Spielzeugmuseum der Stadt Nürnberg (Museum Lydia Bayer),
/2064109/Museu_ProvidedCHO_Spielzeugmuseum_der_Stadt_N_rnberg__Museum_Lydia_Bayer__18926__Datensatz_,geformt & gebrannt & bemalt & glasiert,"Bemaßung:10 (Kaffeekanne) cm (Höhe), 5,6 cm (Durchmesser)",,Spielzeugmuseum der Stadt Nürnberg (Museum Lydia Bayer); Toy museum of the city of Nuremberg (Museum Lydia Bayer); Spielzeugmuseum der Stadt Nürnberg (Museum Lydia Bayer),
/2064109/Museu_ProvidedCHO_Spielzeugmuseum_der_Stadt_N_rnberg__Museum_Lydia_Bayer__18820__Datensatz_,Painted & carved & dressed; gesägt & geschnitzt & gedrechselt & geklebt; gesägt & geschnitzt & gedrechselt & geklebt,"Bemaßung:8 cm (Höhe), 4 cm (Breite), 2,2 cm (Tiefe)",,Spielzeugmuseum der Stadt Nürnberg (Museum Lydia Bayer); Toy museum of the city of Nuremberg (Museum Lydia Bayer); Spielzeugmuseum der Stadt Nürnberg (Museum Lydia Bayer),
/2064109/Museu_ProvidedCHO_Spielzeugmuseum_der_Stadt_N_rnberg__Museum_Lydia_Bayer__18814__Datensatz_,geformt & gebrannt & glasiert & bemalt,"Bemaßung:2,7 cm (Höhe), 9 cm (Breite), 7,5 cm (Tiefe)",,Spielzeugmuseum der Stadt Nürnberg (Museum Lydia Bayer); Toy museum of the city of Nuremberg (Museum Lydia Bayer); Spielzeugmuseum der Stadt Nürnberg (Museum Lydia Bayer),
/2064109/Museu_ProvidedCHO_Spielzeugmuseum_der_Stadt_N_rnberg__Museum_Lydia_Bayer__18815__Datensatz_,Painted & carved & dressed & stained; gesägt & geschnitzt & gedrechselt & geklebt & gebeizt; gesägt & geschnitzt & gedrechselt & geklebt & gebeizt,"Bemaßung:3,5 cm (Höhe), 7 cm (Breite), 5 cm (Tiefe)",,Spielzeugmuseum der Stadt Nürnberg (Museum Lydia Bayer); Toy museum of the city of Nuremberg (Museum Lydia Bayer); Spielzeugmuseum der Stadt Nürnberg (Museum Lydia Bayer),
/2064109/Museu_ProvidedCHO_Spielzeugmuseum_der_Stadt_N_rnberg__Museum_Lydia_Bayer__18813__Datensatz_,geformt & gebrannt & glasiert & bemalt,"Bemaßung:3,2 cm (Höhe), 5,2 cm (Durchmesser)",,Spielzeugmuseum der Stadt Nürnberg (Museum Lydia Bayer); Toy museum of the city of Nuremberg (Museum Lydia Bayer); Spielzeugmuseum der Stadt Nürnberg (Museum Lydia Bayer),
/2064109/Museu_ProvidedCHO_Spielzeugmuseum_der_Stadt_N_rnberg__Museum_Lydia_Bayer__18782__Datensatz_,gegossen,"Bemaßung:4,5 (Kanne) cm (Höhe), 2 cm (Durchmesser)",,Spielzeugmuseum der Stadt Nürnberg (Museum Lydia Bayer); Toy museum of the city of Nuremberg (Museum Lydia Bayer); Spielzeugmuseum der Stadt Nürnberg (Museum Lydia Bayer),
/2064109/Museu_ProvidedCHO_Spielzeugmuseum_der_Stadt_N_rnberg__Museum_Lydia_Bayer__18779__Datensatz_,gegossen,"Bemaßung:1,7 cm (Höhe), 3,5 cm (Breite), 2,2 cm (Tiefe)",,Spielzeugmuseum der Stadt Nürnberg (Museum Lydia Bayer); Toy museum of the city of Nuremberg (Museum Lydia Bayer); Spielzeugmuseum der Stadt Nürnberg (Museum Lydia Bayer),
/2064109/Museu_ProvidedCHO_Spielzeugmuseum_der_Stadt_N_rnberg__Museum_Lydia_Bayer__18536__Datensatz_,geformt & gebrannt & bedruckt (Chromolithographie); molded & burnt & printed (chromolithography); geformt & gebrannt & bedruckt (Chromolithographie),"Bemaßung:15 cm (Höhe), 8 cm (Durchmesser)",,Spielzeugmuseum der Stadt Nürnberg (Museum Lydia Bayer); Toy museum of the city of Nuremberg (Museum Lydia Bayer); Spielzeugmuseum der Stadt Nürnberg (Museum Lydia Bayer),
/2064109/Museu_ProvidedCHO_Spielzeugmuseum_der_Stadt_N_rnberg__Museum_Lydia_Bayer__17689__Datensatz_,Shaped & burned & painted; geformt & gebrannt & lasiert & bemalt; geformt & gebrannt & lasiert & bemalt,"Bemaßung:12,5 (Kanne) cm (Höhe)",,Spielzeugmuseum der Stadt Nürnberg (Museum Lydia Bayer); Toy museum of the city of Nuremberg (Museum Lydia Bayer); Spielzeugmuseum der Stadt Nürnberg (Museum Lydia Bayer),
/2064109/Museu_ProvidedCHO_Spielzeugmuseum_der_Stadt_N_rnberg__Museum_Lydia_Bayer__17672__Datensatz_,Shaped & Burnt & Painted & Printed & Painted; geformt & gebrannt & bemalt & bedruckt & beklebt; geformt & gebrannt & bemalt & bedruckt & beklebt,"Bemaßung:10,2 (Kaffeekanne) cm (Höhe), 6 cm (Durchmesser)",,Spielzeugmuseum der Stadt Nürnberg (Museum Lydia Bayer); Toy museum of the city of Nuremberg (Museum Lydia Bayer); Spielzeugmuseum der Stadt Nürnberg (Museum Lydia Bayer),
/2064109/Museu_ProvidedCHO_Spielzeugmuseum_der_Stadt_N_rnberg__Museum_Lydia_Bayer__17671__Datensatz_,geformt & gebrannt & bemalt & gegossen; geformt & gebrannt & bemalt & gegossen; Shaped & burned & painted & cast,"Bemaßung:4 (Kaffeekanne) cm (Höhe), 3,7 cm (Durchmesser)",,Spielzeugmuseum der Stadt Nürnberg (Museum Lydia Bayer); Toy museum of the city of Nuremberg (Museum Lydia Bayer); Spielzeugmuseum der Stadt Nürnberg (Museum Lydia Bayer),
/2064109/Museu_ProvidedCHO_Spielzeugmuseum_der_Stadt_N_rnberg__Museum_Lydia_Bayer__17501__Datensatz_,Dressed & bent; gestanzt & gebogen; gestanzt & gebogen,"Bemaßung:9 cm (Höhe), 3,5 cm (Durchmesser)",,Spielzeugmuseum der Stadt Nürnberg (Museum Lydia Bayer); Toy museum of the city of Nuremberg (Museum Lydia Bayer); Spielzeugmuseum der Stadt Nürnberg (Museum Lydia Bayer),
/2064109/Museu_ProvidedCHO_Spielzeugmuseum_der_Stadt_N_rnberg__Museum_Lydia_Bayer__17499__Datensatz_,gegossen,"Bemaßung:5,5 (Kaffeekanne) cm (Höhe), 3,2 cm (Durchmesser)",,Spielzeugmuseum der Stadt Nürnberg (Museum Lydia Bayer); Toy museum of the city of Nuremberg (Museum Lydia Bayer); Spielzeugmuseum der Stadt Nürnberg (Museum Lydia Bayer),
/2064109/Museu_ProvidedCHO_Spielzeugmuseum_der_Stadt_N_rnberg__Museum_Lydia_Bayer__17291__Datensatz_,gegossen,"Bemaßung:4,7 (Kanne) cm (Höhe)",,Spielzeugmuseum der Stadt Nürnberg (Museum Lydia Bayer); Toy museum of the city of Nuremberg (Museum Lydia Bayer); Spielzeugmuseum der Stadt Nürnberg (Museum Lydia Bayer),
/2064109/Museu_ProvidedCHO_Spielzeugmuseum_der_Stadt_N_rnberg__Museum_Lydia_Bayer__15979__Datensatz_,gestanzt & gebogen & gedruckt (Lithographie),"Bemaßung:8,5 cm (Höhe), 5,5 cm (Durchmesser)",,Spielzeugmuseum der Stadt Nürnberg (Museum Lydia Bayer); Toy museum of the city of Nuremberg (Museum Lydia Bayer); Spielzeugmuseum der Stadt Nürnberg (Museum Lydia Bayer),
/2064109/Museu_ProvidedCHO_Spielzeugmuseum_der_Stadt_N_rnberg__Museum_Lydia_Bayer__15707__Datensatz_,geformt & gebrannt & glasiert,"Bemaßung:8 (Kanne, groß) cm (Höhe)",,Spielzeugmuseum der Stadt Nürnberg (Museum Lydia Bayer); Toy museum of the city of Nuremberg (Museum Lydia Bayer); Spielzeugmuseum der Stadt Nürnberg (Museum Lydia Bayer),
/2064109/Museu_ProvidedCHO_Spielzeugmuseum_der_Stadt_N_rnberg__Museum_Lydia_Bayer__15709__Datensatz_,geformt & gebrannt & bemalt; geformt & gebrannt & bemalt; Shaped & burned & painted,Bemaßung:10 (Kaffeekanne) cm (Höhe),,Spielzeugmuseum der Stadt Nürnberg (Museum Lydia Bayer); Toy museum of the city of Nuremberg (Museum Lydia Bayer); Spielzeugmuseum der Stadt Nürnberg (Museum Lydia Bayer),
/2064109/Museu_ProvidedCHO_Spielzeugmuseum_der_Stadt_N_rnberg__Museum_Lydia_Bayer__15708__Datensatz_,geformt & gebrannt & bemalt; geformt & gebrannt & bemalt; Shaped & burned & painted,Bemaßung:11 (Kaffeekanne) cm (Höhe),,Spielzeugmuseum der Stadt Nürnberg (Museum Lydia Bayer); Toy museum of the city of Nuremberg (Museum Lydia Bayer); Spielzeugmuseum der Stadt Nürnberg (Museum Lydia Bayer),
/2064109/Museu_ProvidedCHO_Spielzeugmuseum_der_Stadt_N_rnberg__Museum_Lydia_Bayer__15671__Datensatz_,geformt & gebrannt & glasiert,"Bemaßung:2,7 (Kanne) cm (Höhe)",,Spielzeugmuseum der Stadt Nürnberg (Museum Lydia Bayer); Toy museum of the city of Nuremberg (Museum Lydia Bayer); Spielzeugmuseum der Stadt Nürnberg (Museum Lydia Bayer),
/2064109/Museu_ProvidedCHO_Spielzeugmuseum_der_Stadt_N_rnberg__Museum_Lydia_Bayer__15667__Datensatz_,geformt & gebrannt; geformt & gebrannt; Shaped & Burnt,"Bemaßung:2,8 (Kanne) cm (Höhe)",,Spielzeugmuseum der Stadt Nürnberg (Museum Lydia Bayer); Toy museum of the city of Nuremberg (Museum Lydia Bayer); Spielzeugmuseum der Stadt Nürnberg (Museum Lydia Bayer),
/2064109/Museu_ProvidedCHO_Spielzeugmuseum_der_Stadt_N_rnberg__Museum_Lydia_Bayer__15657__Datensatz_,casting & soldered; gegossen & gelötet; gegossen & gelötet,Bemaßung:3 (Kanne) cm (Höhe),,Spielzeugmuseum der Stadt Nürnberg (Museum Lydia Bayer); Toy museum of the city of Nuremberg (Museum Lydia Bayer); Spielzeugmuseum der Stadt Nürnberg (Museum Lydia Bayer),
/2064109/Museu_ProvidedCHO_Spielzeugmuseum_der_Stadt_N_rnberg__Museum_Lydia_Bayer__15656__Datensatz_,casting & soldered; gegossen & gelötet; gegossen & gelötet,"Bemaßung:3,8 (Kanne) cm (Höhe)",,Spielzeugmuseum der Stadt Nürnberg (Museum Lydia Bayer); Toy museum of the city of Nuremberg (Museum Lydia Bayer); Spielzeugmuseum der Stadt Nürnberg (Museum Lydia Bayer),
/2064109/Museu_ProvidedCHO_Spielzeugmuseum_der_Stadt_N_rnberg__Museum_Lydia_Bayer__15615__Datensatz_,geformt & gebrannt & bemalt; geformt & gebrannt & bemalt; Shaped & burned & painted,"Bemaßung:4,2 cm (Länge)",,Spielzeugmuseum der Stadt Nürnberg (Museum Lydia Bayer); Toy museum of the city of Nuremberg (Museum Lydia Bayer); Spielzeugmuseum der Stadt Nürnberg (Museum Lydia Bayer),
/2064109/Museu_ProvidedCHO_Spielzeugmuseum_der_Stadt_N_rnberg__Museum_Lydia_Bayer__15569__Datensatz_,Shaped & burned & painted & printed; geformt & gebrannt & bemalt & bedruckt; geformt & gebrannt & bemalt & bedruckt,"Bemaßung:13,5 (Kaffeekanne) cm (Höhe)",,Spielzeugmuseum der Stadt Nürnberg (Museum Lydia Bayer); Toy museum of the city of Nuremberg (Museum Lydia Bayer); Spielzeugmuseum der Stadt Nürnberg (Museum Lydia Bayer),
/2064109/Museu_ProvidedCHO_Spielzeugmuseum_der_Stadt_N_rnberg__Museum_Lydia_Bayer__15509__Datensatz_,Shaped & burned & painted; geformt & gebrannt & lasiert & bemalt; geformt & gebrannt & lasiert & bemalt,Bemaßung:13 (Kaffeekanne) cm (Höhe),,Spielzeugmuseum der Stadt Nürnberg (Museum Lydia Bayer); Toy museum of the city of Nuremberg (Museum Lydia Bayer); Spielzeugmuseum der Stadt Nürnberg (Museum Lydia Bayer),
/2064109/Museu_ProvidedCHO_Spielzeugmuseum_der_Stadt_N_rnberg__Museum_Lydia_Bayer__15055__Datensatz_,geformt & gebrannt & glasiert,"Bemaßung:5,5 (Teekanne) cm (Höhe), 7,5 (Teller) cm (Durchmesser)",,Spielzeugmuseum der Stadt Nürnberg (Museum Lydia Bayer); Toy museum of the city of Nuremberg (Museum Lydia Bayer); Spielzeugmuseum der Stadt Nürnberg (Museum Lydia Bayer),
/2064109/Museu_ProvidedCHO_Spielzeugmuseum_der_Stadt_N_rnberg__Museum_Lydia_Bayer__14842__Datensatz_,geformt & gebrannt & glasiert,"Bemaßung:7,2 (Teekanne) cm (Höhe), 6,9 cm (Durchmesser)",,Spielzeugmuseum der Stadt Nürnberg (Museum Lydia Bayer); Toy museum of the city of Nuremberg (Museum Lydia Bayer); Spielzeugmuseum der Stadt Nürnberg (Museum Lydia Bayer),
/2064109/Museu_ProvidedCHO_Spielzeugmuseum_der_Stadt_N_rnberg__Museum_Lydia_Bayer__14838__Datensatz_,geformt & gebrannt & glasiert & gegossen & gebogen & geflochten,"Bemaßung:5 cm (Höhe), 6 cm (Durchmesser)",,Spielzeugmuseum der Stadt Nürnberg (Museum Lydia Bayer); Toy museum of the city of Nuremberg (Museum Lydia Bayer); Spielzeugmuseum der Stadt Nürnberg (Museum Lydia Bayer),
/2064109/Museu_ProvidedCHO_Spielzeugmuseum_der_Stadt_N_rnberg__Museum_Lydia_Bayer__14554__Datensatz_,geformt & gebrannt & bemalt & glasiert,"Bemaßung:10,4 (Kaffeekanne) cm (Höhe)",,Spielzeugmuseum der Stadt Nürnberg (Museum Lydia Bayer); Toy museum of the city of Nuremberg (Museum Lydia Bayer); Spielzeugmuseum der Stadt Nürnberg (Museum Lydia Bayer),
/2064109/Museu_ProvidedCHO_Spielzeugmuseum_der_Stadt_N_rnberg__Museum_Lydia_Bayer__14041__Datensatz_,geschnitzt & gedrechselt & bemalt & lackiert; geschnitzt & gedrechselt & bemalt & lackiert; carved & painted & painted,Bemaßung:6 cm (Höhe),,Spielzeugmuseum der Stadt Nürnberg (Museum Lydia Bayer); Toy museum of the city of Nuremberg (Museum Lydia Bayer); Spielzeugmuseum der Stadt Nürnberg (Museum Lydia Bayer),
/2064109/Museu_ProvidedCHO_Spielzeugmuseum_der_Stadt_N_rnberg__Museum_Lydia_Bayer__14040__Datensatz_,geschnitzt & gedrechselt & bemalt & lackiert; geschnitzt & gedrechselt & bemalt & lackiert; carved & painted & painted,Bemaßung:6 cm (Höhe),,Spielzeugmuseum der Stadt Nürnberg (Museum Lydia Bayer); Toy museum of the city of Nuremberg (Museum Lydia Bayer); Spielzeugmuseum der Stadt Nürnberg (Museum Lydia Bayer),
/2064109/Museu_ProvidedCHO_Spielzeugmuseum_der_Stadt_N_rnberg__Museum_Lydia_Bayer__13678__Datensatz_,gestanzt & gebogen & gelötet & handgefertigt,"Bemaßung:7,3 (Eimer) cm (Höhe)",,Spielzeugmuseum der Stadt Nürnberg (Museum Lydia Bayer); Toy museum of the city of Nuremberg (Museum Lydia Bayer); Spielzeugmuseum der Stadt Nürnberg (Museum Lydia Bayer),
/2064109/Museu_ProvidedCHO_Spielzeugmuseum_der_Stadt_N_rnberg__Museum_Lydia_Bayer__13677__Datensatz_,gestanzt & gebogen & gelötet & handgefertigt,"Bemaßung:8,2 (Milchkanne) cm (Höhe)",,Spielzeugmuseum der Stadt Nürnberg (Museum Lydia Bayer); Toy museum of the city of Nuremberg (Museum Lydia Bayer); Spielzeugmuseum der Stadt Nürnberg (Museum Lydia Bayer),
/2064109/Museu_ProvidedCHO_Spielzeugmuseum_der_Stadt_N_rnberg__Museum_Lydia_Bayer__11975__Datensatz_,gepreßt & gegossen; gepreßt & gegossen; Expressed & cast,"Bemaßung:19 cm (Höhe), 22,5 cm (Breite), 4,8 cm (Tiefe)",,Spielzeugmuseum der Stadt Nürnberg (Museum Lydia Bayer); Toy museum of the city of Nuremberg (Museum Lydia Bayer); Spielzeugmuseum der Stadt Nürnberg (Museum Lydia Bayer),
/2064109/Museu_ProvidedCHO_Spielzeugmuseum_der_Stadt_N_rnberg__Museum_Lydia_Bayer__11905__Datensatz_,geschnitzt & gedrechselt & bemalt; geschnitzt & gedrechselt & bemalt; carved & painted,"Bemaßung:3,2 (Kaffeekanne) cm (Höhe); Dimension: 3.2 (coffee pot) cm (height); Bemaßung:3,2 (Kaffeekanne) cm (Höhe)",,Spielzeugmuseum der Stadt Nürnberg (Museum Lydia Bayer); Toy museum of the city of Nuremberg (Museum Lydia Bayer); Spielzeugmuseum der Stadt Nürnberg (Museum Lydia Bayer),
/2064109/Museu_ProvidedCHO_Spielzeugmuseum_der_Stadt_N_rnberg__Museum_Lydia_Bayer__11815__Datensatz_,gestanzt & gepreßt & versilbert; gestanzt & gepreßt & versilbert; Barred & pressed & silver-plated,Bemaßung:6 (Kanne) cm (Höhe),,Spielzeugmuseum der Stadt Nürnberg (Museum Lydia Bayer); Toy museum of the city of Nuremberg (Museum Lydia Bayer); Spielzeugmuseum der Stadt Nürnberg (Museum Lydia Bayer),
/2064109/Museu_ProvidedCHO_Spielzeugmuseum_der_Stadt_N_rnberg__Museum_Lydia_Bayer__11067__Datensatz_,geformt & gebrannt & glasiert & bemalt,Bemaßung:4 (Kanne) cm (Höhe),,Spielzeugmuseum der Stadt Nürnberg (Museum Lydia Bayer); Toy museum of the city of Nuremberg (Museum Lydia Bayer); Spielzeugmuseum der Stadt Nürnberg (Museum Lydia Bayer),
/2064109/Museu_ProvidedCHO_Spielzeugmuseum_der_Stadt_N_rnberg__Museum_Lydia_Bayer__10813__Datensatz_,geformt & glasiert & gebrannt,Bemaßung:3 (Zuckerdose) cm (Höhe),,Spielzeugmuseum der Stadt Nürnberg (Museum Lydia Bayer); Toy museum of the city of Nuremberg (Museum Lydia Bayer); Spielzeugmuseum der Stadt Nürnberg (Museum Lydia Bayer),
/2064109/Museu_ProvidedCHO_Spielzeugmuseum_der_Stadt_N_rnberg__Museum_Lydia_Bayer__10364__Datensatz_,geformt & gebrannt & gepreßt & glasiert & beklebt,"Bemaßung:10,3 (Kaffeekanne) cm (Höhe)",,Spielzeugmuseum der Stadt Nürnberg (Museum Lydia Bayer); Toy museum of the city of Nuremberg (Museum Lydia Bayer); Spielzeugmuseum der Stadt Nürnberg (Museum Lydia Bayer),
/2064109/Museu_ProvidedCHO_Spielzeugmuseum_der_Stadt_N_rnberg__Museum_Lydia_Bayer__10088__Datensatz_,geformt & gebrannt & glasiert & bemalt,"Bemaßung:4,5 (Kaffeekanne) cm (Höhe); Bemaßung:4,5 (Kaffeekanne) cm (Höhe); Dimension: 4.5 (coffee pot) cm (height)",,Spielzeugmuseum der Stadt Nürnberg (Museum Lydia Bayer); Toy museum of the city of Nuremberg (Museum Lydia Bayer); Spielzeugmuseum der Stadt Nürnberg (Museum Lydia Bayer),
/9200516/ark__12148_bpt6k88031069,disque microsillon; Nombre total de vues :  29; 1 disque : 33 t ; 30 cm; multipart/mixed; disc; multipart/mixed; 1 disque : 33 t ; 30 cm; Nombre total de vues :  29,,,"conditions spécifiques d'utilisation - BnF-Partenariats, Collection sonore - Believe; restricted use","Bibliothèque nationale de France, département Audiovisuel, B-8597; Bibliothèque nationale de France, département Audiovisuel, B-8597; National Library of France, Audiovisual Department, B-8597"
/2064124/Museu_ProvidedCHO_museum_digital_4793__technical_number_,Preßpappeindustriell gefertigt,"H: 17 cm, B: 17 cm, T: 17 cm, D: 17 cm",,Dahlem Foundation - Landgut and Museum; Stiftung Domäne Dahlem - Landgut und Museum; Stiftung Domäne Dahlem - Landgut und Museum,
/2064124/Museu_ProvidedCHO_museum_digital_4757__technical_number_,Cardboard * printed/printed; Pappe * gedruckt/bedruckt,"H: 66 cm, B: 43 cm, T: cm",,Dahlem Foundation - Landgut and Museum; Stiftung Domäne Dahlem - Landgut und Museum; Stiftung Domäne Dahlem - Landgut und Museum,
/2064124/Museu_ProvidedCHO_museum_digital_4617__technical_number_,Eisen * industriell gef.; Iron * industrial,"H: 10 cm, B: 9 cm, T: 9 cm",,Dahlem Foundation - Landgut and Museum; Stiftung Domäne Dahlem - Landgut und Museum; Stiftung Domäne Dahlem - Landgut und Museum,
/2064124/Museu_ProvidedCHO_museum_digital_4053__technical_number_,Porzellan * industriell gef.,"H: 13 cm, B: 25 cm, T: 17 cm",,Dahlem Foundation - Landgut and Museum; Stiftung Domäne Dahlem - Landgut und Museum; Stiftung Domäne Dahlem - Landgut und Museum,
/2064124/Museu_ProvidedCHO_museum_digital_4014__technical_number_,,"H: 30 cm, B: 26 cm, T: 26 cm",,Dahlem Foundation - Landgut and Museum; Stiftung Domäne Dahlem - Landgut und Museum; Stiftung Domäne Dahlem - Landgut und Museum,
/2064124/Museu_ProvidedCHO_museum_digital_3732__technical_number_,Industrial paper; Papier * industriell gef.,"H: 17,5 cm, B: 11 cm, T: 4,5 cm",,Dahlem Foundation - Landgut and Museum; Stiftung Domäne Dahlem - Landgut und Museum; Stiftung Domäne Dahlem - Landgut und Museum,
/2064124/Museu_ProvidedCHO_museum_digital_3447__technical_number_,Industrial metal; Metall * industriell gef.,"H: 14,5 cm, B: 33,5 cm, T: 22,5 cm",,Dahlem Foundation - Landgut and Museum; Stiftung Domäne Dahlem - Landgut und Museum; Stiftung Domäne Dahlem - Landgut und Museum,
/2064124/Museu_ProvidedCHO_museum_digital_3315__technical_number_,"Porzellan, glasiert 057 manufakturell gefertigt","H: 2,5 bis 26 cm, B: 8 bis 30 cm, T: 8 bis 22 cm",,Dahlem Foundation - Landgut and Museum; Stiftung Domäne Dahlem - Landgut und Museum; Stiftung Domäne Dahlem - Landgut und Museum,
/2064124/Museu_ProvidedCHO_museum_digital_3225__technical_number_,Porzellan * industriell gef.,"H: 12 cm, B: 12 cm, T: 7 cm",,Dahlem Foundation - Landgut and Museum; Stiftung Domäne Dahlem - Landgut und Museum; Stiftung Domäne Dahlem - Landgut und Museum,
/2064124/Museu_ProvidedCHO_museum_digital_3094__technical_number_,Porzellan * industriell gef.,"H: cm, B: 14,2 + 10,3 cm, T: 7,6 + 5,6 cm; H: cm, W: 14.2 + 10.3 cm, T: 7.6 + 5.6 cm; H: cm, B: 14,2 + 10,3 cm, T: 7,6 + 5,6 cm",,Dahlem Foundation - Landgut and Museum; Stiftung Domäne Dahlem - Landgut und Museum; Stiftung Domäne Dahlem - Landgut und Museum,
/2064124/Museu_ProvidedCHO_museum_digital_3089__technical_number_,Porzellan * industriell gef.,"H: 10 cm, B: 11 cm, T: 8 cm",,Dahlem Foundation - Landgut and Museum; Stiftung Domäne Dahlem - Landgut und Museum; Stiftung Domäne Dahlem - Landgut und Museum,
/2064124/Museu_ProvidedCHO_museum_digital_3029__technical_number_,"Eisenblech: innen verzinnt, außen farbig bedruckt * industriell gef.; Iron sheet: tinted inside, printed in color on the outside * industrial base","H: 8 cm, B: 14,5 cm, T: 9 cm",,Dahlem Foundation - Landgut and Museum; Stiftung Domäne Dahlem - Landgut und Museum; Stiftung Domäne Dahlem - Landgut und Museum,
/2064124/Museu_ProvidedCHO_museum_digital_3021__technical_number_,Porzellan * industriell gef.,"H: 10 cm, B: 10 cm, T: 7 cm",,Dahlem Foundation - Landgut and Museum; Stiftung Domäne Dahlem - Landgut und Museum; Stiftung Domäne Dahlem - Landgut und Museum,
/2064124/Museu_ProvidedCHO_museum_digital_3016__technical_number_,Porzellan * industriell gef.,"H: 11 cm, B: 13 cm, T: 9 cm",,Dahlem Foundation - Landgut and Museum; Stiftung Domäne Dahlem - Landgut und Museum; Stiftung Domäne Dahlem - Landgut und Museum,
/2064124/Museu_ProvidedCHO_museum_digital_2958__technical_number_,"Blech, innen verchromt, außen vermessingt * industriell gef.; Plate, chrome inside, messined outside * industrially made.","H: 14 cm, B: 12 cm, T: 12 cm",,Dahlem Foundation - Landgut and Museum; Stiftung Domäne Dahlem - Landgut und Museum; Stiftung Domäne Dahlem - Landgut und Museum,
/2064124/Museu_ProvidedCHO_museum_digital_2882__technical_number_,Cardboard * industrial; Karton * industriell gef.,"H: 10 cm, B: 17 cm, T: 17 cm",,Dahlem Foundation - Landgut and Museum; Stiftung Domäne Dahlem - Landgut und Museum; Stiftung Domäne Dahlem - Landgut und Museum,
/2064124/Museu_ProvidedCHO_museum_digital_2852__technical_number_,"Aluminium, Glas, Kunsstoff * industriell gef.; Aluminum, glass, plastic * industrial","H: 22 cm, B: 24 cm, T: 11 cm",,Dahlem Foundation - Landgut and Museum; Stiftung Domäne Dahlem - Landgut und Museum; Stiftung Domäne Dahlem - Landgut und Museum,
/2064124/Museu_ProvidedCHO_museum_digital_2821__technical_number_,Cardboard; Pappe * industriell gef.,"H: 10 cm, B: 9,5 cm, T: 4 cm",,Dahlem Foundation - Landgut and Museum; Stiftung Domäne Dahlem - Landgut und Museum; Stiftung Domäne Dahlem - Landgut und Museum,
/2064124/Museu_ProvidedCHO_museum_digital_2783__technical_number_,"Kunststoff, Glas, Aluminium, Metall * industriell gef.; Plastic, glass, aluminum, metal","H: 39 cm, B: 20,5 cm, T: cm",,Dahlem Foundation - Landgut and Museum; Stiftung Domäne Dahlem - Landgut und Museum; Stiftung Domäne Dahlem - Landgut und Museum,
/2064124/Museu_ProvidedCHO_museum_digital_2562__technical_number_,Bunzlauer Keramik * industriell gef.,"H: 22 cm, B: 24 cm, T: 14 cm",,Dahlem Foundation - Landgut and Museum; Stiftung Domäne Dahlem - Landgut und Museum; Stiftung Domäne Dahlem - Landgut und Museum,
/2064124/Museu_ProvidedCHO_museum_digital_2556__technical_number_,Porzellan * industriell gef.,"H: 26 cm, B: 14 cm, T: 14 cm",,Dahlem Foundation - Landgut and Museum; Stiftung Domäne Dahlem - Landgut und Museum; Stiftung Domäne Dahlem - Landgut und Museum,
/03919/public_mistral_joconde_fr_ACTION_CHERCHER_FIELD_1_REF_VALUE_1_M5019000160,,,,"© Musée national de la Céramique, Sèvres, © Direction des Musées de France, 2002; Photo : © M. Beck-Coppola ; Réunion des musées nationaux - utilisation soumise à autorisation",
/03919/public_mistral_joconde_fr_ACTION_CHERCHER_FIELD_1_REF_VALUE_1_M0224000102,,,,"Photo : © Yvon Boëlle; © musée de la Compagnie des Indes, 2001, © Direction des Musées de France, 2004; Picture: ©Yvon Boëlle; ©Museum of the Compagnie des Indes, 2001, ©Direction des Musées de France, 2004",
/03919/public_mistral_joconde_fr_ACTION_CHERCHER_FIELD_1_REF_VALUE_1_M0224000079,,,,"Photo : © Yvon Boëlle; © musée de la Compagnie des Indes, 2001, © Direction des Musées de France, 2004; Picture: ©Yvon Boëlle; ©Museum of the Compagnie des Indes, 2001, ©Direction des Musées de France, 2004",
/03919/public_mistral_joconde_fr_ACTION_CHERCHER_FIELD_1_REF_VALUE_1_50520005688,,,,"Photo : © Mélanie Demarle - utilisation soumise à autorisation; © Chantilly, musée Condé, © Service des musées de France, 2010",
/03919/public_mistral_joconde_fr_ACTION_CHERCHER_FIELD_1_REF_VALUE_1_50520005583,,,,"Photo : © Mélanie Demarle; © Chantilly, musée Condé, © Service des musées de France, 2010; Picture: ©Mélanie Demarle",
/03919/public_mistral_joconde_fr_ACTION_CHERCHER_FIELD_1_REF_VALUE_1_50520005574,,,,"Photo : © Mélanie Demarle; © Chantilly, musée Condé, © Service des musées de France, 2010; Picture: ©Mélanie Demarle",
/03919/public_mistral_joconde_fr_ACTION_CHERCHER_FIELD_1_REF_VALUE_1_50410004668,,,,"Photo : © Arnaudet ; Réunion des musées nationaux - utilisation soumise à autorisation; © Musée Gustave Moreau, © Direction des Musées de France, 1999; ©Gustave Moreau Museum, ©Direction des Musées de France, 1999",
/03919/public_mistral_joconde_fr_ACTION_CHERCHER_FIELD_1_REF_VALUE_1_50380029701,,,,"© Paris, musée du Louvre, © Direction des musées de France, 2008; Photo : © Réunion des musées nationaux - utilisation soumise à autorisation - © Jean-Gilles Berizzi",
/03919/public_mistral_joconde_fr_ACTION_CHERCHER_FIELD_1_REF_VALUE_1_50380019365,,,,"© Paris, musée du Louvre, © Direction des musées de France, 2008; Photo : © Réunion des musées nationaux - utilisation soumise à autorisation / Daniel Arnaudet",
/03919/public_mistral_joconde_fr_ACTION_CHERCHER_FIELD_1_REF_VALUE_1_50350229265,,,,"Photo : © Réunion des musées nationaux - utilisation soumise à autorisation; © musée du Louvre département des Arts graphiques, © Direction des Musées de France, 1995; Picture: ©Meeting of national museums - use subject to authorization",
/03919/public_mistral_joconde_fr_ACTION_CHERCHER_FIELD_1_REF_VALUE_1_50210004254,,,,"Photo : © Les Arts Décoratifs ; Tous droits réservés; © Paris, musée des Arts décoratifs, © Direction des musées de France, 2006; ©Paris, museum of decorative arts, ©Direction des museums de France, 2006",
/03919/public_mistral_joconde_fr_ACTION_CHERCHER_FIELD_1_REF_VALUE_1_50160001263,,,,"Photo : © Mathéus ; © Réunion des musées nationaux - utilisation soumise à autorisation; © Rueil-Malmaison ; musée national des châteaux de Malmaison et de Bois-Préau, © Direction des musées de France, 2004",
/03919/public_mistral_joconde_fr_ACTION_CHERCHER_FIELD_1_REF_VALUE_1_50160001224,,,,"Photo : © D. Arnaudet / G. Blot ; © Réunion des musées nationaux - utilisation soumise à autorisation; © Rueil-Malmaison ; musée national des châteaux de Malmaison et de Bois-Préau, © Direction des musées de France, 2004",
/03919/public_mistral_joconde_fr_ACTION_CHERCHER_FIELD_1_REF_VALUE_1_50110002330,,,,"Photo : © Bruce Aufrère / photographic; © Dijon, musée Magnin, © Direction des musées de France, 2008",
/03919/public_mistral_joconde_fr_ACTION_CHERCHER_FIELD_1_REF_VALUE_1_50110001938,,,,"Photo : © Bruce Aufrère / photographic; © Dijon, musée Magnin, © Direction des musées de France, 2008",
/03919/public_mistral_joconde_fr_ACTION_CHERCHER_FIELD_1_REF_VALUE_1_50110001875,,,,"Photo : © Michel Deville / Promontage; © Dijon, musée Magnin, © Direction des musées de France, 2008; Picture: ©Michel Deville/Promontage",
/03919/public_mistral_joconde_fr_ACTION_CHERCHER_FIELD_1_REF_VALUE_1_50110000731,,,,"© Dijon, musée Magnin, © Direction des musées de France, 2008; Photo : © Bruce Aufrère / Photographic",
/03919/public_mistral_joconde_fr_ACTION_CHERCHER_FIELD_1_REF_VALUE_1_50110000728,,,,"Photo : © Michel Deville / Promontage; © Dijon, musée Magnin, © Direction des musées de France, 2008; Picture: ©Michel Deville/Promontage",
/03919/public_mistral_joconde_fr_ACTION_CHERCHER_FIELD_1_REF_VALUE_1_50110000719,,,,"© Dijon, musée Magnin, © Direction des musées de France, 2008; Photo : © Bruce Aufrère / Photographic",
/03919/public_mistral_joconde_fr_ACTION_CHERCHER_FIELD_1_REF_VALUE_1_50110000703,,,,"Photo : © Michel Deville / Promontage; © Dijon, musée Magnin, © Direction des musées de France, 2008; Picture: ©Michel Deville/Promontage",
/03919/public_mistral_joconde_fr_ACTION_CHERCHER_FIELD_1_REF_VALUE_1_09630008437,,,,"© Bourg-en-Bresse, musée de Brou, © Direction des musées de France, 2009; Photo : © Alain Basset; ©Bourg-en-Bresse, Museum of Brou, ©Direction des museums de France, 2009; Picture: ©Alain Basset",
/03919/public_mistral_joconde_fr_ACTION_CHERCHER_FIELD_1_REF_VALUE_1_00660002595,,,,"Picture: Delphine Travers; ©Bordeaux, Museum of Decorative Arts, ©Direction des museums de France, 2008; © Bordeaux, musée des Arts décoratifs, © Direction des musées de France, 2008; Photo : Delphine Travers",
/03919/public_mistral_joconde_fr_ACTION_CHERCHER_FIELD_1_REF_VALUE_1_00660000570,,,,"Photo : © Lysiane Gauthier; © Bordeaux, musée des Arts décoratifs, © Direction des musées de France, 2008; Picture: ©Lysiane Gauthier; ©Bordeaux, Museum of Decorative Arts, ©Direction des museums de France, 2008",
/03919/public_mistral_joconde_fr_ACTION_CHERCHER_FIELD_1_REF_VALUE_1_00660000526,,,,"Picture: Delphine Travers; ©Bordeaux, Museum of Decorative Arts, ©Direction des museums de France, 2008; © Bordeaux, musée des Arts décoratifs, © Direction des musées de France, 2008; Photo : Delphine Travers",
/03919/public_mistral_joconde_fr_ACTION_CHERCHER_FIELD_1_REF_VALUE_1_00660000390,,,,"Picture: Delphine Travers; ©Bordeaux, Museum of Decorative Arts, ©Direction des museums de France, 2008; © Bordeaux, musée des Arts décoratifs, © Direction des musées de France, 2008; Photo : Delphine Travers",
/03919/public_mistral_joconde_fr_ACTION_CHERCHER_FIELD_1_REF_VALUE_1_00660000376,,,,"Photo : © Liliane Gauthier, © musée des arts décoratifs de Bordeaux; © Bordeaux, musée des Arts décoratifs, © Direction des musées de France, 2008; Picture: ©Liliane Gauthier, ©museum of decorative arts in Bordeaux; ©Bordeaux, Museum of Decorative Arts, ©Direction des museums de France, 2008",
/03919/public_mistral_joconde_fr_ACTION_CHERCHER_FIELD_1_REF_VALUE_1_00660000363,,,,"Picture: ©Delphine Travers; ©Bordeaux, Museum of Decorative Arts, ©Direction des museums de France, 2008; © Bordeaux, musée des Arts décoratifs, © Direction des musées de France, 2008; Photo : © Delphine Travers",
/2023846/medienarchiv_web_detailansicht_id_163853,,,,"LWL-Volkskundlichen Kommission für Westfalen
         [Resource]; Bildarchiv der Volkskundlichen Kommission für Westfalen",LWL-Volkskunde Commission for Westphalia; LWL-Volkskundlichen Kommission für Westfalen
/2023846/medienarchiv_web_detailansicht_id_163842,,,,"LWL-Volkskundlichen Kommission für Westfalen
         [Resource]; Bildarchiv der Volkskundlichen Kommission für Westfalen",LWL-Volkskunde Commission for Westphalia; LWL-Volkskundlichen Kommission für Westfalen
/2023846/medienarchiv_web_detailansicht_id_163839,,,,"LWL-Volkskundlichen Kommission für Westfalen
         [Resource]; Bildarchiv der Volkskundlichen Kommission für Westfalen",LWL-Volkskunde Commission for Westphalia; LWL-Volkskundlichen Kommission für Westfalen
/2023846/medienarchiv_web_detailansicht_id_163765,,,,"LWL-Volkskundlichen Kommission für Westfalen
         [Resource]; Bildarchiv der Volkskundlichen Kommission für Westfalen",LWL-Volkskunde Commission for Westphalia; LWL-Volkskundlichen Kommission für Westfalen
/2023846/medienarchiv_web_detailansicht_id_159599,,,,"LWL-Volkskundlichen Kommission für Westfalen
         [Resource]; Bildarchiv der Volkskundlichen Kommission für Westfalen",LWL-Volkskunde Commission for Westphalia; LWL-Volkskundlichen Kommission für Westfalen
/92027/BibliographicResource_1000125590023,image/jpeg,,,ÖNB,Osterreichische Nationalbibliothek
/773/https___catalonica_bnc_cat_catalonicahub_lod_oai_mdc_csuc_cat_afcecemc____3926_ent0,,,Centre Excursionista de Catalunya,http://creativecommons.org/licenses/by-nc-nd/3.0/,Memòria Digital de Catalunya
/773/https___catalonica_bnc_cat_catalonicahub_lod_oai_mdc_csuc_cat_afcecin____475_ent0,,,Centre Excursionista de Catalunya,http://creativecommons.org/licenses/by-nc-nd/3.0/,Memòria Digital de Catalunya
/2022703/pages_Main_idt_1289_inventary_01288_table_FMUS_museum_MCM,,"Anchura máxima = 15,50 cmTetera: Altura = 10,50 cm; Anchura máxima = 15,50 cm; Altura = 4 cmCuerpo: Profundidad = 9,80 cm; Profundidad = 11 cm; Altura = 25,50 cm; Altura = 16,20 cm; Anchura máxima = 18,80 cmBase: Anchura máxima = 16,80 cm",Ministerio de Cultura,,Museo Cerralbo
/2059510/10687_124144,,,,,
/2059510/10687_124116,,,,,
/2059510/10687_124097,,,,,
/2059510/10687_119824,,,,,
/2059510/10687_119809,,,,,
/2059510/10687_119494,,,,,
/2059516/data_foodanddrink_O99206,,,,,
/199/item_5HUM3REVV6EDJ2RFMLQAFVJ2RNWBOR7S,http://data.europeana.eu/concept/1757; http://vocab.getty.edu/aat/300010662,,,,
/199/item_7HSS2ZIXYMQKHSE64GW3BARY4TUC7VJ7,http://data.europeana.eu/concept/2090; http://vocab.getty.edu/aat/300015018; http://vocab.getty.edu/aat/300014109; http://vocab.getty.edu/aat/300022443,,,,
/199/item_AKSUKKXZHJT3YXOKVY7VPWLJVZH5SUGQ,,,,,
/199/item_AWPKWY2KHWOQIIRMMH6KTD3DHNQ3MUFQ,http://vocab.getty.edu/aat/300014078; http://vocab.getty.edu/aat/300015050,,,,
/199/item_BKO23ZU54ZVTCS6KNXV2EJPRPRKVZF7L,http://data.europeana.eu/concept/1775; http://vocab.getty.edu/aat/300011029; getrieben (Material/Technik),,,,
/199/item_CDT5RSCTWRTSGGSEHFMTQPS6W3E7XL7F,http://data.europeana.eu/concept/1769; http://vocab.getty.edu/aat/300010957,,,,
/199/item_H5PZYL52TLLSVPOIXV4AWHLYDLN4GH32,,,,,
/199/item_H5W2HIFRQNGYXH2IRIU5TBKVRR6F3XJZ,http://data.europeana.eu/concept/2001; glazed (material/technique); http://vocab.getty.edu/aat/300242297; glasiert (Material/Technik),,,,
/199/item_JIURMZKCOSB46WPPZDFQTGQKBCAJTZWY,,,,,
/199/item_SSE3UW3CGI4OX6GEUDLW7UHWMOYPW2PZ,http://vocab.getty.edu/aat/300014078; http://vocab.getty.edu/aat/300015050,"Höhe x Breite: 100 x 74,5 cm",,,
/199/item_SXI3Z4GV7S24C746MZC27FETVHLLC47T,http://vocab.getty.edu/aat/300014078; http://vocab.getty.edu/aat/300015050,,,,
/199/item_WVRTYFDO62KX74I3GWW3PMHPU3TAJ4LN,http://data.europeana.eu/concept/2001; glazed (material/technique); http://vocab.getty.edu/aat/300242297; glasiert (Material/Technik),"Durchmesser: 11,5 cm; Höhe: 12,5 cm",,,
/199/item_Z2QBUTHQVDIMQ4JWHYQXVOZDSUEIDVIV,,,,,
/2048001/AP_10275198,cuit[céramique] peint; http://partage.vocnet.org/part00664; painting (image-making),hauteur: 24.5 cm; hauteur: 21 cm; hauteur: 18.5 cm,,"© KIK-IRPA, Brussels (Belgium)",
/2048001/AP_10288267,cuit[céramique] polychromé,hauteur: 10.5 cm,,"© KIK-IRPA, Brussels (Belgium)",
/199/item_36HFTRS7KOWZ6VDMWB73E2VX4UXWVTKM,,,,,
/199/item_FFTHUJQP24537LB7SDZGWGXX6TK66VDG,,,,,
/199/item_N6I7ZHGXTZ3NH2EQQSAJEHEF65SLKUWO,http://vocab.getty.edu/aat/300014078; http://vocab.getty.edu/aat/300015050,,,,
/199/item_QMMRV7YSJFGT2W3IWE6KVPCM5VSSW63K,,,,,
/199/item_R4MVD3PGUCUPOPNDOCH55T3GSBUNCNQC,http://data.europeana.eu/concept/1807; http://data.europeana.eu/concept/1775; http://vocab.getty.edu/aat/300011857; http://vocab.getty.edu/aat/300011029,,,,
/199/item_VRFCU2M2UTK23VVIDEGZPLJVLJO5SUSP,,,,,
/199/item_XNGD3LY27UQ4WSIYKFLYKWVXXWGKO7LM,http://vocab.getty.edu/aat/300014078; http://vocab.getty.edu/aat/300015050,"Höhe x Breite: 72 x 57,5 cm",,,
/199/item_YPVAULPU4HAXAXL4MGBS67CGFELCRSYS,,,,,
/270/resource_document_jhm_museum_M009962,,,,,Joods Historisch Museum
/2058628/KF_objecten_12561977226261812565152,,hoogte: 29 cm,,,
/2058628/KF_objecten_1256197939872981593195,,,,,
/2064109/Museu_ProvidedCHO_Spielzeugmuseum_der_Stadt_N_rnberg__Museum_Lydia_Bayer__54812__Datensatz_,geformt & glasiert & gebrannt & bedruckt,"Bemaßung:30 cm (Höhe), 42 cm (Breite), 9 cm (Tiefe)",,Spielzeugmuseum der Stadt Nürnberg (Museum Lydia Bayer); Toy museum of the city of Nuremberg (Museum Lydia Bayer); Spielzeugmuseum der Stadt Nürnberg (Museum Lydia Bayer),
/2026105/Partage_Plus_ProvidedCHO_Bildarchiv_Foto_Marburg___Institut_Mathildenh_he_Darmstadt_124480,Unterglasurmalerei; Underglaze painting; Unterglasurmalerei; http://partage.vocnet.org/part01353,"Teilobjektmaß 2: Kanne 9,8 x 21 x 14,5 cm; Part object dimension 2: pot 9.8 x 21 x 14.5 cm; Teilobjektmaß 1: Deckel 4,6 x 8,6 cm; Objektmaß (HxBxT): 12 x 21 x 14,5 cm; Teilobjektmaß 2: Kanne 9,8 x 21 x 14,5 cm; Teilobjektmaß 1: Deckel 4,6 x 8,6 cm; Objektmaß (HxBxT): 12 x 21 x 14,5 cm",,"Deutsches Dokumentationszentrum für Kunstgeschichte - Bildarchiv Foto Marburg; Institut Mathildenhöhe, Städtische Kunstsammlung Darmstadt / Foto: Gregor Schuster; Institute Mathildenhöhe, Darmstadt city art collection/photo: Gregor Schuster; Institut Mathildenhöhe, Städtische Kunstsammlung Darmstadt / Foto: Gregor Schuster",
/2026105/Partage_Plus_ProvidedCHO_Bildarchiv_Foto_Marburg___Institut_Mathildenh_he_Darmstadt_124479,Glasieren (Beschichten); glazing; http://partage.vocnet.org/part00456; Glasieren (Beschichten),"Objektmaß (LxBxH): 16 x 20 x 13,5 cm; Objektmaß (LxBxH): 16 x 20 x 13,5 cm; Object dimension (LxBxH): 16 x 20 x 13.5 cm",,"Deutsches Dokumentationszentrum für Kunstgeschichte - Bildarchiv Foto Marburg; Institut Mathildenhöhe, Städtische Kunstsammlung Darmstadt / Foto: Gregor Schuster; Institute Mathildenhöhe, Darmstadt city art collection/photo: Gregor Schuster; Institut Mathildenhöhe, Städtische Kunstsammlung Darmstadt / Foto: Gregor Schuster",
/2026105/Partage_Plus_ProvidedCHO_Bildarchiv_Foto_Marburg___Institut_Mathildenh_he_Darmstadt_122860,,"Gesamtmaß (HxBxT): 32,2 cm; Objektmaß (HxBxT): 21,8 cm (Kanne); Objektmaß (HxBxT): 10,5 cm (Rechaud); Gesamtmaß (HxBxT): 32,2 cm; Total dimension (HxBxT): 32.2 cm; Objektmaß (HxBxT): 21,8 cm (Kanne)",,"Deutsches Dokumentationszentrum für Kunstgeschichte - Bildarchiv Foto Marburg; Institut Mathildenhöhe, Städtische Kunstsammlung Darmstadt / Foto: Gregor Schuster; Institute Mathildenhöhe, Darmstadt city art collection/photo: Gregor Schuster; Institut Mathildenhöhe, Städtische Kunstsammlung Darmstadt / Foto: Gregor Schuster",
/2026105/Partage_Plus_ProvidedCHO_Bildarchiv_Foto_Marburg___Institut_Mathildenh_he_Darmstadt_122298,gilding; http://data.europeana.eu/concept/2757; Vergolden; http://partage.vocnet.org/part00455; Vergolden,"Object dimension (HxD below): 24 x 7.5 x 10.5 cm; Objektmaß (HxD untenxD oben): 24 x 7,5 x 10,5 cm; Objektmaß (HxD untenxD oben): 24 x 7,5 x 10,5 cm",,"Deutsches Dokumentationszentrum für Kunstgeschichte - Bildarchiv Foto Marburg; Institut Mathildenhöhe, Städtische Kunstsammlung Darmstadt / Foto: Gregor Schuster; Institute Mathildenhöhe, Darmstadt city art collection/photo: Gregor Schuster; Institut Mathildenhöhe, Städtische Kunstsammlung Darmstadt / Foto: Gregor Schuster",
/2026105/Partage_Plus_ProvidedCHO_Bildarchiv_Foto_Marburg___Institut_Mathildenh_he_Darmstadt_122294,gilding; http://data.europeana.eu/concept/2757; Vergolden; http://partage.vocnet.org/part00455; Vergolden,"Object dimension (HxD below): 19.7 x 13 x 11.7 cm; Objektmaß (HxD untenxD oben): 19,7 x 13 x 11,7 cm; Objektmaß (HxD untenxD oben): 19,7 x 13 x 11,7 cm",,"Deutsches Dokumentationszentrum für Kunstgeschichte - Bildarchiv Foto Marburg; Institut Mathildenhöhe, Städtische Kunstsammlung Darmstadt / Foto: Gregor Schuster; Institute Mathildenhöhe, Darmstadt city art collection/photo: Gregor Schuster; Institut Mathildenhöhe, Städtische Kunstsammlung Darmstadt / Foto: Gregor Schuster",
/2026105/Partage_Plus_ProvidedCHO_Bildarchiv_Foto_Marburg___Institut_Mathildenh_he_Darmstadt_122275,,"Objektmaß (HxD untenxD oben): 20,7 x 8,8 x 6,6 cm; Objektmaß (HxD untenxD oben): 20,7 x 8,8 x 6,6 cm; Object dimension (HxD below): 20.7 x 8.8 x 6.6 cm",,"Deutsches Dokumentationszentrum für Kunstgeschichte - Bildarchiv Foto Marburg; Institut Mathildenhöhe, Städtische Kunstsammlung Darmstadt / Foto: Gregor Schuster; Institute Mathildenhöhe, Darmstadt city art collection/photo: Gregor Schuster; Institut Mathildenhöhe, Städtische Kunstsammlung Darmstadt / Foto: Gregor Schuster",
/2026105/Partage_Plus_ProvidedCHO_Bildarchiv_Foto_Marburg___Institut_Mathildenh_he_Darmstadt_118412,Ziselieren (Verfahren); Ziselieren (method); Ziselieren (Verfahren); http://partage.vocnet.org/part00451,Objektmaß (HxBxT): 19 cm; Objektmaß (HxBxT): 19 cm; Object dimension (HxBxT): 19 cm,,"Deutsches Dokumentationszentrum für Kunstgeschichte - Bildarchiv Foto Marburg; Institut Mathildenhöhe, Städtische Kunstsammlung Darmstadt / Foto: Gregor Schuster; Institute Mathildenhöhe, Darmstadt city art collection/photo: Gregor Schuster; Institut Mathildenhöhe, Städtische Kunstsammlung Darmstadt / Foto: Gregor Schuster",
/2026105/Partage_Plus_ProvidedCHO_Bildarchiv_Foto_Marburg___Institut_Mathildenh_he_Darmstadt_118411,Ziselieren (Verfahren); Ziselieren (method); Ziselieren (Verfahren); http://partage.vocnet.org/part00451,Objektmaß (HxBxT): 24 cm; Objektmaß (HxBxT): 24 cm; Object dimension (HxBxT): 24 cm,,"Deutsches Dokumentationszentrum für Kunstgeschichte - Bildarchiv Foto Marburg; Institut Mathildenhöhe, Städtische Kunstsammlung Darmstadt / Foto: Gregor Schuster; Institute Mathildenhöhe, Darmstadt city art collection/photo: Gregor Schuster; Institut Mathildenhöhe, Städtische Kunstsammlung Darmstadt / Foto: Gregor Schuster",
/2026105/Partage_Plus_ProvidedCHO_Bildarchiv_Foto_Marburg___Institut_Mathildenh_he_Darmstadt_118057,,"Object dimension (HxD below): 15.8 x 9.3 x 7 cm; Objektmaß (HxD untenxD oben): 15,8 x 9,3 x 7 cm; Objektmaß (HxD untenxD oben): 15,8 x 9,3 x 7 cm",,"Deutsches Dokumentationszentrum für Kunstgeschichte - Bildarchiv Foto Marburg; Institut Mathildenhöhe, Städtische Kunstsammlung Darmstadt / Foto: Gregor Schuster; Institute Mathildenhöhe, Darmstadt city art collection/photo: Gregor Schuster; Institut Mathildenhöhe, Städtische Kunstsammlung Darmstadt / Foto: Gregor Schuster",
/2026105/Partage_Plus_ProvidedCHO_Bildarchiv_Foto_Marburg___Institut_Mathildenh_he_Darmstadt_118056,,"Objektmaß (HxD untenxD oben): 20,5 x 11,3 x 8 cm; Objektmaß (HxD untenxD oben): 20,5 x 11,3 x 8 cm; Object dimension (HxD below): 20.5 x 11.3 x 8 cm",,"Deutsches Dokumentationszentrum für Kunstgeschichte - Bildarchiv Foto Marburg; Institut Mathildenhöhe, Städtische Kunstsammlung Darmstadt / Foto: Gregor Schuster; Institute Mathildenhöhe, Darmstadt city art collection/photo: Gregor Schuster; Institut Mathildenhöhe, Städtische Kunstsammlung Darmstadt / Foto: Gregor Schuster",
/2026105/Partage_Plus_ProvidedCHO_Bildarchiv_Foto_Marburg___Institut_Mathildenh_he_Darmstadt_118041,Glasieren (Beschichten); glazing; http://partage.vocnet.org/part00456; Glasieren (Beschichten),"Objektmaß (HxD untenxD oben): 24,5 x 12,7 x 7,7 cm",,"Deutsches Dokumentationszentrum für Kunstgeschichte - Bildarchiv Foto Marburg; Institut Mathildenhöhe, Städtische Kunstsammlung Darmstadt / Foto: Gregor Schuster; Institute Mathildenhöhe, Darmstadt city art collection/photo: Gregor Schuster; Institut Mathildenhöhe, Städtische Kunstsammlung Darmstadt / Foto: Gregor Schuster",
/2026105/Partage_Plus_ProvidedCHO_Bildarchiv_Foto_Marburg___Institut_Mathildenh_he_Darmstadt_118040,Glasieren (Beschichten); glazing; http://partage.vocnet.org/part00456; Glasieren (Beschichten),"Object dimension (HxD below): 26.5 x 12 x 6.5 cm; Objektmaß (HxD untenxD oben): 26,5 x 12 x 6,5 cm; Objektmaß (HxD untenxD oben): 26,5 x 12 x 6,5 cm",,"Deutsches Dokumentationszentrum für Kunstgeschichte - Bildarchiv Foto Marburg; Institut Mathildenhöhe, Städtische Kunstsammlung Darmstadt / Foto: Gregor Schuster; Institute Mathildenhöhe, Darmstadt city art collection/photo: Gregor Schuster; Institut Mathildenhöhe, Städtische Kunstsammlung Darmstadt / Foto: Gregor Schuster",
/2026105/Partage_Plus_ProvidedCHO_Bildarchiv_Foto_Marburg___Institut_Mathildenh_he_Darmstadt_118023,Guss (Verfahren); Pressen (Drücken); Guss (Verfahren); http://partage.vocnet.org/part00450; Pressen (Drücken); http://partage.vocnet.org/part00666,"Object dimension (HxD): 33 x 15.8 cm (total dimension); Object dimension (HxD): 22.5 x 15.8 cm; Objektmaß (HxD): 33 x 15,8 cm (Gesamtmaß); Objektmaß (HxD): 22,5 x 15,8 cm; Objektmaß (HxD): 33 x 15,8 cm (Gesamtmaß); Objektmaß (HxD): 22,5 x 15,8 cm",,"Deutsches Dokumentationszentrum für Kunstgeschichte - Bildarchiv Foto Marburg; Institut Mathildenhöhe, Städtische Kunstsammlung Darmstadt / Foto: Gregor Schuster; Institute Mathildenhöhe, Darmstadt city art collection/photo: Gregor Schuster; Institut Mathildenhöhe, Städtische Kunstsammlung Darmstadt / Foto: Gregor Schuster",
/2026105/Partage_Plus_ProvidedCHO_Bildarchiv_Foto_Marburg___Institut_Mathildenh_he_Darmstadt_115692,,"Objektmaß (HxD untenxD oben): 16,5 x 9 x 8 cm; Objektmaß (HxD untenxD oben): 16,5 x 9 x 8 cm; Object dimension (HxD below): 16.5 x 9 x 8 cm",,"Deutsches Dokumentationszentrum für Kunstgeschichte - Bildarchiv Foto Marburg; Institut Mathildenhöhe, Städtische Kunstsammlung Darmstadt / Foto: Gregor Schuster; Institute Mathildenhöhe, Darmstadt city art collection/photo: Gregor Schuster; Institut Mathildenhöhe, Städtische Kunstsammlung Darmstadt / Foto: Gregor Schuster",
/2026105/Partage_Plus_ProvidedCHO_Bildarchiv_Foto_Marburg___Institut_Mathildenh_he_Darmstadt_115691,,"Object dimension (HxD below): 25.5 x 9.5 x 7.9 cm; Objektmaß (HxD untenxD oben): 25,5 x 9,5 x 7,9 cm; Objektmaß (HxD untenxD oben): 25,5 x 9,5 x 7,9 cm",,"Deutsches Dokumentationszentrum für Kunstgeschichte - Bildarchiv Foto Marburg; Institut Mathildenhöhe, Städtische Kunstsammlung Darmstadt / Foto: Gregor Schuster; Institute Mathildenhöhe, Darmstadt city art collection/photo: Gregor Schuster; Institut Mathildenhöhe, Städtische Kunstsammlung Darmstadt / Foto: Gregor Schuster",
/2026103/Partage_Plus_ProvidedCHO_Bildarchiv_Foto_Marburg___Br_han_Museum__Berlin_8621,glasiert; Relief (Technik); Relief (technique); glazed; Painting (artistic technique); Malerei (künstlerische Technik); glasiert; Relief (Technik); http://partage.vocnet.org/part00664; http://partage.vocnet.org/part01229; Malerei (künstlerische Technik),Höhe: 15 cm; Höhe: 15 cm; Height: 15 cm,,"Bröhan Museum, Berlin/photo: Martin Adam, Berlin; Bröhan-Museum, Berlin / Foto: Martin Adam, Berlin; Bröhan-Museum, Berlin / Foto: Martin Adam, Berlin",
/2026103/Partage_Plus_ProvidedCHO_Bildarchiv_Foto_Marburg___Br_han_Museum__Berlin_8620,glasiert; Relief (Technik); Relief (technique); glazed; Painting (artistic technique); Malerei (künstlerische Technik); glasiert; Relief (Technik); http://partage.vocnet.org/part00664; http://partage.vocnet.org/part01229; Malerei (künstlerische Technik),"Höhe: 24,5 cm",,"Bröhan Museum, Berlin/photo: Martin Adam, Berlin; Bröhan-Museum, Berlin / Foto: Martin Adam, Berlin; Bröhan-Museum, Berlin / Foto: Martin Adam, Berlin",
/2026103/Partage_Plus_ProvidedCHO_Bildarchiv_Foto_Marburg___Br_han_Museum__Berlin_8412,glasiert; schabloniert; http://partage.vocnet.org/part00664; Malerei (künstlerische Technik); glasiert; schabloniert; stenciled; glazed; Painting (artistic technique); Malerei (künstlerische Technik),Höhe: 13 cm; Höhe: 13 cm; Height: 13 cm,,"Bröhan Museum, Berlin/photo: Martin Adam, Berlin; Bröhan-Museum, Berlin / Foto: Martin Adam, Berlin; Bröhan-Museum, Berlin / Foto: Martin Adam, Berlin; Deutsches Dokumentationszentrum für Kunstgeschichte - Bildarchiv Foto Marburg",
/2026103/Partage_Plus_ProvidedCHO_Bildarchiv_Foto_Marburg___Br_han_Museum__Berlin_782,glasiert; glazed; Painting (artistic technique); Malerei (künstlerische Technik); Email (Beschichtung); glasiert; http://partage.vocnet.org/part01153; http://partage.vocnet.org/part00664; Malerei (künstlerische Technik); Email (Beschichtung),"Height: 25.2 cm; Höhe: 25,2 cm; Höhe: 25,2 cm",,"Bröhan Museum, Berlin/photo: Martin Adam, Berlin; Bröhan-Museum, Berlin / Foto: Martin Adam, Berlin; Bröhan-Museum, Berlin / Foto: Martin Adam, Berlin; Deutsches Dokumentationszentrum für Kunstgeschichte - Bildarchiv Foto Marburg",
/2026103/Partage_Plus_ProvidedCHO_Bildarchiv_Foto_Marburg___Br_han_Museum__Berlin_7142,glasiert; glasiert; glazed,Höhe: 13 cm; Höhe: 13 cm; Height: 13 cm,,"Bröhan Museum, Berlin/photo: Martin Adam, Berlin; Bröhan-Museum, Berlin / Foto: Martin Adam, Berlin; Bröhan-Museum, Berlin / Foto: Martin Adam, Berlin; Deutsches Dokumentationszentrum für Kunstgeschichte - Bildarchiv Foto Marburg",
/2026103/Partage_Plus_ProvidedCHO_Bildarchiv_Foto_Marburg___Br_han_Museum__Berlin_7141,glasiert; glasiert; glazed,Höhe: 13 cm; Höhe: 13 cm; Height: 13 cm,,"Bröhan Museum, Berlin/photo: Martin Adam, Berlin; Bröhan-Museum, Berlin / Foto: Martin Adam, Berlin; Bröhan-Museum, Berlin / Foto: Martin Adam, Berlin; Deutsches Dokumentationszentrum für Kunstgeschichte - Bildarchiv Foto Marburg",
/2026103/Partage_Plus_ProvidedCHO_Bildarchiv_Foto_Marburg___Br_han_Museum__Berlin_5457,Guss (Verfahren); Guss (Verfahren); http://partage.vocnet.org/part00450,"Höhe: 14,5 cm; Höhe: 14,5 cm; Height: 14.5 cm",,"Bröhan Museum, Berlin/photo: Martin Adam, Berlin; Bröhan-Museum, Berlin / Foto: Martin Adam, Berlin; Bröhan-Museum, Berlin / Foto: Martin Adam, Berlin; Deutsches Dokumentationszentrum für Kunstgeschichte - Bildarchiv Foto Marburg",
/2026103/Partage_Plus_ProvidedCHO_Bildarchiv_Foto_Marburg___Br_han_Museum__Berlin_521,glasiert; glazed; Painting (artistic technique); Malerei (künstlerische Technik); glasiert; http://partage.vocnet.org/part00664; Malerei (künstlerische Technik),"Height: 23.5 cm; Höhe: 23,5 cm; Höhe: 23,5 cm",,"Bröhan Museum, Berlin/photo: Martin Adam, Berlin; Bröhan-Museum, Berlin / Foto: Martin Adam, Berlin; Bröhan-Museum, Berlin / Foto: Martin Adam, Berlin; Deutsches Dokumentationszentrum für Kunstgeschichte - Bildarchiv Foto Marburg",
/2026103/Partage_Plus_ProvidedCHO_Bildarchiv_Foto_Marburg___Br_han_Museum__Berlin_5018,glasiert; glazed; Painting (artistic technique); Malerei (künstlerische Technik); glasiert; http://partage.vocnet.org/part00664; Malerei (künstlerische Technik),Höhe: 15 cm; Höhe: 15 cm; Height: 15 cm,,"Bröhan Museum, Berlin/photo: Martin Adam, Berlin; Bröhan-Museum, Berlin / Foto: Martin Adam, Berlin; Bröhan-Museum, Berlin / Foto: Martin Adam, Berlin; Deutsches Dokumentationszentrum für Kunstgeschichte - Bildarchiv Foto Marburg",
/2026103/Partage_Plus_ProvidedCHO_Bildarchiv_Foto_Marburg___Br_han_Museum__Berlin_5011,glasiert; glazed; Painting (artistic technique); Malerei (künstlerische Technik); glasiert; http://partage.vocnet.org/part00664; Malerei (künstlerische Technik),"Höhe: 16,5 cm; Höhe: 16,5 cm; Height: 16.5 cm",,"Bröhan Museum, Berlin/photo: Martin Adam, Berlin; Bröhan-Museum, Berlin / Foto: Martin Adam, Berlin; Bröhan-Museum, Berlin / Foto: Martin Adam, Berlin",
/2026103/Partage_Plus_ProvidedCHO_Bildarchiv_Foto_Marburg___Br_han_Museum__Berlin_4984,http://partage.vocnet.org/part00663; mit Metall überziehen; mit Metall überziehen; Covering with metal,Height: 23 cm; Höhe: 23 cm; Höhe: 23 cm,,"Bröhan Museum, Berlin/photo: Martin Adam, Berlin; Bröhan-Museum, Berlin / Foto: Martin Adam, Berlin; Bröhan-Museum, Berlin / Foto: Martin Adam, Berlin; Deutsches Dokumentationszentrum für Kunstgeschichte - Bildarchiv Foto Marburg",
/2026103/Partage_Plus_ProvidedCHO_Bildarchiv_Foto_Marburg___Br_han_Museum__Berlin_4811,glasiert; glasiert; glazed,Height: 19 cm; Höhe: 19 cm; Höhe: 19 cm,,"Bröhan Museum, Berlin/photo: Martin Adam, Berlin; Bröhan-Museum, Berlin / Foto: Martin Adam, Berlin; Bröhan-Museum, Berlin / Foto: Martin Adam, Berlin; Deutsches Dokumentationszentrum für Kunstgeschichte - Bildarchiv Foto Marburg",
/2026103/Partage_Plus_ProvidedCHO_Bildarchiv_Foto_Marburg___Br_han_Museum__Berlin_4800,glasiert; schabloniert; http://partage.vocnet.org/part00664; Malerei (künstlerische Technik); glasiert; schabloniert; stenciled; glazed; Painting (artistic technique); Malerei (künstlerische Technik),"Höhe: 16,5 cm; Höhe: 16,5 cm; Height: 16.5 cm",,"Bröhan Museum, Berlin/photo: Martin Adam, Berlin; Bröhan-Museum, Berlin / Foto: Martin Adam, Berlin; Bröhan-Museum, Berlin / Foto: Martin Adam, Berlin; Deutsches Dokumentationszentrum für Kunstgeschichte - Bildarchiv Foto Marburg",
/2026103/Partage_Plus_ProvidedCHO_Bildarchiv_Foto_Marburg___Br_han_Museum__Berlin_4786,glasiert; Relief (Technik); Relief (technique); glazed; Painting (artistic technique); Malerei (künstlerische Technik); glasiert; Relief (Technik); http://partage.vocnet.org/part00664; http://partage.vocnet.org/part01229; Malerei (künstlerische Technik),"Height: 23.5 cm; Höhe: 23,5 cm; Höhe: 23,5 cm",,"Bröhan Museum, Berlin/photo: Martin Adam, Berlin; Bröhan-Museum, Berlin / Foto: Martin Adam, Berlin; Bröhan-Museum, Berlin / Foto: Martin Adam, Berlin; Deutsches Dokumentationszentrum für Kunstgeschichte - Bildarchiv Foto Marburg",
/2026103/Partage_Plus_ProvidedCHO_Bildarchiv_Foto_Marburg___Br_han_Museum__Berlin_4618,,"Height: 22.5 cm; Höhe: 22,5 cm; Höhe: 22,5 cm",,"Bröhan Museum, Berlin/photo: Martin Adam, Berlin; Bröhan-Museum, Berlin / Foto: Martin Adam, Berlin; Bröhan-Museum, Berlin / Foto: Martin Adam, Berlin; Deutsches Dokumentationszentrum für Kunstgeschichte - Bildarchiv Foto Marburg",
/2026103/Partage_Plus_ProvidedCHO_Bildarchiv_Foto_Marburg___Br_han_Museum__Berlin_4387,glasiert; glazed; Painting (artistic technique); Malerei (künstlerische Technik); glasiert; http://partage.vocnet.org/part00664; Malerei (künstlerische Technik),"Höhe: 24,5 cm",,"Bröhan Museum, Berlin/photo: Martin Adam, Berlin; Bröhan-Museum, Berlin / Foto: Martin Adam, Berlin; Bröhan-Museum, Berlin / Foto: Martin Adam, Berlin; Deutsches Dokumentationszentrum für Kunstgeschichte - Bildarchiv Foto Marburg",
/2026103/Partage_Plus_ProvidedCHO_Bildarchiv_Foto_Marburg___Br_han_Museum__Berlin_4334,,"Höhe: 8,8 cm",,"Bröhan Museum, Berlin/photo: Martin Adam, Berlin; Bröhan-Museum, Berlin / Foto: Martin Adam, Berlin; Bröhan-Museum, Berlin / Foto: Martin Adam, Berlin; Deutsches Dokumentationszentrum für Kunstgeschichte - Bildarchiv Foto Marburg",
/2026103/Partage_Plus_ProvidedCHO_Bildarchiv_Foto_Marburg___Br_han_Museum__Berlin_4322,glasiert; glazed; Painting (artistic technique); Malerei (künstlerische Technik); Email (Beschichtung); glasiert; http://partage.vocnet.org/part01153; http://partage.vocnet.org/part00664; Malerei (künstlerische Technik); Email (Beschichtung),"Höhe: 26,5 cm; Höhe: 26,5 cm; Height: 26.5 cm",,"Bröhan Museum, Berlin/photo: Martin Adam, Berlin; Bröhan-Museum, Berlin / Foto: Martin Adam, Berlin; Bröhan-Museum, Berlin / Foto: Martin Adam, Berlin; Deutsches Dokumentationszentrum für Kunstgeschichte - Bildarchiv Foto Marburg",
/2026103/Partage_Plus_ProvidedCHO_Bildarchiv_Foto_Marburg___Br_han_Museum__Berlin_4264,Versilbern; Silver; Versilbern; http://partage.vocnet.org/part00669,Höhe: 19 cm (gesamt),,"Bröhan Museum, Berlin/photo: Martin Adam, Berlin; Bröhan-Museum, Berlin / Foto: Martin Adam, Berlin; Bröhan-Museum, Berlin / Foto: Martin Adam, Berlin; Deutsches Dokumentationszentrum für Kunstgeschichte - Bildarchiv Foto Marburg",
/2026103/Partage_Plus_ProvidedCHO_Bildarchiv_Foto_Marburg___Br_han_Museum__Berlin_4259,Guss (Verfahren); Guss (Verfahren); http://partage.vocnet.org/part00450,Height: 23 cm; Höhe: 23 cm; Höhe: 23 cm,,"Bröhan Museum, Berlin/photo: Martin Adam, Berlin; Bröhan-Museum, Berlin / Foto: Martin Adam, Berlin; Bröhan-Museum, Berlin / Foto: Martin Adam, Berlin; Deutsches Dokumentationszentrum für Kunstgeschichte - Bildarchiv Foto Marburg",
/2026103/Partage_Plus_ProvidedCHO_Bildarchiv_Foto_Marburg___Br_han_Museum__Berlin_3620,glasiert; Relief (Technik); Relief (technique); glazed; Painting (artistic technique); Malerei (künstlerische Technik); glasiert; Relief (Technik); http://partage.vocnet.org/part00664; http://partage.vocnet.org/part01229; Malerei (künstlerische Technik),"Höhe: 16,5 cm; Höhe: 16,5 cm; Height: 16.5 cm",,"Bröhan Museum, Berlin/photo: Martin Adam, Berlin; Bröhan-Museum, Berlin / Foto: Martin Adam, Berlin; Bröhan-Museum, Berlin / Foto: Martin Adam, Berlin; Deutsches Dokumentationszentrum für Kunstgeschichte - Bildarchiv Foto Marburg",
/2026103/Partage_Plus_ProvidedCHO_Bildarchiv_Foto_Marburg___Br_han_Museum__Berlin_11122,Guss (Verfahren); Guss (Verfahren); http://partage.vocnet.org/part00450,Height: 19 cm; Höhe: 19 cm; Höhe: 19 cm,,"Bröhan Museum, Berlin/photo: Martin Adam, Berlin; Bröhan-Museum, Berlin / Foto: Martin Adam, Berlin; Bröhan-Museum, Berlin / Foto: Martin Adam, Berlin; Deutsches Dokumentationszentrum für Kunstgeschichte - Bildarchiv Foto Marburg",
/2026103/Partage_Plus_ProvidedCHO_Bildarchiv_Foto_Marburg___Br_han_Museum__Berlin_11121,Guss (Verfahren); Guss (Verfahren); http://partage.vocnet.org/part00450,Höhe: 24 cm; Höhe: 24 cm; Height: 24 cm,,"Bröhan Museum, Berlin/photo: Martin Adam, Berlin; Bröhan-Museum, Berlin / Foto: Martin Adam, Berlin; Bröhan-Museum, Berlin / Foto: Martin Adam, Berlin; Deutsches Dokumentationszentrum für Kunstgeschichte - Bildarchiv Foto Marburg",
/2026103/Partage_Plus_ProvidedCHO_Bildarchiv_Foto_Marburg___Br_han_Museum__Berlin_11125,,"Höhe: 12,7 cm; Höhe: 12,7 cm; Height: 12.7 cm",,"Bröhan Museum, Berlin/photo: Martin Adam, Berlin; Bröhan-Museum, Berlin / Foto: Martin Adam, Berlin; Bröhan-Museum, Berlin / Foto: Martin Adam, Berlin; Deutsches Dokumentationszentrum für Kunstgeschichte - Bildarchiv Foto Marburg",
/2026103/Partage_Plus_ProvidedCHO_Bildarchiv_Foto_Marburg___Br_han_Museum__Berlin_11115,Guss (Verfahren); Polieren; Polishing; http://partage.vocnet.org/part00665; Polieren; http://partage.vocnet.org/part00450; Guss (Verfahren),Height: 22 cm; Höhe: 22 cm; Höhe: 22 cm,,"Bröhan Museum, Berlin/photo: Martin Adam, Berlin; Bröhan-Museum, Berlin / Foto: Martin Adam, Berlin; Bröhan-Museum, Berlin / Foto: Martin Adam, Berlin; Deutsches Dokumentationszentrum für Kunstgeschichte - Bildarchiv Foto Marburg",
/2026103/Partage_Plus_ProvidedCHO_Bildarchiv_Foto_Marburg___Br_han_Museum__Berlin_11116,Guss (Verfahren); Polieren; Polishing; http://partage.vocnet.org/part00665; Polieren; http://partage.vocnet.org/part00450; Guss (Verfahren),Height: 11 cm; Höhe: 11 cm; Höhe: 11 cm,,"Bröhan Museum, Berlin/photo: Martin Adam, Berlin; Bröhan-Museum, Berlin / Foto: Martin Adam, Berlin; Bröhan-Museum, Berlin / Foto: Martin Adam, Berlin; Deutsches Dokumentationszentrum für Kunstgeschichte - Bildarchiv Foto Marburg",
/2026103/Partage_Plus_ProvidedCHO_Bildarchiv_Foto_Marburg___Br_han_Museum__Berlin_11111,Guss (Verfahren); Versilbern; Silver; Guss (Verfahren); Versilbern; http://partage.vocnet.org/part00450; http://partage.vocnet.org/part00669,"Höhe: 16,5 cm; Höhe: 16,5 cm; Height: 16.5 cm",,"Bröhan Museum, Berlin/photo: Martin Adam, Berlin; Bröhan-Museum, Berlin / Foto: Martin Adam, Berlin; Bröhan-Museum, Berlin / Foto: Martin Adam, Berlin; Deutsches Dokumentationszentrum für Kunstgeschichte - Bildarchiv Foto Marburg",
/2026103/Partage_Plus_ProvidedCHO_Bildarchiv_Foto_Marburg___Br_han_Museum__Berlin_11105,Prägen; http://partage.vocnet.org/part00453; Prägen,"Höhe: 16,5 cm; Höhe: 16,5 cm; Height: 16.5 cm",,"Bröhan Museum, Berlin/photo: Martin Adam, Berlin; Bröhan-Museum, Berlin / Foto: Martin Adam, Berlin; Bröhan-Museum, Berlin / Foto: Martin Adam, Berlin; Deutsches Dokumentationszentrum für Kunstgeschichte - Bildarchiv Foto Marburg",
/2026103/Partage_Plus_ProvidedCHO_Bildarchiv_Foto_Marburg___Br_han_Museum__Berlin_11104,Prägen; http://partage.vocnet.org/part00453; Prägen,"Height: 27.7 cm; Höhe: 27,7 cm; Höhe: 27,7 cm",,"Bröhan Museum, Berlin/photo: Martin Adam, Berlin; Bröhan-Museum, Berlin / Foto: Martin Adam, Berlin; Bröhan-Museum, Berlin / Foto: Martin Adam, Berlin; Deutsches Dokumentationszentrum für Kunstgeschichte - Bildarchiv Foto Marburg",
/2026103/Partage_Plus_ProvidedCHO_Bildarchiv_Foto_Marburg___Br_han_Museum__Berlin_11102,Guss (Verfahren); Guss (Verfahren); http://partage.vocnet.org/part00450,Height: 16 cm; Höhe: 16 cm; Höhe: 16 cm,,"Bröhan Museum, Berlin/photo: Martin Adam, Berlin; Bröhan-Museum, Berlin / Foto: Martin Adam, Berlin; Bröhan-Museum, Berlin / Foto: Martin Adam, Berlin; Deutsches Dokumentationszentrum für Kunstgeschichte - Bildarchiv Foto Marburg",
/2026103/Partage_Plus_ProvidedCHO_Bildarchiv_Foto_Marburg___Br_han_Museum__Berlin_11110,Guss (Verfahren); Versilbern; Silver; Guss (Verfahren); Versilbern; http://partage.vocnet.org/part00450; http://partage.vocnet.org/part00669,"Height: 22.5 cm; Höhe: 22,5 cm; Höhe: 22,5 cm",,"Bröhan Museum, Berlin/photo: Martin Adam, Berlin; Bröhan-Museum, Berlin / Foto: Martin Adam, Berlin; Bröhan-Museum, Berlin / Foto: Martin Adam, Berlin; Deutsches Dokumentationszentrum für Kunstgeschichte - Bildarchiv Foto Marburg",
/2026103/Partage_Plus_ProvidedCHO_Bildarchiv_Foto_Marburg___Br_han_Museum__Berlin_11101,Guss (Verfahren); Guss (Verfahren); http://partage.vocnet.org/part00450,Höhe: 20 cm; Höhe: 20 cm; Height: 20 cm,,"Bröhan Museum, Berlin/photo: Martin Adam, Berlin; Bröhan-Museum, Berlin / Foto: Martin Adam, Berlin; Bröhan-Museum, Berlin / Foto: Martin Adam, Berlin; Deutsches Dokumentationszentrum für Kunstgeschichte - Bildarchiv Foto Marburg",
/2026103/Partage_Plus_ProvidedCHO_Bildarchiv_Foto_Marburg___Br_han_Museum__Berlin_11094,Versilbern; Silver; Versilbern; http://partage.vocnet.org/part00669,Height: 19 cm; Höhe: 19 cm; Höhe: 19 cm,,"Bröhan Museum, Berlin/photo: Martin Adam, Berlin; Bröhan-Museum, Berlin / Foto: Martin Adam, Berlin; Bröhan-Museum, Berlin / Foto: Martin Adam, Berlin; Deutsches Dokumentationszentrum für Kunstgeschichte - Bildarchiv Foto Marburg",
/2026103/Partage_Plus_ProvidedCHO_Bildarchiv_Foto_Marburg___Br_han_Museum__Berlin_11091,Versilbern; Silver; Versilbern; http://partage.vocnet.org/part00669,"Höhe: 16,5 cm; Höhe: 16,5 cm; Height: 16.5 cm",,"Bröhan Museum, Berlin/photo: Martin Adam, Berlin; Bröhan-Museum, Berlin / Foto: Martin Adam, Berlin; Bröhan-Museum, Berlin / Foto: Martin Adam, Berlin; Deutsches Dokumentationszentrum für Kunstgeschichte - Bildarchiv Foto Marburg",
/2026103/Partage_Plus_ProvidedCHO_Bildarchiv_Foto_Marburg___Br_han_Museum__Berlin_11083,,"Höhe: 17,3 cm; Höhe: 17,3 cm; Height: 17.3 cm",,"Bröhan Museum, Berlin/photo: Martin Adam, Berlin; Bröhan-Museum, Berlin / Foto: Martin Adam, Berlin; Bröhan-Museum, Berlin / Foto: Martin Adam, Berlin; Deutsches Dokumentationszentrum für Kunstgeschichte - Bildarchiv Foto Marburg",
/2026103/Partage_Plus_ProvidedCHO_Bildarchiv_Foto_Marburg___Br_han_Museum__Berlin_11082,,"Höhe: 25,3 cm; Höhe: 25,3 cm; Height: 25.3 cm",,"Bröhan Museum, Berlin/photo: Martin Adam, Berlin; Bröhan-Museum, Berlin / Foto: Martin Adam, Berlin; Bröhan-Museum, Berlin / Foto: Martin Adam, Berlin; Deutsches Dokumentationszentrum für Kunstgeschichte - Bildarchiv Foto Marburg",
/2026103/Partage_Plus_ProvidedCHO_Bildarchiv_Foto_Marburg___Br_han_Museum__Berlin_10724,glasiert; glazed; Painting (artistic technique); Malerei (künstlerische Technik); glasiert; http://partage.vocnet.org/part00664; Malerei (künstlerische Technik),"Height: 11.2 cm; Höhe: 11,2 cm; Höhe: 11,2 cm",,"Bröhan Museum, Berlin/photo: Martin Adam, Berlin; Bröhan-Museum, Berlin / Foto: Martin Adam, Berlin; Bröhan-Museum, Berlin / Foto: Martin Adam, Berlin; Deutsches Dokumentationszentrum für Kunstgeschichte - Bildarchiv Foto Marburg",
/2026103/Partage_Plus_ProvidedCHO_Bildarchiv_Foto_Marburg___Br_han_Museum__Berlin_10405,glasiert; glazed; Painting (artistic technique); Malerei (künstlerische Technik); glasiert; http://partage.vocnet.org/part00664; Malerei (künstlerische Technik),"Height: 13.5 cm; Höhe: 13,5 cm; Höhe: 13,5 cm",,"Bröhan Museum, Berlin/photo: Martin Adam, Berlin; Bröhan-Museum, Berlin / Foto: Martin Adam, Berlin; Bröhan-Museum, Berlin / Foto: Martin Adam, Berlin; Deutsches Dokumentationszentrum für Kunstgeschichte - Bildarchiv Foto Marburg",
/2026103/Partage_Plus_ProvidedCHO_Bildarchiv_Foto_Marburg___Br_han_Museum__Berlin_10398,glasiert; glazed; Painting (artistic technique); Malerei (künstlerische Technik); glasiert; http://partage.vocnet.org/part00664; Malerei (künstlerische Technik),"Height: 20.7 cm; Höhe: 20,7 cm; Höhe: 20,7 cm",,"Bröhan Museum, Berlin/photo: Martin Adam, Berlin; Bröhan-Museum, Berlin / Foto: Martin Adam, Berlin; Bröhan-Museum, Berlin / Foto: Martin Adam, Berlin; Deutsches Dokumentationszentrum für Kunstgeschichte - Bildarchiv Foto Marburg",
/2026103/Partage_Plus_ProvidedCHO_Bildarchiv_Foto_Marburg___Br_han_Museum__Berlin_10393,glasiert; glazed; Painting (artistic technique); Malerei (künstlerische Technik); glasiert; http://partage.vocnet.org/part00664; Malerei (künstlerische Technik),"Height: 12.8 cm; Höhe: 12,8 cm; Höhe: 12,8 cm",,"Bröhan Museum, Berlin/photo: Martin Adam, Berlin; Bröhan-Museum, Berlin / Foto: Martin Adam, Berlin; Bröhan-Museum, Berlin / Foto: Martin Adam, Berlin; Deutsches Dokumentationszentrum für Kunstgeschichte - Bildarchiv Foto Marburg",
/2026103/Partage_Plus_ProvidedCHO_Bildarchiv_Foto_Marburg___Br_han_Museum__Berlin_10385,glasiert; glazed; Painting (artistic technique); Malerei (künstlerische Technik); glasiert; http://partage.vocnet.org/part00664; Malerei (künstlerische Technik),"Höhe: 14,5 cm; Höhe: 14,5 cm; Height: 14.5 cm",,"Bröhan Museum, Berlin/photo: Martin Adam, Berlin; Bröhan-Museum, Berlin / Foto: Martin Adam, Berlin; Bröhan-Museum, Berlin / Foto: Martin Adam, Berlin",
/2026103/Partage_Plus_ProvidedCHO_Bildarchiv_Foto_Marburg___Br_han_Museum__Berlin_10384,glasiert; glazed; Painting (artistic technique); Malerei (künstlerische Technik); glasiert; http://partage.vocnet.org/part00664; Malerei (künstlerische Technik),"Höhe: 21,8 cm",,"Bröhan Museum, Berlin/photo: Martin Adam, Berlin; Bröhan-Museum, Berlin / Foto: Martin Adam, Berlin; Bröhan-Museum, Berlin / Foto: Martin Adam, Berlin",
/2026103/Partage_Plus_ProvidedCHO_Bildarchiv_Foto_Marburg___Br_han_Museum__Berlin_10823,glasiert; glazed; Painting (artistic technique); Malerei (künstlerische Technik); glasiert; http://partage.vocnet.org/part00664; Malerei (künstlerische Technik),"Durchmesser: 16,7 cm",,"Bröhan Museum, Berlin/photo: Martin Adam, Berlin; Bröhan-Museum, Berlin / Foto: Martin Adam, Berlin; Bröhan-Museum, Berlin / Foto: Martin Adam, Berlin; Deutsches Dokumentationszentrum für Kunstgeschichte - Bildarchiv Foto Marburg",
/2064109/Museu_ProvidedCHO_Spielzeugmuseum_der_Stadt_N_rnberg__Museum_Lydia_Bayer__54814__Datensatz_,geformt & glasiert & gebrannt & bedruckt,"Bemaßung:26,5 cm (Höhe), 34,5 cm (Breite), 9,3 cm (Tiefe)",,Spielzeugmuseum der Stadt Nürnberg (Museum Lydia Bayer); Toy museum of the city of Nuremberg (Museum Lydia Bayer); Spielzeugmuseum der Stadt Nürnberg (Museum Lydia Bayer),
/03915/public_mistral_memoire_fr_ACTION_CHERCHER_FIELD_1_REF_VALUE_1_APMH00318208,,,,"Ministère de la Culture (France), Médiathèque de l'architecture et du patrimoine (Centre de recherche des monuments historiques - CRMH) diffusion RMN",
/03915/public_mistral_memoire_fr_ACTION_CHERCHER_FIELD_1_REF_VALUE_1_APMH00318206,,,,"Ministère de la Culture (France), Médiathèque de l'architecture et du patrimoine (Centre de recherche des monuments historiques - CRMH) diffusion RMN",
/03915/public_mistral_memoire_fr_ACTION_CHERCHER_FIELD_1_REF_VALUE_1_APMH00318207,,,,"Ministère de la Culture (France), Médiathèque de l'architecture et du patrimoine (Centre de recherche des monuments historiques - CRMH) diffusion RMN",
/03915/public_mistral_memoire_fr_ACTION_CHERCHER_FIELD_1_REF_VALUE_1_AP70L00716,,,,"Donation Roger Parry, Ministry of Culture (Media library of architecture and heritage) RMN broadcast; Donation Roger Parry, Ministère de la culture (Médiathèque de l'architecture et du patrimoine) diffusion RMN",
/03915/public_mistral_memoire_fr_ACTION_CHERCHER_FIELD_1_REF_VALUE_1_AP70L00717,,,,"Donation Roger Parry, Ministry of Culture (Media library of architecture and heritage) RMN broadcast; Donation Roger Parry, Ministère de la culture (Médiathèque de l'architecture et du patrimoine) diffusion RMN",
/03915/public_mistral_memoire_fr_ACTION_CHERCHER_FIELD_1_REF_VALUE_1_AP70L00718,,,,"Donation Roger Parry, Ministry of Culture (Media library of architecture and heritage) RMN broadcast; Donation Roger Parry, Ministère de la culture (Médiathèque de l'architecture et du patrimoine) diffusion RMN",
/03915/public_mistral_memoire_fr_ACTION_CHERCHER_FIELD_1_REF_VALUE_1_AP70L00719,,,,"Donation Roger Parry, Ministry of Culture (Media library of architecture and heritage) RMN broadcast; Donation Roger Parry, Ministère de la culture (Médiathèque de l'architecture et du patrimoine) diffusion RMN",
/03915/public_mistral_memoire_fr_ACTION_CHERCHER_FIELD_1_REF_VALUE_1_AP69W00802,,,,"Ministère de la Culture (France), Médiathèque de l'architecture et du patrimoine (objets mobiliers), tous droits réservés",
/03915/public_mistral_memoire_fr_ACTION_CHERCHER_FIELD_1_REF_VALUE_1_AP69W00087,,,,"Ministère de la Culture (France), Médiathèque de l'architecture et du patrimoine (objets mobiliers), tous droits réservés",
/03915/public_mistral_memoire_fr_ACTION_CHERCHER_FIELD_1_REF_VALUE_1_AP69L00278,,,,"Marc Allegret, Ministry of Culture (Media library of architecture and heritage) RMN broadcasting; Marc Allégret, Ministère de la culture (Médiathèque de l'architecture et du patrimoine) diffusion RMN",
/03915/public_mistral_memoire_fr_ACTION_CHERCHER_FIELD_1_REF_VALUE_1_00257542,,,,Ministry of Culture (France) - Library of Architecture and Heritage - NMR broadcast; Ministère de la Culture (France) - Médiathèque de l'architecture et du patrimoine - diffusion RMN,
/03915/public_mistral_memoire_fr_ACTION_CHERCHER_FIELD_1_REF_VALUE_1_00257550,,,,Ministry of Culture (France) - Library of Architecture and Heritage - NMR broadcast; Ministère de la Culture (France) - Médiathèque de l'architecture et du patrimoine - diffusion RMN,
/03915/public_mistral_memoire_fr_ACTION_CHERCHER_FIELD_1_REF_VALUE_1_00257551,,,,Ministry of Culture (France) - Library of Architecture and Heritage - NMR broadcast; Ministère de la Culture (France) - Médiathèque de l'architecture et du patrimoine - diffusion RMN,
/03915/public_mistral_memoire_fr_ACTION_CHERCHER_FIELD_1_REF_VALUE_1_00257553,,,,Ministry of Culture (France) - Library of Architecture and Heritage - NMR broadcast; Ministère de la Culture (France) - Médiathèque de l'architecture et du patrimoine - diffusion RMN,
/03915/public_mistral_memoire_fr_ACTION_CHERCHER_FIELD_1_REF_VALUE_1_00257547,,,,Ministry of Culture (France) - Library of Architecture and Heritage - NMR broadcast; Ministère de la Culture (France) - Médiathèque de l'architecture et du patrimoine - diffusion RMN,
/03915/public_mistral_memoire_fr_ACTION_CHERCHER_FIELD_1_REF_VALUE_1_00257299,,,,Ministry of Culture (France) - Library of Architecture and Heritage - NMR broadcast; Ministère de la Culture (France) - Médiathèque de l'architecture et du patrimoine - diffusion RMN,
/03915/public_mistral_memoire_fr_ACTION_CHERCHER_FIELD_1_REF_VALUE_1_00257093,,,,Ministry of Culture (France) - Library of Architecture and Heritage - NMR broadcast; Ministère de la Culture (France) - Médiathèque de l'architecture et du patrimoine - diffusion RMN,
/03915/public_mistral_memoire_fr_ACTION_CHERCHER_FIELD_1_REF_VALUE_1_00256997,,,,Ministry of Culture (France) - Library of Architecture and Heritage - NMR broadcast; Ministère de la Culture (France) - Médiathèque de l'architecture et du patrimoine - diffusion RMN,
/03915/public_mistral_memoire_fr_ACTION_CHERCHER_FIELD_1_REF_VALUE_1_00256996,,,,Ministry of Culture (France) - Library of Architecture and Heritage - NMR broadcast; Ministère de la Culture (France) - Médiathèque de l'architecture et du patrimoine - diffusion RMN,
/03915/public_mistral_memoire_fr_ACTION_CHERCHER_FIELD_1_REF_VALUE_1_00256881,,,,Ministry of Culture (France) - Library of Architecture and Heritage - NMR broadcast; Ministère de la Culture (France) - Médiathèque de l'architecture et du patrimoine - diffusion RMN,
/03915/public_mistral_memoire_fr_ACTION_CHERCHER_FIELD_1_REF_VALUE_1_00256882,,,,Ministry of Culture (France) - Library of Architecture and Heritage - NMR broadcast; Ministère de la Culture (France) - Médiathèque de l'architecture et du patrimoine - diffusion RMN,
/03915/public_mistral_memoire_fr_ACTION_CHERCHER_FIELD_1_REF_VALUE_1_00255827,,,,Ministry of Culture (France) - Library of Architecture and Heritage - NMR broadcast; Ministère de la Culture (France) - Médiathèque de l'architecture et du patrimoine - diffusion RMN,
/2023846/medienarchiv_web_detailansicht_id_204359,,,,"LWL-Volkskundlichen Kommission für Westfalen
         [Resource]; Bildarchiv der Volkskundlichen Kommission für Westfalen",LWL-Volkskunde Commission for Westphalia; LWL-Volkskundlichen Kommission für Westfalen
/2023846/medienarchiv_web_detailansicht_id_204343,,,,"LWL-Volkskundlichen Kommission für Westfalen
         [Resource]; Bildarchiv der Volkskundlichen Kommission für Westfalen",LWL-Volkskunde Commission for Westphalia; LWL-Volkskundlichen Kommission für Westfalen
/2023846/medienarchiv_web_detailansicht_id_204336,,,,"LWL-Volkskundlichen Kommission für Westfalen
         [Resource]; Bildarchiv der Volkskundlichen Kommission für Westfalen",LWL-Volkskunde Commission for Westphalia; LWL-Volkskundlichen Kommission für Westfalen
/2023846/medienarchiv_web_detailansicht_id_201569,,,,"LWL-Volkskundlichen Kommission für Westfalen
         [Resource]; Bildarchiv der Volkskundlichen Kommission für Westfalen",LWL-Volkskunde Commission for Westphalia; LWL-Volkskundlichen Kommission für Westfalen
/2023846/medienarchiv_web_detailansicht_id_201567,,,,"LWL-Volkskundlichen Kommission für Westfalen
         [Resource]; Bildarchiv der Volkskundlichen Kommission für Westfalen",LWL-Volkskunde Commission for Westphalia; LWL-Volkskundlichen Kommission für Westfalen
/2023846/medienarchiv_web_detailansicht_id_201566,,,,"LWL-Volkskundlichen Kommission für Westfalen
         [Resource]; Bildarchiv der Volkskundlichen Kommission für Westfalen",LWL-Volkskunde Commission for Westphalia; LWL-Volkskundlichen Kommission für Westfalen
/2023846/medienarchiv_web_detailansicht_id_201565,,,,"LWL-Volkskundlichen Kommission für Westfalen
         [Resource]; Bildarchiv der Volkskundlichen Kommission für Westfalen",LWL-Volkskunde Commission for Westphalia; LWL-Volkskundlichen Kommission für Westfalen
/2023846/medienarchiv_web_detailansicht_id_195948,,,,"LWL-Volkskundlichen Kommission für Westfalen
         [Resource]; Bildarchiv der Volkskundlichen Kommission für Westfalen",LWL-Volkskunde Commission for Westphalia; LWL-Volkskundlichen Kommission für Westfalen
/2023846/medienarchiv_web_detailansicht_id_19469,,,,"LWL-Volkskundlichen Kommission für Westfalen
         [Resource]; Bildarchiv der Volkskundlichen Kommission für Westfalen",LWL-Volkskunde Commission for Westphalia; LWL-Volkskundlichen Kommission für Westfalen
/2023846/medienarchiv_web_detailansicht_id_18336,,,,"LWL-Volkskundlichen Kommission für Westfalen
         [Resource]; Bildarchiv der Volkskundlichen Kommission für Westfalen",LWL-Volkskunde Commission for Westphalia; LWL-Volkskundlichen Kommission für Westfalen
/2023846/medienarchiv_web_detailansicht_id_18329,,,,"LWL-Volkskundlichen Kommission für Westfalen
         [Resource]; Bildarchiv der Volkskundlichen Kommission für Westfalen",LWL-Volkskunde Commission for Westphalia; LWL-Volkskundlichen Kommission für Westfalen
/2023846/medienarchiv_web_detailansicht_id_174554,,,,"LWL-Volkskundlichen Kommission für Westfalen
         [Resource]; Bildarchiv der Volkskundlichen Kommission für Westfalen",LWL-Volkskunde Commission for Westphalia; LWL-Volkskundlichen Kommission für Westfalen
/2023846/medienarchiv_web_detailansicht_id_17378,,,,"LWL-Volkskundlichen Kommission für Westfalen
         [Resource]; Bildarchiv der Volkskundlichen Kommission für Westfalen",LWL-Volkskunde Commission for Westphalia; LWL-Volkskundlichen Kommission für Westfalen
/2023846/medienarchiv_web_detailansicht_id_164935,,,,"LWL-Volkskundlichen Kommission für Westfalen
         [Resource]; Bildarchiv der Volkskundlichen Kommission für Westfalen",LWL-Volkskunde Commission for Westphalia; LWL-Volkskundlichen Kommission für Westfalen
/2023846/medienarchiv_web_detailansicht_id_163843,,,,"LWL-Volkskundlichen Kommission für Westfalen
         [Resource]; Bildarchiv der Volkskundlichen Kommission für Westfalen",LWL-Volkskunde Commission for Westphalia; LWL-Volkskundlichen Kommission für Westfalen
/2023846/medienarchiv_web_detailansicht_id_163761,,,,"LWL-Volkskundlichen Kommission für Westfalen
         [Resource]; Bildarchiv der Volkskundlichen Kommission für Westfalen",LWL-Volkskunde Commission for Westphalia; LWL-Volkskundlichen Kommission für Westfalen
/2023846/medienarchiv_web_detailansicht_id_163759,,,,"LWL-Volkskundlichen Kommission für Westfalen
         [Resource]; Bildarchiv der Volkskundlichen Kommission für Westfalen",LWL-Volkskunde Commission for Westphalia; LWL-Volkskundlichen Kommission für Westfalen
/2023846/medienarchiv_web_detailansicht_id_163746,,,,"LWL-Volkskundlichen Kommission für Westfalen
         [Resource]; Bildarchiv der Volkskundlichen Kommission für Westfalen",LWL-Volkskunde Commission for Westphalia; LWL-Volkskundlichen Kommission für Westfalen
/2023846/medienarchiv_web_detailansicht_id_163745,,,,"LWL-Volkskundlichen Kommission für Westfalen
         [Resource]; Bildarchiv der Volkskundlichen Kommission für Westfalen",LWL-Volkskunde Commission for Westphalia; LWL-Volkskundlichen Kommission für Westfalen
/2023846/medienarchiv_web_detailansicht_id_160817,,,,"LWL-Volkskundlichen Kommission für Westfalen
         [Resource]; Bildarchiv der Volkskundlichen Kommission für Westfalen",LWL-Volkskunde Commission for Westphalia; LWL-Volkskundlichen Kommission für Westfalen
/2023846/medienarchiv_web_detailansicht_id_160747,,,,"LWL-Volkskundlichen Kommission für Westfalen
         [Resource]; Bildarchiv der Volkskundlichen Kommission für Westfalen",LWL-Volkskunde Commission for Westphalia; LWL-Volkskundlichen Kommission für Westfalen
/2023846/medienarchiv_web_detailansicht_id_160528,,,,"LWL-Volkskundlichen Kommission für Westfalen
         [Resource]; Bildarchiv der Volkskundlichen Kommission für Westfalen",LWL-Volkskunde Commission for Westphalia; LWL-Volkskundlichen Kommission für Westfalen
/2023846/medienarchiv_web_detailansicht_id_160338,,,,"LWL-Volkskundlichen Kommission für Westfalen
         [Resource]; Bildarchiv der Volkskundlichen Kommission für Westfalen",LWL-Volkskunde Commission for Westphalia; LWL-Volkskundlichen Kommission für Westfalen
/2023846/medienarchiv_web_detailansicht_id_160319,,,,"LWL-Volkskundlichen Kommission für Westfalen
         [Resource]; Bildarchiv der Volkskundlichen Kommission für Westfalen",LWL-Volkskunde Commission for Westphalia; LWL-Volkskundlichen Kommission für Westfalen
/2023846/medienarchiv_web_detailansicht_id_152421,,,,"LWL-Volkskundlichen Kommission für Westfalen
         [Resource]; Bildarchiv der Volkskundlichen Kommission für Westfalen",LWL-Volkskunde Commission for Westphalia; LWL-Volkskundlichen Kommission für Westfalen
/2023846/medienarchiv_web_detailansicht_id_152144,,,,"LWL-Volkskundlichen Kommission für Westfalen
         [Resource]; Bildarchiv der Volkskundlichen Kommission für Westfalen",LWL-Volkskunde Commission for Westphalia; LWL-Volkskundlichen Kommission für Westfalen
/2023846/medienarchiv_web_detailansicht_id_103086,,,,"LWL-Volkskundlichen Kommission für Westfalen
         [Resource]; Bildarchiv der Volkskundlichen Kommission für Westfalen",LWL-Volkskunde Commission for Westphalia; LWL-Volkskundlichen Kommission für Westfalen
/03929/public_mistral_memoire_fr_ACTION_CHERCHER_FIELD_1_REF_VALUE_1_ARN01_20105600669,,,,"reproduction subject to authorization of the holder of the rights of exploitation; ©Ministry of Culture, DRASSM; © Ministère de la culture, DRASSM; reproduction soumise à autorisation du titulaire des droits d'exploitation",
/03929/public_mistral_memoire_fr_ACTION_CHERCHER_FIELD_1_REF_VALUE_1_ARN01_20105600670,,,,"reproduction subject to authorization of the holder of the rights of exploitation; ©Ministry of Culture, DRASSM; © Ministère de la culture, DRASSM; reproduction soumise à autorisation du titulaire des droits d'exploitation",
/03929/public_mistral_memoire_fr_ACTION_CHERCHER_FIELD_1_REF_VALUE_1_ARN01_20105600668,,,,"reproduction subject to authorization of the holder of the rights of exploitation; ©Ministry of Culture, DRASSM; © Ministère de la culture, DRASSM; reproduction soumise à autorisation du titulaire des droits d'exploitation",
/03929/public_mistral_memoire_fr_ACTION_CHERCHER_FIELD_1_REF_VALUE_1_ARN01_20105600667,,,,"reproduction subject to authorization of the holder of the rights of exploitation; ©Ministry of Culture, DRASSM; © Ministère de la culture, DRASSM; reproduction soumise à autorisation du titulaire des droits d'exploitation",
/03929/public_mistral_memoire_fr_ACTION_CHERCHER_FIELD_1_REF_VALUE_1_ARN01_20090008337,,,,"reproduction subject to authorization of the holder of the rights of exploitation; ©Ministry of Culture, DRASSM; © Ministère de la culture, DRASSM; reproduction soumise à autorisation du titulaire des droits d'exploitation",
/03929/public_mistral_memoire_fr_ACTION_CHERCHER_FIELD_1_REF_VALUE_1_ARN01_20090007088,,,,"reproduction subject to authorization of the holder of the rights of exploitation; ©Ministry of Culture, DRASSM; © Ministère de la culture, DRASSM; reproduction soumise à autorisation du titulaire des droits d'exploitation",
/03929/public_mistral_memoire_fr_ACTION_CHERCHER_FIELD_1_REF_VALUE_1_ARN01_20090007012,,,,"reproduction subject to authorization of the holder of the rights of exploitation; ©Ministry of Culture, DRASSM; © Ministère de la culture, DRASSM; reproduction soumise à autorisation du titulaire des droits d'exploitation",
/03929/public_mistral_memoire_fr_ACTION_CHERCHER_FIELD_1_REF_VALUE_1_ARN01_20090007011,,,,"reproduction subject to authorization of the holder of the rights of exploitation; ©Ministry of Culture, DRASSM; © Ministère de la culture, DRASSM; reproduction soumise à autorisation du titulaire des droits d'exploitation",
/03929/public_mistral_memoire_fr_ACTION_CHERCHER_FIELD_1_REF_VALUE_1_ARN01_20090006726,,,,"reproduction subject to authorization of the holder of the rights of exploitation; ©Ministry of Culture, DRASSM; © Ministère de la culture, DRASSM; reproduction soumise à autorisation du titulaire des droits d'exploitation",
/03929/public_mistral_memoire_fr_ACTION_CHERCHER_FIELD_1_REF_VALUE_1_ARN01_20090006727,,,,"reproduction subject to authorization of the holder of the rights of exploitation; ©Ministry of Culture, DRASSM; © Ministère de la culture, DRASSM; reproduction soumise à autorisation du titulaire des droits d'exploitation",
/03929/public_mistral_memoire_fr_ACTION_CHERCHER_FIELD_1_REF_VALUE_1_ARN01_20090006725,,,,"reproduction subject to authorization of the holder of the rights of exploitation; ©Ministry of Culture, DRASSM; © Ministère de la culture, DRASSM; reproduction soumise à autorisation du titulaire des droits d'exploitation",
/03929/public_mistral_memoire_fr_ACTION_CHERCHER_FIELD_1_REF_VALUE_1_ARN01_20090006724,,,,"reproduction subject to authorization of the holder of the rights of exploitation; ©Ministry of Culture, DRASSM; © Ministère de la culture, DRASSM; reproduction soumise à autorisation du titulaire des droits d'exploitation",
/03929/public_mistral_memoire_fr_ACTION_CHERCHER_FIELD_1_REF_VALUE_1_ARN01_20090006723,,,,"reproduction subject to authorization of the holder of the rights of exploitation; ©Ministry of Culture, DRASSM; © Ministère de la culture, DRASSM; reproduction soumise à autorisation du titulaire des droits d'exploitation",
/03929/public_mistral_memoire_fr_ACTION_CHERCHER_FIELD_1_REF_VALUE_1_ARN01_20090006722,,,,"reproduction subject to authorization of the holder of the rights of exploitation; ©Ministry of Culture, DRASSM; © Ministère de la culture, DRASSM; reproduction soumise à autorisation du titulaire des droits d'exploitation",
/03929/public_mistral_memoire_fr_ACTION_CHERCHER_FIELD_1_REF_VALUE_1_ARN01_20090006721,,,,"reproduction subject to authorization of the holder of the rights of exploitation; ©Ministry of Culture, DRASSM; © Ministère de la culture, DRASSM; reproduction soumise à autorisation du titulaire des droits d'exploitation",
/03929/public_mistral_memoire_fr_ACTION_CHERCHER_FIELD_1_REF_VALUE_1_ARN01_20090006257,,,,"reproduction subject to authorization of the holder of the rights of exploitation; ©Ministry of Culture, DRASSM; © Ministère de la culture, DRASSM; reproduction soumise à autorisation du titulaire des droits d'exploitation",
/03929/public_mistral_memoire_fr_ACTION_CHERCHER_FIELD_1_REF_VALUE_1_ARN01_20090006192,,,,"reproduction subject to authorization of the holder of the rights of exploitation; ©Ministry of Culture, DRASSM; © Ministère de la culture, DRASSM; reproduction soumise à autorisation du titulaire des droits d'exploitation",
/03929/public_mistral_memoire_fr_ACTION_CHERCHER_FIELD_1_REF_VALUE_1_ARN01_20090006190,,,,"reproduction subject to authorization of the holder of the rights of exploitation; ©Ministry of Culture, DRASSM; © Ministère de la culture, DRASSM; reproduction soumise à autorisation du titulaire des droits d'exploitation",
/03929/public_mistral_memoire_fr_ACTION_CHERCHER_FIELD_1_REF_VALUE_1_ARN01_20090006191,,,,"reproduction subject to authorization of the holder of the rights of exploitation; ©Ministry of Culture, DRASSM; © Ministère de la culture, DRASSM; reproduction soumise à autorisation du titulaire des droits d'exploitation",
/03929/public_mistral_memoire_fr_ACTION_CHERCHER_FIELD_1_REF_VALUE_1_ARN01_20090006189,,,,"reproduction subject to authorization of the holder of the rights of exploitation; ©Ministry of Culture, DRASSM; © Ministère de la culture, DRASSM; reproduction soumise à autorisation du titulaire des droits d'exploitation",
/03929/public_mistral_memoire_fr_ACTION_CHERCHER_FIELD_1_REF_VALUE_1_ARN01_20090005585,,,,"reproduction subject to authorization of the holder of the rights of exploitation; ©Ministry of Culture, DRASSM; © Ministère de la culture, DRASSM; reproduction soumise à autorisation du titulaire des droits d'exploitation",
/03929/public_mistral_memoire_fr_ACTION_CHERCHER_FIELD_1_REF_VALUE_1_ARN01_20085600321,,,,"reproduction subject to authorization of the holder of the rights of exploitation; ©Ministry of Culture, DRASSM; © Ministère de la culture, DRASSM; reproduction soumise à autorisation du titulaire des droits d'exploitation",
/03929/public_mistral_memoire_fr_ACTION_CHERCHER_FIELD_1_REF_VALUE_1_ARN01_20085600292,,,,"reproduction subject to authorization of the holder of the rights of exploitation; ©Ministry of Culture, DRASSM; © Ministère de la culture, DRASSM; reproduction soumise à autorisation du titulaire des droits d'exploitation",
/03929/public_mistral_memoire_fr_ACTION_CHERCHER_FIELD_1_REF_VALUE_1_ARN01_20085600285,,,,"reproduction subject to authorization of the holder of the rights of exploitation; ©Ministry of Culture, DRASSM; © Ministère de la culture, DRASSM; reproduction soumise à autorisation du titulaire des droits d'exploitation",
/03929/public_mistral_memoire_fr_ACTION_CHERCHER_FIELD_1_REF_VALUE_1_ARN01_20085600190,,,,"reproduction subject to authorization of the holder of the rights of exploitation; ©Ministry of Culture, DRASSM; © Ministère de la culture, DRASSM; reproduction soumise à autorisation du titulaire des droits d'exploitation",
/03929/public_mistral_memoire_fr_ACTION_CHERCHER_FIELD_1_REF_VALUE_1_ARN01_20085600188,,,,"reproduction subject to authorization of the holder of the rights of exploitation; ©Ministry of Culture, DRASSM; © Ministère de la culture, DRASSM; reproduction soumise à autorisation du titulaire des droits d'exploitation",
/03929/public_mistral_memoire_fr_ACTION_CHERCHER_FIELD_1_REF_VALUE_1_ARN01_20085600189,,,,"reproduction subject to authorization of the holder of the rights of exploitation; ©Ministry of Culture, DRASSM; © Ministère de la culture, DRASSM; reproduction soumise à autorisation du titulaire des droits d'exploitation",
/03929/public_mistral_memoire_fr_ACTION_CHERCHER_FIELD_1_REF_VALUE_1_ARN01_20085600187,,,,"reproduction subject to authorization of the holder of the rights of exploitation; ©Ministry of Culture, DRASSM; © Ministère de la culture, DRASSM; reproduction soumise à autorisation du titulaire des droits d'exploitation",
/03929/public_mistral_memoire_fr_ACTION_CHERCHER_FIELD_1_REF_VALUE_1_ARN01_20085600186,,,,"reproduction subject to authorization of the holder of the rights of exploitation; ©Ministry of Culture, DRASSM; © Ministère de la culture, DRASSM; reproduction soumise à autorisation du titulaire des droits d'exploitation",
/03929/public_mistral_memoire_fr_ACTION_CHERCHER_FIELD_1_REF_VALUE_1_ARN01_20085600185,,,,"reproduction subject to authorization of the holder of the rights of exploitation; ©Ministry of Culture, DRASSM; © Ministère de la culture, DRASSM; reproduction soumise à autorisation du titulaire des droits d'exploitation",
/03929/public_mistral_memoire_fr_ACTION_CHERCHER_FIELD_1_REF_VALUE_1_ARN01_20085600169,,,,"reproduction subject to authorization of the holder of the rights of exploitation; ©Ministry of Culture, DRASSM; © Ministère de la culture, DRASSM; reproduction soumise à autorisation du titulaire des droits d'exploitation",
/2023865/objekte_digi_einzBild_php_s_1_pi_920_SMW1033,"H: 19 cm, D: 11 cm",,,Stadtmuseum Wadern; Stadtmuseum Wadern [digitales Bild],digiCULT-Verbund eG
/2023865/objekte_digi_einzBild_php_s_1_pi_901_2007HMQ71,"H: 20 cm (Kaffeekanne), D: 14 cm (Kaffeekanne Boden), H: 8 cm (Milchkännchen), D: 7 cm (Milchkännchen Boden); H: 20 cm (coffee-pot), D: 14 cm (coffee-pot base), H: 8 cm (milk jug), D: 7 cm (milk jug base); H: 20 cm (Kaffeekanne), D: 14 cm (Kaffeekanne Boden), H: 8 cm (Milchkännchen), D: 7 cm (Milchkännchen Boden)",,,Heimatmuseum Quierschied; Heimatmuseum Quierschied [digitales Bild],digiCULT-Verbund eG
/2023865/objekte_digi_einzBild_php_s_1_pi_901_2007HMQ67,"D: 11 cm (Boden Kaffeekanne), H: 27 cm (Kaffeekanne), D: 8 cm (Mündung Tasse), D: 19 cm (Teller), D: 15 cm (Unterteller)",,,Heimatmuseum Quierschied; Heimatmuseum Quierschied [digitales Bild],digiCULT-Verbund eG
/2023865/Objekt_DE_MUS_425612_lido_L122,"D: 13 cm, H: 15 cm (mit Deckel); D: 13 cm, H: 15 cm (with lid); D: 13 cm, H: 15 cm (mit Deckel)",,,Museum HAUS HANSESTADT DANZIG [digitales Bild]; Museum HAUS HANSESTADT DANZIG,digiCULT-Verbund eG
/2023865/Objekt_DE_MUS_425612_lido_2436,"H: 24 cm, B: 23 cm",,,Museum HAUS HANSESTADT DANZIG [digitales Bild]; Museum HAUS HANSESTADT DANZIG,digiCULT-Verbund eG
/2023865/Objekt_DE_MUS_403018_lido_K_0789_1_23,"D: 9,2 cm, D: 11,5 cm, D: 12 cm, D: 14,2 cm, D: 13,1 cm, D: 13 cm, D: 7,5 cm, D: 8,4 cm, D: 4,5 cm, D: 9,2 cm, D: 5,4 cm, D: 8,7 cm, D: 16,3 cm, D: 8 cm, D: 8,2 cm, H: 7,5 cm (Butterdose), H: 5,7 cm (Eierbecher), H: 16,9 cm (Kaffeekanne Berta K 0789?1), H: 22,9 cm (Kaffeekanne Luise K 0789?3), H: 21,5 cm (Kaffeekanne Paula K 0789?2), H: 6,7 cm (Sahnegießer K 0789?6), H: 10,8 cm (Sahnegießer Luise  K 0789?7), H: 2,9 cm (Salznäpfe), H: 5,5 cm (Tasse K 0789?14, zylindrisch), H: 5,3 cm (Tassen K 0789?10-11, glockenförmig), H: 5,1 cm (Tassen K 0789?12-13, breit), H: 13,7 cm (Teekanne Berta K 0789?4), H: 15,2 cm (Teekanne Paula K 0789?5), H: 10,6 cm (Zuckerdose K 0789?8), H: 11,7 cm (Zuckerdose K 0789?9); D: 9,2 cm, D: 11,5 cm, D: 12 cm, D: 14,2 cm, D: 13,1 cm, D: 13 cm, D: 7,5 cm, D: 8,4 cm, D: 4,5 cm, D: 9,2 cm, D: 5,4 cm, D: 8,7 cm, D: 16,3 cm, D: 8 cm, D: 8,2 cm, H: 7,5 cm (Butterdose), H: 5,7 cm (Eierbecher), H: 16,9 cm (Kaffeekanne Berta K 0789?1), H: 22,9 cm (Kaffeekanne Luise K 0789?3), H: 21,5 cm (Kaffeekanne Paula K 0789?2), H: 6,7 cm (Sahnegießer K 0789?6), H: 10,8 cm (Sahnegießer Luise  K 0789?7), H: 2,9 cm (Salznäpfe), H: 5,5 cm (Tasse K 0789?14, zylindrisch), H: 5,3 cm (Tassen K 0789?10-11, glockenförmig), H: 5,1 cm (Tassen K 0789?12-13, breit), H: 13,7 cm (Teekanne Berta K 0789?4), H: 15,2 cm (Teekanne Paula K 0789?5), H: 10,6 cm (Zuckerdose K 0789?8), H: 11,7 cm (Zuckerdose K 0789?9); D: 9.2 cm, D: 11.5 cm, D: 12 cm, D: 14.2 cm, D: 13.1 cm, D: 13 cm, D: 7.5 cm, D: 8.4 cm, D: 4.5 cm, D: 9.2 cm, D: 5.4 cm, D: 8.7 cm, D: 16.3 cm, D: 8 cm, D: 8.2 cm, H: 7.5 cm (butter can), H: 5.7 cm (egg cup), H: 16.9 cm (coffeekanne Berta K 0789? 1), H: 22.9 cm (coffeekanne Luise K 0789? 3), H: 21.5 cm (coffeekanne Paula K 0789? 2), H: 6.7 cm (cream fodder K 0789?",,,Industriemuseum Elmshorn; Industriemuseum Elmshorn [digitales Bild],digiCULT-Verbund eG
/2023865/Objekt_DE_MUS_403018_lido_K_0788_1_42,"B: 15 cm, D: 11,3 cm, D: 14,7 cm, D: 19,5 cm, D: 16,6 cm, D: 16,2 cm, D: 13,3 cm, D: 9,5 cm, D: 11,3 cm, D: 28,5 cm, L: 15 cm, H: 20,2 cm (Kaffeekannen), H: 20 cm (Kakaokanne), H: 2,4 cm (Kuchenteller), H: 9 cm (Sahnegießer), H: 5,4 cm (Tassen), H: 16 cm (Teekanne), H: 1,8 cm (Teller), H: 2 cm (Untersetzer), H: 1,7 cm (Untertassen), H: 10 cm (Zuckerdose); B: 15 cm, D: 11,3 cm, D: 14,7 cm, D: 19,5 cm, D: 16,6 cm, D: 16,2 cm, D: 13,3 cm, D: 9,5 cm, D: 11,3 cm, D: 28,5 cm, L: 15 cm, H: 20,2 cm (Kaffeekannen), H: 20 cm (Kakaokanne), H: 2,4 cm (Kuchenteller), H: 9 cm (Sahnegießer), H: 5,4 cm (Tassen), H: 16 cm (Teekanne), H: 1,8 cm (Teller), H: 2 cm (Untersetzer), H: 1,7 cm (Untertassen), H: 10 cm (Zuckerdose); B: 15 cm, D: 11.3 cm, D: 14.7 cm, D: 19.5 cm, D: 16.6 cm, D: 16.2 cm, D: 13.3 cm, D: 9.5 cm, D: 11.3 cm, D: 28.5 cm, L: 15 cm, H: 20.2 cm (coffee pot), H: 20 cm (cocoa pot), H: 2.4 cm (cake plate), H: 9 cm (cream pouch), H: 5.4 cm (cups), H: 16 cm (teapot), H: 1.8 cm (plate), H: 2 cm (saucer), H: 1.7 cm (saucer), H: 10 cm (sugar box)",,,Industriemuseum Elmshorn; Industriemuseum Elmshorn [digitales Bild],digiCULT-Verbund eG
/2023865/Objekt_DE_MUS_403018_lido_K_0764,"H: 15,5 cm, D: 13,3 cm",,,Industriemuseum Elmshorn; Industriemuseum Elmshorn [digitales Bild],digiCULT-Verbund eG
/2023865/Objekt_DE_MUS_403018_lido_K_0760a_g,"D: 13,7 cm, D: 8,5 cm, D: 9,4 cm, D: 7,6 cm, D: 13,5 cm, H: 6,9 cm (Sahnegießer), H: 5,4 cm (Tasse), H: 13,4 cm (Teekanne), H: 2,1 cm (Untertasse), H: 10,4 cm (Zuckerdose); D: 13,7 cm, D: 8,5 cm, D: 9,4 cm, D: 7,6 cm, D: 13,5 cm, H: 6,9 cm (Sahnegießer), H: 5,4 cm (Tasse), H: 13,4 cm (Teekanne), H: 2,1 cm (Untertasse), H: 10,4 cm (Zuckerdose); D: 13.7 cm, D: 8.5 cm, D: 9.4 cm, D: 7.6 cm, D: 13.5 cm, H: 6.9 cm (creamer), H: 5.4 cm (cup), H: 13.4 cm (teapot), H: 2.1 cm (saucer), H: 10.4 cm (sugar can)",,,Industriemuseum Elmshorn; Industriemuseum Elmshorn [digitales Bild],digiCULT-Verbund eG
/2023865/Objekt_DE_MUS_403018_lido_K_0736a_m,"D: 14,6 cm, D: 8 cm, D: 9,2 cm, D: 7,3 cm, D: 13 cm, H: 10 cm (Sahnegießer), H: 5,5 cm (Tasse), H: 15,5 cm (Teekanne), H: 2 cm (Untertasse), H: 11 cm (Zuckerdose)",,,Industriemuseum Elmshorn; Industriemuseum Elmshorn [digitales Bild],digiCULT-Verbund eG
/2023865/Objekt_DE_MUS_403018_lido_K_0722a_g,"D: 14 cm, D: 8 cm, D: 7,5 cm, D: 13,2 cm, L: 9,2 cm, H: 6,6 cm (Sahnegießer, Modell: Berta), H: 5,4 cm (Tasse, Modell: Paula), H: 13,5 cm (Teekanne, Modell: Berta), H: 1,9 cm (Untertasse), H: 10,7 cm (Zuckerdose, Modell: Berta); D: 14 cm, D: 8 cm, D: 7.5 cm, D: 13.2 cm, L: 9.2 cm, H: 6.6 cm (creamer, model: Berta), H: 5.4 cm (cup, model: Paula), H: 13.5 cm (teapot, model: Berta), H: 1.9 cm (saucer, model: Berta); D: 14 cm, D: 8 cm, D: 7,5 cm, D: 13,2 cm, L: 9,2 cm, H: 6,6 cm (Sahnegießer, Modell: Berta), H: 5,4 cm (Tasse, Modell: Paula), H: 13,5 cm (Teekanne, Modell: Berta), H: 1,9 cm (Untertasse), H: 10,7 cm (Zuckerdose, Modell: Berta)",,,Industriemuseum Elmshorn; Industriemuseum Elmshorn [digitales Bild],digiCULT-Verbund eG
/2023865/Objekt_DE_MUS_403018_lido_K_0703,"H: 10,1 cm, D: 13,2 cm",,,Industriemuseum Elmshorn; Industriemuseum Elmshorn [digitales Bild],digiCULT-Verbund eG
/2023865/Objekt_DE_MUS_403018_lido_K_0701a_i,"D: 13,6 cm, D: 8,3 cm, D: 9,3 cm, D: 9,4 cm, D: 10 cm, D: 8,3 cm, D: 13,3 cm, H: 7,7 cm (Sahnegießer, Modell: Inge), H: 5,2 cm (Tasse K 0701e, Modell: Inge), H: 5,2 cm (Tassen K 0701f-g, Modell: Berta), H: 13,9 cm (Teekanne, Modell: Inge), H: 2 cm (Untertassen), H: 10 cm (Zuckerdose K 0701c, Modell: Inge), H: 10,3 cm (Zuckerdose K 0701d, Modell: Berta); D: 13.6 cm, D: 8.3 cm, D: 9.3 cm, D: 9.4 cm, D: 10 cm, D: 8.3 cm, D: 13.3 cm, H: 7.7 cm (creamer, model: inge), H: 5.2 cm (cup K 0701e, model: inge), H: 5.2 cm (cup K 0701f-g, model: berta), H: 13.9 cm (teapot, model: inge), H: 2 cm (saucer K 0701c, model: inge), H: 10 cm (sugar box K 0701c, model: inge), H: 10.3 cm (sugar box K 0701d, model: berta); D: 13,6 cm, D: 8,3 cm, D: 9,3 cm, D: 9,4 cm, D: 10 cm, D: 8,3 cm, D: 13,3 cm, H: 7,7 cm (Sahnegießer, Modell: Inge), H: 5,2 cm (Tasse K 0701e, Modell: Inge), H: 5,2 cm (Tassen K 0701f-g, Modell: Berta), H: 13,9 cm (Teekanne, Modell: Inge), H: 2 cm (Untertassen), H: 10 cm (Zuckerdose K 0701c, Modell: Inge), H: 10,3 cm (Zuckerdose K 0701d, Modell: Berta)",,,Industriemuseum Elmshorn; Industriemuseum Elmshorn [digitales Bild],digiCULT-Verbund eG
/2023865/Objekt_DE_MUS_403018_lido_K_0702a_e,"D: 13,5 cm, D: 9,2 cm, D: 13,4 cm, H: 5,2 cm (Tassen, Modell: Inge), H: 13,4 cm (Teekanne, Modell: Berta), H: 2,2 cm (Untertassen); D: 13.5 cm, D: 9.2 cm, D: 13.4 cm, H: 5.2 cm (cups, model: inge), H: 13.4 cm (teapot, model: berta), H: 2.2 cm (saucers); D: 13,5 cm, D: 9,2 cm, D: 13,4 cm, H: 5,2 cm (Tassen, Modell: Inge), H: 13,4 cm (Teekanne, Modell: Berta), H: 2,2 cm (Untertassen)",,,Industriemuseum Elmshorn; Industriemuseum Elmshorn [digitales Bild],digiCULT-Verbund eG
/2023865/Objekt_DE_MUS_403018_lido_K_0695,"H: 15,4 cm, L: 12,8 cm",,,Industriemuseum Elmshorn; Industriemuseum Elmshorn [digitales Bild],digiCULT-Verbund eG
/2023865/Objekt_DE_MUS_403018_lido_K_0694,"H: 14,9 cm, L: 13,2 cm",,,Industriemuseum Elmshorn; Industriemuseum Elmshorn [digitales Bild],digiCULT-Verbund eG
/2023865/Objekt_DE_MUS_403018_lido_K_0693,"H: 15,9 cm, L: 13 cm",,,Industriemuseum Elmshorn; Industriemuseum Elmshorn [digitales Bild],digiCULT-Verbund eG
/2023865/Objekt_DE_MUS_403018_lido_K_0692a_c,"B: 7 cm, B: 6 cm, B: 9,9 cm, L: 11 cm, L: 9,9 cm, L: 13,8 cm, H: 6,1 cm (Sahnegießer), H: 14,4 cm (Teekanne), H: 10,9 cm (Zuckerdose); B: 7 cm, B: 6 cm, B: 9,9 cm, L: 11 cm, L: 9,9 cm, L: 13,8 cm, H: 6,1 cm (Sahnegießer), H: 14,4 cm (Teekanne), H: 10,9 cm (Zuckerdose); B: 7 cm, W: 6 cm, W: 9.9 cm, L: 11 cm, L: 9.9 cm, L: 13.8 cm, H: 6.1 cm (cream pouch), H: 14.4 cm (teapot), H: 10.9 cm (sugar box)",,,Industriemuseum Elmshorn; Industriemuseum Elmshorn [digitales Bild],digiCULT-Verbund eG
/2023865/Objekt_DE_MUS_403018_lido_K_0691a_e,"D: 13,9 cm, D: 8,5 cm, D: 9,2 cm, D: 7,6 cm, D: 13,2 cm, H: 6,6 cm (Sahnegießer), H: 5,1 cm (Tasse), H: 14 cm (Teekanne), H: 1,9 cm (Untertasse), H: 10,7 cm (Zuckerdose)",,,Industriemuseum Elmshorn; Industriemuseum Elmshorn [digitales Bild],digiCULT-Verbund eG
/2023865/Objekt_DE_MUS_403018_lido_K_0681,"H: 9,3 cm, D: 13,5 cm",,,Industriemuseum Elmshorn; Industriemuseum Elmshorn [digitales Bild],digiCULT-Verbund eG
/2023865/Objekt_DE_MUS_403018_lido_K_0679,"H: 22,9 cm, D: 14 cm; H: 22,9 cm, D: 14 cm; H: 22.9 cm, D: 14 cm",,,Industriemuseum Elmshorn; Industriemuseum Elmshorn [digitales Bild],digiCULT-Verbund eG
/2023865/Objekt_DE_MUS_403018_lido_K_0678,"H: 17,3 cm, D: 11,5 cm",,,Industriemuseum Elmshorn; Industriemuseum Elmshorn [digitales Bild],digiCULT-Verbund eG
/2023865/Objekt_DE_MUS_403018_lido_K_0677,"H: 13 cm, D: 13,2 cm",,,Industriemuseum Elmshorn; Industriemuseum Elmshorn [digitales Bild],digiCULT-Verbund eG
/2023865/Objekt_DE_MUS_403018_lido_K_0640,"H: 21 cm, D: 11,2 cm",,,Industriemuseum Elmshorn; Industriemuseum Elmshorn [digitales Bild],digiCULT-Verbund eG
/2023865/Objekt_DE_MUS_403018_lido_K_0639,"H: 13,9 cm, B: 12,4 cm, L: 12,4 cm; H: 13.9 cm, W: 12.4 cm, L: 12.4 cm; H: 13,9 cm, B: 12,4 cm, L: 12,4 cm",,,Industriemuseum Elmshorn; Industriemuseum Elmshorn [digitales Bild],digiCULT-Verbund eG
/2023865/Objekt_DE_MUS_403018_lido_K_0636,"H: 14,6 cm, D: 14,2 cm",,,Industriemuseum Elmshorn; Industriemuseum Elmshorn [digitales Bild],digiCULT-Verbund eG
/2023865/Objekt_DE_MUS_403018_lido_K_0628a_g,"D: 14 cm, D: 9,2 cm, D: 9,6 cm, D: 8 cm, D: 13,1 cm, H: 7,4 cm (Sahnegießer), H: 5,2 cm (Tasse), H: 13,7 cm (Teekanne), H: 2 cm (Untertasse), H: 10 cm (Zuckerdose)",,,Industriemuseum Elmshorn; Industriemuseum Elmshorn [digitales Bild],digiCULT-Verbund eG
/2023865/Objekt_DE_MUS_403018_lido_K_0627a_g,"D: 14 cm, D: 8,7 cm, D: 9,5 cm, D: 7,7 cm, D: 13 cm, H: 6,6 cm (Sahnegießer), H: 5,4 cm (Tasse), H: 13,7 cm (Teekanne), H: 2,1 cm (Untertasse), H: 10,4 cm (Zuckerdose)",,,Industriemuseum Elmshorn; Industriemuseum Elmshorn [digitales Bild],digiCULT-Verbund eG
/2023865/Objekt_DE_MUS_403018_lido_K_0602,"H: 9,1 cm, D: 13,1 cm",,,Industriemuseum Elmshorn; Industriemuseum Elmshorn [digitales Bild],digiCULT-Verbund eG
/2023865/Objekt_DE_MUS_403018_lido_K_0591a_g,"D: 13,6 cm, D: 9,2 cm, D: 8,2 cm, D: 13,1 cm, L: 9,7 cm, H: 7,4 cm (Sahnegießer), H: 7,1 cm (Tasse), H: 13 cm (Teekanne), H: 2,1 cm (Untertasse), H: 9,7 cm (Zuckerdose); D: 13,6 cm, D: 9,2 cm, D: 8,2 cm, D: 13,1 cm, L: 9,7 cm, H: 7,4 cm (Sahnegießer), H: 7,1 cm (Tasse), H: 13 cm (Teekanne), H: 2,1 cm (Untertasse), H: 9,7 cm (Zuckerdose); D: 13.6 cm, D: 9.2 cm, D: 8.2 cm, D: 13.1 cm, L: 9.7 cm, H: 7.4 cm (creamer), H: 7.1 cm (cup), H: 13 cm (teapot), H: 2.1 cm (saucer), H: 9.7 cm (sugar can)",,,Industriemuseum Elmshorn; Industriemuseum Elmshorn [digitales Bild],digiCULT-Verbund eG
/2023865/Objekt_DE_MUS_403018_lido_K_0526a_h,"D: 18,4 cm, D: 13,6 cm, D: 8,5 cm, D: 9,2 cm, D: 13,1 cm, H: 5 cm (Tasse), H: 13,9 cm (Teekanne), H: 2 cm (Teller), H: 2,1 cm (Untertasse), H: 10,7 cm (Zuckerdose); D: 18,4 cm, D: 13,6 cm, D: 8,5 cm, D: 9,2 cm, D: 13,1 cm, H: 5 cm (Tasse), H: 13,9 cm (Teekanne), H: 2 cm (Teller), H: 2,1 cm (Untertasse), H: 10,7 cm (Zuckerdose); D: 18.4 cm, D: 13.6 cm, D: 8.5 cm, D: 9.2 cm, D: 13.1 cm, H: 5 cm (cup), H: 13.9 cm (teapot), H: 2 cm (plate), H: 2.1 cm (saucer), H: 10.7 cm (sugar can)",,,Industriemuseum Elmshorn; Industriemuseum Elmshorn [digitales Bild],digiCULT-Verbund eG
/2023865/Objekt_DE_MUS_403018_lido_K_0513,"H: 22,9 cm, D: 11,6 cm",,,Industriemuseum Elmshorn; Industriemuseum Elmshorn [digitales Bild],digiCULT-Verbund eG
/2023865/Objekt_DE_MUS_403018_lido_K_0481,"H: 16,5 cm, D: 14,7 cm",,,Industriemuseum Elmshorn; Industriemuseum Elmshorn [digitales Bild],digiCULT-Verbund eG
/2023865/Objekt_DE_MUS_403018_lido_K_0424,"H: 13,9 cm, D: 14 cm",,,Industriemuseum Elmshorn; Industriemuseum Elmshorn [digitales Bild],digiCULT-Verbund eG
/2023865/Objekt_DE_MUS_403018_lido_K_0412a_i,"D: 18,9 cm, D: 15,5 cm, D: 11,2 cm, D: 11,3 cm, D: 10 cm, D: 13,3 cm, H: 8 cm (Sahnegießer), H: 4,3 cm (Tasse), H: 13,4 cm (Teekanne), H: 1,7 cm (Teller), H: 2,4 cm (Untertasse), H: 9,6 cm (Zuckerdose)",,,Industriemuseum Elmshorn; Industriemuseum Elmshorn [digitales Bild],digiCULT-Verbund eG
/2023865/Objekt_DE_MUS_403018_lido_K_0398,"H: 15,4 cm, D: 13 cm",,,Industriemuseum Elmshorn; Industriemuseum Elmshorn [digitales Bild],digiCULT-Verbund eG
/2023865/Objekt_DE_MUS_403018_lido_K_037,"H: 11,5 cm, D: 17,5 cm",,,Industriemuseum Elmshorn; Industriemuseum Elmshorn [digitales Bild],digiCULT-Verbund eG
/2023865/Objekt_DE_MUS_403018_lido_K_0359,"H: 15,4 cm, D: 13,1 cm",,,Industriemuseum Elmshorn; Industriemuseum Elmshorn [digitales Bild],digiCULT-Verbund eG
/2023865/Objekt_DE_MUS_403018_lido_K_0354a_g,"D: 13,8 cm, D: 8,6 cm, D: 9,7 cm, D: 7,6 cm, D: 13,5 cm, H: 6,8 cm (Sahnegießer), H: 5,1 cm (Tasse), H: 18,5 cm (Teekanne), H: 2,1 cm (Untertasse), H: 13,9 cm (Zuckerdose)",,,Industriemuseum Elmshorn; Industriemuseum Elmshorn [digitales Bild],digiCULT-Verbund eG
/2023865/Objekt_DE_MUS_403018_lido_K_0337a_d,"D: 8,3 cm, D: 7,2 cm, D: 11,2 cm, H: 17,2 cm (Kaffeekanne), H: 6,7 cm (Sahnegießer), H: 5,3 cm (Tasse); D: 8,3 cm, D: 7,2 cm, D: 11,2 cm, H: 17,2 cm (Kaffeekanne), H: 6,7 cm (Sahnegießer), H: 5,3 cm (Tasse); D: 8.3 cm, D: 7.2 cm, D: 11.2 cm, H: 17.2 cm (coffee pot), H: 6.7 cm (cream pouch), H: 5.3 cm (cup)",,,Industriemuseum Elmshorn; Industriemuseum Elmshorn [digitales Bild],digiCULT-Verbund eG
/2023865/Objekt_DE_MUS_403018_lido_K_0324a_g,"D: 13,3 cm, D: 8,6 cm, D: 9,4 cm, D: 7,6 cm, D: 13,2 cm, H: 6,8 cm (Sahnegießer), H: 5,4 cm (Tasse), H: 13,3 cm (Teekanne), H: 2,2 cm (Untertasse), H: 10,6 cm (Zuckerdose); D: 13.3 cm, D: 8.6 cm, D: 9.4 cm, D: 7.6 cm, D: 13.2 cm, H: 6.8 cm (creamer), H: 5.4 cm (cup), H: 13.3 cm (teapot), H: 2.2 cm (saucer), H: 10.6 cm (sugar can); D: 13,3 cm, D: 8,6 cm, D: 9,4 cm, D: 7,6 cm, D: 13,2 cm, H: 6,8 cm (Sahnegießer), H: 5,4 cm (Tasse), H: 13,3 cm (Teekanne), H: 2,2 cm (Untertasse), H: 10,6 cm (Zuckerdose)",,,Industriemuseum Elmshorn; Industriemuseum Elmshorn [digitales Bild],digiCULT-Verbund eG
/2023865/Objekt_DE_MUS_403018_lido_A_0323,"H: 30 cm (mit Deckel), D: 12 cm; H: 30 cm (mit Deckel), D: 12 cm; H: 30 cm (with lid), D: 12 cm",,,Industriemuseum Elmshorn; Industriemuseum Elmshorn  [digitales Bild],digiCULT-Verbund eG
/2023865/Objekt_DE_MUS_403018_lido_A_0070,"D: 15 cm, H: 28 cm",,,Industriemuseum Elmshorn; Industriemuseum Elmshorn  [digitales Bild],digiCULT-Verbund eG
/2023865/Objekt_DE_MUS_403018_lido_2004_080a_o,"D: 16 cm, D: 10 cm, D: 11 cm, D: 10 cm, D: 15 cm, H: 9 cm (Sahnegießer), H: 6 cm (Tasse), H: 17 cm (Teekanne), H: 2 cm (Untertasse), H: 10 cm (Zuckerdose); D: 16 cm, D: 10 cm, D: 11 cm, D: 10 cm, D: 15 cm, H: 9 cm (creamer), H: 6 cm (cup), H: 17 cm (teapot), H: 2 cm (saucer), H: 10 cm (sugar box); D: 16 cm, D: 10 cm, D: 11 cm, D: 10 cm, D: 15 cm, H: 9 cm (Sahnegießer), H: 6 cm (Tasse), H: 17 cm (Teekanne), H: 2 cm (Untertasse), H: 10 cm (Zuckerdose)",,,Industriemuseum Elmshorn; Industriemuseum Elmshorn [digitales Bild],digiCULT-Verbund eG
/2023865/Objekt_DE_MUS_403018_lido_2001_103d,"H: 16 cm, D: 13 cm",,,Industriemuseum Elmshorn; Industriemuseum Elmshorn [digitales Bild],digiCULT-Verbund eG
/2023865/Objekt_DE_MUS_403018_lido_1985_114,"H: 15 cm, D: 10,5 cm",,,Industriemuseum Elmshorn; Industriemuseum Elmshorn [digitales Bild],digiCULT-Verbund eG
/2023865/Objekt_DE_MUS_403018_lido_1985_113,"H: 18,5 cm, D: 10 cm",,,Industriemuseum Elmshorn; Industriemuseum Elmshorn [digitales Bild],digiCULT-Verbund eG
/2023865/Objekt_DE_MUS_403018_lido_1985_076,"H: 18,5 cm, D: 13,5 cm",,,Industriemuseum Elmshorn; Industriemuseum Elmshorn [digitales Bild],digiCULT-Verbund eG
/2023865/Objekt_DE_MUS_245812_lido_1985_24,"H: 22,5 cm, B: 19,5 cm (mit Griff); H: 22.5 cm, W: 19.5 cm (with handle); H: 22,5 cm, B: 19,5 cm (mit Griff)",,,Museum Langes Tannen; Museum Langes Tannen [digitales Bild],digiCULT-Verbund eG
/2023865/Objekt_DE_MUS_245812_lido_1979_99,"H: 24 cm, B: 26,5 cm (insgesamt); H: 24 cm, B: 26,5 cm (insgesamt); H: 24 cm, W: 26.5 cm (total)",,,Museum Langes Tannen; Museum Langes Tannen [digitales Bild],digiCULT-Verbund eG
/2023865/Objekt_DE_MUS_245812_lido_1979_94_3,H: 27 cm,,,Museum Langes Tannen; Museum Langes Tannen [digitales Bild],digiCULT-Verbund eG
/2023865/Objekt_DE_MUS_245812_lido_1979_94_1,H: 21 cm,,,Museum Langes Tannen; Museum Langes Tannen [digitales Bild],digiCULT-Verbund eG
/2023865/Objekt_DE_MUS_245812_lido_1979_109,"H: 31 cm, B: 20 cm (insgesamt); H: 31 cm, B: 20 cm (insgesamt); H: 31 cm, W: 20 cm (total)",,,Museum Langes Tannen; Museum Langes Tannen [digitales Bild],digiCULT-Verbund eG
/2023865/Objekt_DE_MUS_120614_lido_AB_752,"H: 11 cm, D: 10 cm, L: 22,4 cm (Distanz Ausgußspitze bis Griff)",,,Museum der Landschaft Eiderstedt; Museum der Landschaft Eiderstedt  [digitales Bild],digiCULT-Verbund eG
/2023865/Objekt_DE_MUS_120614_lido_AB_702,"H: 20,5 cm, D: 11,5 cm (Boden), D: 17 cm (größter Dm), B: 27,8 cm (Tülle bis Henkel); H: 20.5 cm, D: 11.5 cm (base), D: 17 cm (largest Dm), b: 27.8 cm (grommet to handle); H: 20,5 cm, D: 11,5 cm (Boden), D: 17 cm (größter Dm), B: 27,8 cm (Tülle bis Henkel)",,,Museum der Landschaft Eiderstedt; Museum der Landschaft Eiderstedt [digitales Bild],digiCULT-Verbund eG
/2023865/Objekt_DE_MUS_120614_lido_AB_1098,"H: 13,5 cm, L: 16,3 cm (mit Tülle), D: 12 cm (ohne Tülle); H: 13.5 cm, L: 16.3 cm (with grommet), D: 12 cm (without grommet); H: 13,5 cm, L: 16,3 cm (mit Tülle), D: 12 cm (ohne Tülle)",,,Museum der Landschaft Eiderstedt; Museum der Landschaft Eiderstedt [digitales Bild],digiCULT-Verbund eG
/2023865/Objekt_DE_MUS_116412_lido_5733,"H: 13,5 cm (mit Deckel), D: 8,5 cm (Standfläche); H: 13.5 cm (with lid), D: 8.5 cm (stand); H: 13,5 cm (mit Deckel), D: 8,5 cm (Standfläche)",,,Museen im Kulturzentrum; Museen im Kulturzentrum [digitales Bild],digiCULT-Verbund eG
/2023865/Objekt_DE_MUS_116412_lido_5704,"H: 23,5 cm",,,Museen im Kulturzentrum; Museen im Kulturzentrum [digitales Bild],digiCULT-Verbund eG
/2023865/Objekt_DE_MUS_116412_lido_5533,"D: 14 cm (Boden), H: 27 cm (mit Deckel), B: 23,5 cm (mit Tülle und Griff); D: 14 cm (bottom), H: 27 cm (with lid), b: 23.5 cm (with grommet and handle); D: 14 cm (Boden), H: 27 cm (mit Deckel), B: 23,5 cm (mit Tülle und Griff)",,,Museen im Kulturzentrum; Museen im Kulturzentrum [digitales Bild],digiCULT-Verbund eG
/2023865/Objekt_DE_MUS_116412_lido_4728,"H: 18 cm, D: 17 cm",,,Museen im Kulturzentrum; Museen im Kulturzentrum [digitales Bild],digiCULT-Verbund eG
/2023865/Objekt_DE_MUS_116412_lido_4351,"H: 21 cm, D: 14,2 cm",,,Museen im Kulturzentrum; Museen im Kulturzentrum [digitales Bild],digiCULT-Verbund eG
/2023865/Objekt_DE_MUS_116412_lido_3945,"H: 22,5 cm, B: 12,5 cm (oval); H: 22.5 cm, W: 12.5 cm (oval); H: 22,5 cm, B: 12,5 cm (oval)",,,Museen im Kulturzentrum; Museen im Kulturzentrum [digitales Bild],digiCULT-Verbund eG
/2023865/Objekt_DE_MUS_116412_lido_2673,"D: 15,5 cm (Boden), H: 32 cm (mit Deckel); D: 15,5 cm (Boden), H: 32 cm (mit Deckel); D: 15.5 cm (bottom), H: 32 cm (with lid)",,,Museen im Kulturzentrum; Museen im Kulturzentrum [digitales Bild],digiCULT-Verbund eG
/2023865/Objekt_DE_MUS_116412_lido_211,"D: 12,5 cm, H: 31,5 cm (gesamt), H: 20 cm (Teekanne mit Henkel), H: 16,5 cm (Untergestell); D: 12,5 cm, H: 31,5 cm (gesamt), H: 20 cm (Teekanne mit Henkel), H: 16,5 cm (Untergestell); D: 12.5 cm, H: 31.5 cm (total), H: 20 cm (teapot with handle), H: 16.5 cm (base frame)",,,Museen im Kulturzentrum; Museen im Kulturzentrum [digitales Bild],digiCULT-Verbund eG
/2023865/Objekt_DE_MUS_116412_lido_1878,"H: 22,5 cm (mit Deckel)",,,Museen im Kulturzentrum; Museen im Kulturzentrum [digitales Bild],digiCULT-Verbund eG
/2023865/Objekt_DE_MUS_116412_lido_185,"Gewicht: 1150 gr, D: 16 cm (gemessen an den Füßen), H: 21 cm (ohne Deckel)",,,Museen im Kulturzentrum; Museen im Kulturzentrum [digitales Bild],digiCULT-Verbund eG
/2023865/Objekt_DE_MUS_116412_lido_172_e,"H: 25 cm, D: 16 cm (größte Weite); H: 25 cm, D: 16 cm (größte Weite); H: 25 cm, D: 16 cm (largest width)",,,Museen im Kulturzentrum; Museen im Kulturzentrum [digitales Bild],digiCULT-Verbund eG
/2023865/Objekt_DE_MUS_116412_lido_1365a,"D: 6 cm (Boden), H: 12,6 cm (Gemessen bis zum Deckel)",,,Museen im Kulturzentrum; Museen im Kulturzentrum [digitales Bild],digiCULT-Verbund eG
/2023865/Objekt_DE_MUS_116412_lido_1365b,"D: 6 cm (Boden), H: 12,6 cm (Gemessen bis zum Deckel)",,,Museen im Kulturzentrum; Museen im Kulturzentrum [digitales Bild],digiCULT-Verbund eG
/2023865/Objekt_DE_MUS_093512_lido_DLM_2797,"H: 28 cm, B: 19,6 cm (Griff-Tülle), D: 14 cm (Fuß), Gewicht:  gr; H: 28 cm, b: 19.6 cm (handle sleeve), D: 14 cm (foot), weight: gr; H: 28 cm, B: 19,6 cm (Griff-Tülle), D: 14 cm (Fuß), Gewicht:  gr",,,Dithmarscher Landesmuseum; Dithmarscher Landesmuseum [digitales Bild],digiCULT-Verbund eG
/2023865/Objekt_DE_MUS_093512_lido_DLM_2521,"H: 26,4 cm (Knauf), B: 32,5 cm (Henkel-Tülle), D: 11,2 cm (Boden), D: 11,6 cm (Öffnung); H: 26.4 cm (knob), b: 32.5 cm (handle), D: 11.2 cm (base), D: 11.6 cm (opening); H: 26,4 cm (Knauf), B: 32,5 cm (Henkel-Tülle), D: 11,2 cm (Boden), D: 11,6 cm (Öffnung)",,,Dithmarscher Landesmuseum; Dithmarscher Landesmuseum [digitales Bild],digiCULT-Verbund eG
/2023865/Objekt_DE_MUS_093512_lido_DLM_2121,"H: 16,9 cm (Knauf), B: 19,9 cm (Tülle-Griff), D: 10,3 cm (Boden), D: 6,9 cm (Öffnung); H: 16,9 cm (Knauf), B: 19,9 cm (Tülle-Griff), D: 10,3 cm (Boden), D: 6,9 cm (Öffnung); H: 16.9 cm (knob), b: 19.9 cm (grommet handle), D: 10.3 cm (base), D: 6.9 cm (opening)",,,Dithmarscher Landesmuseum; Dithmarscher Landesmuseum [digitales Bild],digiCULT-Verbund eG
/2023865/Objekt_DE_MUS_093512_lido_DLM_160,"H: 12 cm (Knauf), B: 24 cm (Griff-Tülle), D: 11,5 cm",,,Dithmarscher Landesmuseum; Dithmarscher Landesmuseum [digitales Bild],digiCULT-Verbund eG
/2023865/Objekt_DE_MUS_093512_lido_DLM_1599_d,"B: 24 cm, H: 20,5 cm",,,Dithmarscher Landesmuseum; Dithmarscher Landesmuseum [digitales Bild],digiCULT-Verbund eG
/2023865/Objekt_DE_MUS_074615_lido_2012_526,"D: 15 cm, H: 28 cm",,,Sylter Heimatmuseum [digitales Bild]; Sylter Heimatmuseum,digiCULT-Verbund eG
/2023865/Objekt_DE_MUS_074615_lido_2010_157,"H: 23 cm, D: 10 cm",,,Sylter Heimatmuseum [digitales Bild]; Sylter Heimatmuseum,digiCULT-Verbund eG
/2023865/Objekt_DE_MUS_074615_lido_2005_142,"H: 19,5 cm, D: 12 cm, L: 14,3 cm",,,Sylter Heimatmuseum [digitales Bild]; Sylter Heimatmuseum,digiCULT-Verbund eG
/2023865/Objekt_DE_MUS_074511_lido_2012_237,"D: 10,5 cm (beide Kannen), H: 25,5 cm, H: 24,5 cm",,,Altfriesisches Haus; Altfriesisches Haus [digitales Bild],digiCULT-Verbund eG
/2023865/Objekt_DE_MUS_074511_lido_2012_177,"H: 24 cm, D: 13 cm",,,Altfriesisches Haus; Altfriesisches Haus [digitales Bild],digiCULT-Verbund eG
/2023865/Objekt_DE_MUS_074511_lido_2012_174,"H: 14 cm, D: 15 cm",,,Altfriesisches Haus; Altfriesisches Haus [digitales Bild],digiCULT-Verbund eG
/2023865/Objekt_DE_MUS_074511_lido_2012_176,"H: 20 cm, D: 14 cm",,,Altfriesisches Haus; Altfriesisches Haus [digitales Bild],digiCULT-Verbund eG
/2023865/Objekt_DE_MUS_074511_lido_2012_173,"H: 20 cm, D: 11 cm",,,Altfriesisches Haus; Altfriesisches Haus [digitales Bild],digiCULT-Verbund eG
/2023865/Objekt_DE_MUS_074511_lido_2012_170,"H: 26 cm, D: 9 cm",,,Altfriesisches Haus; Altfriesisches Haus [digitales Bild],digiCULT-Verbund eG
/2023865/Objekt_DE_MUS_074511_lido_2012_164,"H: 6 cm (Tasse), D: 9,5 cm (Tasse), D: 14 cm (Untertasse), H: 12 cm (Milchtopf), D: 9 cm (Milchtopf), H: 10 cm (Teekanne), D: 12 cm (Teekanne)",,,Altfriesisches Haus; Altfriesisches Haus [digitales Bild],digiCULT-Verbund eG
/2023865/Objekt_DE_MUS_074511_lido_2012_117,"H: 19 cm, D: 12 cm",,,Altfriesisches Haus; Altfriesisches Haus [digitales Bild],digiCULT-Verbund eG
/2023865/Objekt_DE_MUS_074511_lido_2011_410,"H: 26 cm, D: 11 cm",,,Altfriesisches Haus; Altfriesisches Haus [digitales Bild],digiCULT-Verbund eG
/2023865/Objekt_DE_MUS_067310_lido_2011_54,"D: 9,5 cm (Boden), H: 22 cm (mit Deckel); D: 9.5 cm (bottom), H: 22 cm (with lid); D: 9,5 cm (Boden), H: 22 cm (mit Deckel)",,,Stormarnsches Dorfmuseum; Stormarnsches Dorfmuseum [digitales Bild],digiCULT-Verbund eG
/2023865/Objekt_DE_MUS_067310_lido_2011_144,"H: 14,5 cm, D: 12 cm (oben)",,,Stormarnsches Dorfmuseum; Stormarnsches Dorfmuseum [digitales Bild],digiCULT-Verbund eG
/2023865/Objekt_DE_MUS_067310_lido_2011_11,"H: 25 cm, D: 10 cm",,,Stormarnsches Dorfmuseum; Stormarnsches Dorfmuseum [digitales Bild],digiCULT-Verbund eG
/2023865/Objekt_DE_MUS_067310_lido_2010_295,"H: 28 cm, D: 16,5 cm (Boden)",,,Stormarnsches Dorfmuseum; Stormarnsches Dorfmuseum [digitales Bild],digiCULT-Verbund eG
/2023865/Objekt_DE_MUS_054517_lido_78a,H: 28 cm,,,Detlefsen-Museum im Brockdorff-Palais; Detlefsen-Museum im Brockdorff-Palais [digitales Bild],digiCULT-Verbund eG
/2023865/Objekt_DE_MUS_054517_lido_6321,"H: 17 cm, B: 27 cm, D: 16 cm, Gewicht: 590 gr; H: 17 cm, W: 27 cm, D: 16 cm, Weight: 590 gr; H: 17 cm, B: 27 cm, D: 16 cm, Gewicht: 590 gr",,,Detlefsen-Museum im Brockdorff-Palais; Detlefsen-Museum im Brockdorff-Palais [digitales Bild],digiCULT-Verbund eG
/2023865/Objekt_DE_MUS_054517_lido_112a,"H: 22,5 cm, B: 12 cm",,,Detlefsen-Museum im Brockdorff-Palais; Detlefsen-Museum im Brockdorff-Palais [digitales Bild],digiCULT-Verbund eG
/2023865/Objekt_DE_MUS_045414_lido_716,"H: 24 cm (ganze Höhe), H: 19,8 cm (ohne Deckel)",,,Museumsberg Flensburg; Museumsberg Flensburg [digitales Bild],digiCULT-Verbund eG
/2023865/Objekt_DE_MUS_045414_lido_6907,"H: 9 cm, B: 14,2 cm",,,Museumsberg Flensburg; Museumsberg Flensburg [digitales Bild],digiCULT-Verbund eG
/2023865/Objekt_DE_MUS_045414_lido_631_1,"H: 23 cm (ganze Höhe), H: 18,7 cm (ohne Deckel)",,,Museumsberg Flensburg; Museumsberg Flensburg [digitales Bild],digiCULT-Verbund eG
/2023865/Objekt_DE_MUS_045414_lido_631_2,"H: 12,1 cm (ganze Höhe), H: 10 cm (ohne Deckel)",,,Museumsberg Flensburg; Museumsberg Flensburg [digitales Bild],digiCULT-Verbund eG
/2023865/Objekt_DE_MUS_045414_lido_3396,"H: 14,8 cm, B: 13,3 cm, D: 7,8 cm (Boden), D: 6,1 cm (Deckel); H: 14,8 cm, B: 13,3 cm, D: 7,8 cm (Boden), D: 6,1 cm (Deckel); H: 14.8 cm, W: 13.3 cm, D: 7.8 cm (bottom), D: 6.1 cm (lid)",,,Museumsberg Flensburg; Museumsberg Flensburg [digitales Bild],digiCULT-Verbund eG
/2023865/Objekt_DE_MUS_045414_lido_330,"D: 18 cm, H: 9,9 cm (Deckel), H: 30 cm (ohne Deckel)",,,Museumsberg Flensburg; Museumsberg Flensburg [digitales Bild],digiCULT-Verbund eG
/2023865/Objekt_DE_MUS_045414_lido_24343,"D: 10,4 cm (oben), H: 9 cm (ohne Griff und Henkel)",,,Museumsberg Flensburg; Museumsberg Flensburg [digitales Bild],digiCULT-Verbund eG
/2023865/Objekt_DE_MUS_045414_lido_24342,"H: 15 cm, B: 21,2 cm; H: 15 cm, W: 21.2 cm; H: 15 cm, B: 21,2 cm",,,Museumsberg Flensburg; Museumsberg Flensburg [digitales Bild],digiCULT-Verbund eG
/2023865/Objekt_DE_MUS_045414_lido_24329,"H: 8 cm, D: 16,3 cm",,,Museumsberg Flensburg; Museumsberg Flensburg [digitales Bild],digiCULT-Verbund eG
/2023865/Objekt_DE_MUS_045414_lido_23070,"H: 20 cm (a) Kaffeekanne; H. ohne Deckel), D: 9 cm (b) Kaffeekannendeckel), D: 18 cm (c-f) Teller), D: 14 cm (g-i) Untertassen), D: 8,7 cm (j-l) Tassen), H: 2 cm (m) Schälchen), D: 8 cm (m) Schälchen), H: 4,5 cm (n) ohne Deckel), D: 7 cm (n) Zuckerdöschen), D: 7,6 cm (o) Deckel zu n)",,,Museumsberg Flensburg; Museumsberg Flensburg [digitales Bild],digiCULT-Verbund eG
/2023865/Objekt_DE_MUS_045414_lido_2160,"H: 28,5 cm, H: 22,7 cm (ohne Deckel)",,,Museumsberg Flensburg; Museumsberg Flensburg [digitales Bild],digiCULT-Verbund eG
/2023865/Objekt_DE_MUS_045414_lido_2124_2,"H: 10 cm (ganze), H: 8,4 cm (ohne Deckel)",,,Museumsberg Flensburg; Museumsberg Flensburg [digitales Bild],digiCULT-Verbund eG
/2023865/Objekt_DE_MUS_045414_lido_2124_1,"H: 15,9 cm (ganze), H: 13,5 cm (ohne Deckel)",,,Museumsberg Flensburg; Museumsberg Flensburg [digitales Bild],digiCULT-Verbund eG
/2023865/Objekt_DE_MUS_045414_lido_196,"H: 20 cm, D: 6 cm (oberer Gefäßrand)",,,Museumsberg Flensburg; Museumsberg Flensburg [digitales Bild],digiCULT-Verbund eG
/2023865/Objekt_DE_MUS_045414_lido_17894,H: 24 cm,,,Museumsberg Flensburg; Museumsberg Flensburg [digitales Bild],digiCULT-Verbund eG
/2023865/Objekt_DE_MUS_045414_lido_11448,"H: 9,2 cm, B: 16,5 cm (von der Tüllenspitze zum Griff)",,,Museumsberg Flensburg; Museumsberg Flensburg [digitales Bild],digiCULT-Verbund eG
/2023865/Objekt_DE_MUS_034424_lido_000906,"H: 22 cm, D: 12 cm",,,Heimat- und Handwerksmuseum Wahlstedt [digitales Bild]; Heimat- und Handwerksmuseum Wahlstedt,digiCULT-Verbund eG
/2023865/Objekt_DE_MUS_034424_lido_000850,"H: 23 cm, D: 10 cm",,,Heimat- und Handwerksmuseum Wahlstedt [digitales Bild]; Heimat- und Handwerksmuseum Wahlstedt,digiCULT-Verbund eG
/2023865/Objekt_DE_MUS_034424_lido_000849,"H: 24 cm, D: 13 cm",,,Heimat- und Handwerksmuseum Wahlstedt [digitales Bild]; Heimat- und Handwerksmuseum Wahlstedt,digiCULT-Verbund eG
/2023865/Objekt_DE_MUS_034424_lido_000740,"H: 18 cm, D: 13 cm",,,Heimat- und Handwerksmuseum Wahlstedt [digitales Bild]; Heimat- und Handwerksmuseum Wahlstedt,digiCULT-Verbund eG
/2023865/Objekt_DE_MUS_034424_lido_000741,"H: 15 cm, D: 8,5 cm",,,Heimat- und Handwerksmuseum Wahlstedt [digitales Bild]; Heimat- und Handwerksmuseum Wahlstedt,digiCULT-Verbund eG
/2023865/Objekt_DE_MUS_034424_lido_000738,"H: 22 cm, D: 10 cm",,,Heimat- und Handwerksmuseum Wahlstedt [digitales Bild]; Heimat- und Handwerksmuseum Wahlstedt,digiCULT-Verbund eG
/2023865/Objekt_DE_MUS_034424_lido_000739,"H: 21 cm, D: 16 cm",,,Heimat- und Handwerksmuseum Wahlstedt [digitales Bild]; Heimat- und Handwerksmuseum Wahlstedt,digiCULT-Verbund eG
/2023865/Objekt_DE_MUS_034424_lido_000736,"H: 20 cm, D: 15 cm",,,Heimat- und Handwerksmuseum Wahlstedt [digitales Bild]; Heimat- und Handwerksmuseum Wahlstedt,digiCULT-Verbund eG
/2023865/Objekt_DE_MUS_034424_lido_000737,"H: 26 cm, D: 12 cm",,,Heimat- und Handwerksmuseum Wahlstedt [digitales Bild]; Heimat- und Handwerksmuseum Wahlstedt,digiCULT-Verbund eG
/2023865/Objekt_DE_MUS_034424_lido_000735,"H: 23 cm, D: 13 cm",,,Heimat- und Handwerksmuseum Wahlstedt [digitales Bild]; Heimat- und Handwerksmuseum Wahlstedt,digiCULT-Verbund eG
/2023865/Objekt_DE_MUS_034424_lido_000734,"H: 23 cm, D: 15 cm",,,Heimat- und Handwerksmuseum Wahlstedt [digitales Bild]; Heimat- und Handwerksmuseum Wahlstedt,digiCULT-Verbund eG
/2023865/Objekt_DE_MUS_034424_lido_000733,"H: 25 cm, D: 15 cm",,,Heimat- und Handwerksmuseum Wahlstedt [digitales Bild]; Heimat- und Handwerksmuseum Wahlstedt,digiCULT-Verbund eG
/2023865/Objekt_DE_MUS_034424_lido_000732,"H: 24 cm, D: 10 cm",,,Heimat- und Handwerksmuseum Wahlstedt [digitales Bild]; Heimat- und Handwerksmuseum Wahlstedt,digiCULT-Verbund eG
/2023865/Objekt_DE_MUS_034424_lido_000731,"H: 22 cm, D: 13 cm",,,Heimat- und Handwerksmuseum Wahlstedt [digitales Bild]; Heimat- und Handwerksmuseum Wahlstedt,digiCULT-Verbund eG
/2023865/Objekt_DE_MUS_034424_lido_000730,"H: 24 cm, D: 15 cm",,,Heimat- und Handwerksmuseum Wahlstedt [digitales Bild]; Heimat- und Handwerksmuseum Wahlstedt,digiCULT-Verbund eG
/2023865/Objekt_DE_MUS_034424_lido_000729,"H: 25 cm, D: 13 cm",,,Heimat- und Handwerksmuseum Wahlstedt [digitales Bild]; Heimat- und Handwerksmuseum Wahlstedt,digiCULT-Verbund eG
/2023865/Objekt_DE_MUS_034424_lido_000726,"H: 23 cm, D: 10 cm",,,Heimat- und Handwerksmuseum Wahlstedt [digitales Bild]; Heimat- und Handwerksmuseum Wahlstedt,digiCULT-Verbund eG
/2023865/Objekt_DE_MUS_034424_lido_000728,"H: 25 cm, D: 10 cm",,,Heimat- und Handwerksmuseum Wahlstedt [digitales Bild]; Heimat- und Handwerksmuseum Wahlstedt,digiCULT-Verbund eG
/2023865/Objekt_DE_MUS_034424_lido_000725,"H: 20 cm, D: 12,5 cm",,,Heimat- und Handwerksmuseum Wahlstedt [digitales Bild]; Heimat- und Handwerksmuseum Wahlstedt,digiCULT-Verbund eG
/2023865/Objekt_DE_MUS_034424_lido_000724,"H: 25 cm, D: 11 cm",,,Heimat- und Handwerksmuseum Wahlstedt [digitales Bild]; Heimat- und Handwerksmuseum Wahlstedt,digiCULT-Verbund eG
/2023865/Objekt_DE_MUS_034424_lido_000723,"H: 24 cm, D: 16 cm",,,Heimat- und Handwerksmuseum Wahlstedt [digitales Bild]; Heimat- und Handwerksmuseum Wahlstedt,digiCULT-Verbund eG
/2023865/Objekt_DE_MUS_034424_lido_000380,"D: 14 cm (Boden), H: 17 cm (mit Griff); D: 14 cm (Boden), H: 17 cm (mit Griff); D: 14 cm (bottom), H: 17 cm (with handle)",,,Heimat- und Handwerksmuseum Wahlstedt [digitales Bild]; Heimat- und Handwerksmuseum Wahlstedt,digiCULT-Verbund eG
/2023865/Objekt_DE_MUS_034424_lido_000379,"H: 22 cm, D: 12,4 cm (Boden)",,,Heimat- und Handwerksmuseum Wahlstedt [digitales Bild]; Heimat- und Handwerksmuseum Wahlstedt,digiCULT-Verbund eG
/2023865/Objekt_DE_MUS_034424_lido_000378,"H: 26 cm, D: 16 cm",,,Heimat- und Handwerksmuseum Wahlstedt [digitales Bild]; Heimat- und Handwerksmuseum Wahlstedt,digiCULT-Verbund eG
/2023865/Objekt_DE_MUS_005916_lido_797,"D: 20 cm, H: 20 cm, D: 11 cm (Deckel), H: 5,5 cm (Deckel)",,,Dat ole Hus [digitales Bild]; Dat ole Hus,digiCULT-Verbund eG
/2026105/Partage_Plus_ProvidedCHO_Bildarchiv_Foto_Marburg___Institut_Mathildenh_he_Darmstadt_122293,Versilbern; Silver; Versilbern; http://partage.vocnet.org/part00669,"Object dimension (HxD below): 22.5 x 10.5 x 6.3 cm; Objektmaß (HxD untenxD oben): 22,5 x 10,5 x 6,3 cm; Objektmaß (HxD untenxD oben): 22,5 x 10,5 x 6,3 cm",,"Deutsches Dokumentationszentrum für Kunstgeschichte - Bildarchiv Foto Marburg; Institut Mathildenhöhe, Städtische Kunstsammlung Darmstadt / Foto: Gregor Schuster; Institute Mathildenhöhe, Darmstadt city art collection/photo: Gregor Schuster; Institut Mathildenhöhe, Städtische Kunstsammlung Darmstadt / Foto: Gregor Schuster",
/2026105/Partage_Plus_ProvidedCHO_Bildarchiv_Foto_Marburg___Institut_Mathildenh_he_Darmstadt_122289,Versilbern; Silver; Versilbern; http://partage.vocnet.org/part00669,"Object dimension (HxD below): 22 x 10.2 x 6.5 cm; Objektmaß (HxD untenxD oben): 22 x 10,2 x 6,5 cm; Objektmaß (HxD untenxD oben): 22 x 10,2 x 6,5 cm",,"Deutsches Dokumentationszentrum für Kunstgeschichte - Bildarchiv Foto Marburg; Institut Mathildenhöhe, Städtische Kunstsammlung Darmstadt / Foto: Gregor Schuster; Institute Mathildenhöhe, Darmstadt city art collection/photo: Gregor Schuster; Institut Mathildenhöhe, Städtische Kunstsammlung Darmstadt / Foto: Gregor Schuster",
/2026105/Partage_Plus_ProvidedCHO_Bildarchiv_Foto_Marburg___Institut_Mathildenh_he_Darmstadt_118029,Versilbern; Silver; Versilbern; http://partage.vocnet.org/part00669,"Object dimension (HxD below): 23.5 x 9.1 x 7.2 cm; Objektmaß (HxD untenxD oben): 23,5 x 9,1 x 7,2 cm; Objektmaß (HxD untenxD oben): 23,5 x 9,1 x 7,2 cm",,"Deutsches Dokumentationszentrum für Kunstgeschichte - Bildarchiv Foto Marburg; Institut Mathildenhöhe, Städtische Kunstsammlung Darmstadt / Foto: Gregor Schuster; Institute Mathildenhöhe, Darmstadt city art collection/photo: Gregor Schuster; Institut Mathildenhöhe, Städtische Kunstsammlung Darmstadt / Foto: Gregor Schuster",
/271/https___www_judaisme_marocain_org_22292,,,,,
/2048445/item_ZI7JDZLKM4253OONQZJWAM3FZFE4OQX7,,,,http://creativecommons.org/licenses/by-sa/4.0/,
/2048445/item_UOQ234QFGJK7DH5TREWAUTUVUKKLERW2,,,,http://creativecommons.org/licenses/by-sa/4.0/,
/2048445/item_UGWEJWTL2MEQI7CX4FRR72EPZ5VMFXSN,,,,http://creativecommons.org/licenses/by-sa/4.0/,
/2048445/item_O6TIBBXMCBQ5ZGKSHQXBSKT7HZSGLRF6,,,,http://creativecommons.org/licenses/by-sa/4.0/,
/2048445/item_MW2DUC2KKNNBAGITCLQZTPRK5HXPQATW,,,,http://creativecommons.org/licenses/by-sa/4.0/,
/2048445/item_LYZNU6Z7YSRKLA6JBAMKUV7W6NJPQYZT,,,,http://creativecommons.org/licenses/by-sa/4.0/,
/2048445/item_L732FMRL4PY4LSWUUDWAYZFZVTH57VBD,,,,http://creativecommons.org/licenses/by-sa/4.0/,
/2048445/item_KYTRI7DG4JOFV6WYBYMS5OLXNWVO2CSI,,,,http://creativecommons.org/licenses/by-sa/4.0/,
/2048445/item_KLMI4PS34ZGS2W4OEGZS3ZJQGCP2DU5F,,,,http://creativecommons.org/licenses/by-sa/4.0/,
/2048445/item_JDUWEIBEHASXSJFCKF7ZGN2UJZYKA25L,,,,http://creativecommons.org/licenses/by-sa/4.0/,
/2048445/item_I6XTMHRU3ZDFNWODSSDYQVNAXMGYJDHK,,,,http://creativecommons.org/licenses/by-sa/4.0/,
/2048445/item_GR4R4N4LUVJCYL7M5GEQS7ZR64QLFDIK,,,,http://creativecommons.org/licenses/by-sa/4.0/,
/2048445/item_FQAQ6PI3Q5CBH7HXFMPXHVIRHMZDIMET,,,,http://creativecommons.org/licenses/by-sa/4.0/,
/2048445/item_DWDSRUDXNAYRZAWWKFWVZZPZWQMIXKBA,,,,http://creativecommons.org/licenses/by-sa/4.0/,
/2048445/item_DPP2VQKKXLBB6BB7WQDX5YTZEYSBXVJE,,,,http://creativecommons.org/licenses/by-sa/4.0/,
/2048445/item_5MC4GJIAWDRXKC43PW32CS7GPWARMEC5,,,,http://creativecommons.org/licenses/by-sa/4.0/,
/2048445/item_57CAAF6MLYM4OPG4PMMFZRDOBE3YFOU6,,,,http://creativecommons.org/licenses/by-sa/4.0/,
/2048445/item_23RCSSH2SFZ6BTBCWS3XPRZIXTDSUQIG,,,,http://creativecommons.org/licenses/by-sa/4.0/,
/2058618/object_KUAS_7768757,,x  +  cm; x + cm; x  +  cm,,,
/2058618/object_KUAS_7749303,,175 cm x 53 cm +  cm; 175 cm x 53 cm +  cm; 175 cm x 53 cm + cm,,,
/2058618/object_KUAS_7749304,,177 cm x 57 cm +  cm; 177 cm x 57 cm +  cm; 177 cm x 57 cm + cm,,,
/2058618/object_KUAS_7749290,,175 cm x 52 cm +  cm; 175 cm x 52 cm + cm; 175 cm x 52 cm +  cm,,,
/2058618/object_KUAS_7748523,,159 cm x 60 cm +  cm; 159 cm x 60 cm +  cm; 159 cm x 60 cm + cm,,,
/2058618/object_KUAS_7743571,,"x 17 cm + 19,5 cm cm",,,
/2058618/object_KUAS_7712697,,36 x 35 +  cm; 36 x 35 +  cm; 36 x 35 + cm,,,
/2058618/object_KUAS_7705267,,null x 5 + 1 cm,,,
/2058618/object_KUAS_7702754,,x  + 65 cm; x  + 65 cm; x + 65 cm,,,
/2058618/object_KUAS_7700825,,x  + 8 cm; x  + 8 cm; x + 8 cm,,,
/2058618/object_KUAS_7700501,,x  +  cm; x + cm; x  +  cm,,,
/2058618/object_KUAS_7689300,,x  + 16 - 17 cm cm; x  + 16 - 17 cm cm; x + 16 - 17 cm,,,
/2058618/object_KUAS_7668033,,156 x 53 +  cm; 156 x 53 + cm; 156 x 53 +  cm,,,
/2058618/object_KUAS_7668032,,156 x 53 +  cm; 156 x 53 + cm; 156 x 53 +  cm,,,
/2058618/object_KUAS_7668031,,156 x 53 +  cm; 156 x 53 + cm; 156 x 53 +  cm,,,
/2058618/object_KUAS_7663063,,"x 7 + 12,5 cm",,,
/2058618/object_KUAS_7662035,,21 x 14 + 17 cm,,,
/2058618/object_KUAS_7651068,,x  +  cm; x + cm; x  +  cm,,,
/2058618/object_KUAS_7651067,,x  +  cm; x + cm; x  +  cm,,,
/2058618/object_KUAS_7651066,,x  +  cm; x + cm; x  +  cm,,,
/2058618/object_KUAS_7618758,,x  +  cm; x + cm; x  +  cm,,,
/2058618/object_KUAS_7618757,,x  +  cm; x + cm; x  +  cm,,,
/2058618/object_KUAS_7609395,,"139,0 cm x 46,0 cm +  cm",,,
/2058618/object_KUAS_7609394,,"142,0 cm x 45,0 cm +  cm",,,
/2058618/object_KUAS_7595542,,x  +  cm; x + cm; x  +  cm,,,
/2058618/object_KUAS_7593685,,x  + 40cm cm; x  + 40cm cm; x + 40cm cm,,,
/2058618/object_KUAS_7587469,,"35 cm x  + 32,5 cm cm",,,
/2058618/object_KUAS_7439440,,"18 x 24 cm, sort/hvid; 18 x 24 cm, sort/hvid; 18 x 24 cm, black and white",,,
/2058618/object_KUAS_7436778,,"24 x 36 mm, colour, slide; 24 x 36 mm, farve, dias; 24 x 36 mm, farve, dias",,,
/2058618/object_KUAS_22337382,,x  +  cm; x + cm; x  +  cm,,,
/2058618/object_KUAS_22323347,,x  +  cm; x + cm; x  +  cm,,,
/2058618/object_KUAS_22290659,,x  +  cm; x + cm; x  +  cm,,,
/2058618/object_KUAS_22276814,,x  + 27 cm; x  + 27 cm; x + 27 cm,,,
/2058618/object_KUAS_22270913,,x  + 12 cm; x  + 12 cm; x + 12 cm,,,
/2058618/object_KUAS_22270580,,x  + 1 cm cm,,,
/2058618/object_KUAS_22268650,,x 22 + 34 cm,,,
/2058618/object_KUAS_22268651,,x 22 + 34 cm,,,
/2058618/object_KUAS_22237433,,x  +  cm; x + cm; x  +  cm,,,
/2058618/object_KUAS_22237432,,x  +  cm; x + cm; x  +  cm,,,
/2058618/object_KUAS_22234874,,x  +  cm; x + cm; x  +  cm,,,
/2058618/object_KUAS_22226934,,x  + 23 cm; x  + 23 cm; x + 23 cm,,,
/2058618/object_KUAS_22226930,,x  +  cm; x + cm; x  +  cm,,,
/2058618/object_KUAS_22214676,,x  +  cm; x + cm; x  +  cm,,,
/2058618/object_KUAS_22209754,,x  + 37 cm; x + 37 cm; x  + 37 cm,,,
/2058618/object_KUAS_22209753,,x  + 37 cm; x + 37 cm; x  + 37 cm,,,
/2058618/object_KUAS_22173034,,x  + 26 cm; x  + 26 cm; x + 26 cm,,,
/2058618/object_KUAS_22159089,,"x  + 17,5 cm cm",,,
/2058618/object_KUAS_22158724,,145 x  +  cm; 145 x + cm; 145 x  +  cm,,,
/2058618/object_KUAS_22158723,,145 x  +  cm; 145 x + cm; 145 x  +  cm,,,
/2058618/object_KUAS_22157956,,x  +  cm; x + cm; x  +  cm,,,
/2058618/object_KUAS_22142137,,x 19 + 18 cm,,,
/2058618/object_KUAS_22141755,,24 x 17 + 14 cm,,,
/2058618/object_KUAS_22126308,,154 cm x  +  cm; 154 cm x + cm; 154 cm x  +  cm,,,
/2058618/object_KUAS_22119926,,x  +  cm; x + cm; x  +  cm,,,
/2058618/object_KUAS_22108603,,x  +  cm; x + cm; x  +  cm,,,
/2022037/11088_1C0173E9_A231_4F68_B431_34FBDEC474AA,Baryth; Baryth; Hochformat,Abmessung in cm: 16x22; Abmessung in cm: 16x22; Dimension in cm: 16x22,,"Wir stellen das Bild unter der Bedingung zur Verfügung, dass der Rechteinhaber Ihnen die Nutzung genehmigt hat. Dies ist gegebenenfalls kostenpflichtig. Den Rechteinhaber erreichen Sie nach den uns vorliegenden Informationen unter: ddp images GmbH,Oliver Koenig, Tel. 04073/4460223, Oliver.Koenig@ddpimages.com. Falls diese Kontaktdaten inkorrekt sind, würden wir uns über einen kurzen Hinweis freuen. Für eine reproduktionsfähige Datei wenden Sie sich bitte unter Angabe der Signatur an uns:Archiv.Auskunft@fes.de oder Tel. 0228/883-9046.; We provide the picture on condition that the rightholder has authorized you to use it. This may be paid. According to the information available to us, the rightholder can be reached at: ddp images GmbH, Oliver Koenig, Tel. 04073/4460223, Oliver.Koenig@ddpimages.com. If these contact details are incorrect, we would be pleased to receive a brief note. For a reproductive file, please contact us with the signature: Archiv.Für@fes.de or Tel. 0228/883-9046.; dapd dagency GmbH/ddp images GmbH (formerly Associated Press (AP)); dapd nachrichtenagentur GmbH / ddp images GmbH (vormals Associated Press (AP)); Wir stellen das Bild unter der Bedingung zur Verfügung, dass der Rechteinhaber Ihnen die Nutzung genehmigt hat. Dies ist gegebenenfalls kostenpflichtig. Den Rechteinhaber erreichen Sie nach den uns vorliegenden Informationen unter: ddp images GmbH,Oliver Koenig, Tel. 04073/4460223, Oliver.Koenig@ddpimages.com. Falls diese Kontaktdaten inkorrekt sind, würden wir uns über einen kurzen Hinweis freuen. Für eine reproduktionsfähige Datei wenden Sie sich bitte unter Angabe der Signatur an uns:Archiv.Auskunft@fes.de oder Tel. 0228/883-9046.; dapd nachrichtenagentur GmbH / ddp images GmbH (vormals Associated Press (AP))",
/2022037/11088_44BE4141_5E96_4949_AB70_18AE8B066C49,Baryth; Querformat; Landscape; Baryth; Querformat,Abmessung in cm: 16x22; Abmessung in cm: 16x22; Dimension in cm: 16x22,,"dpa; Wir stellen das Bild unter der Bedingung zur Verfügung, dass der Rechteinhaber Ihnen die Nutzung genehmigt hat. Dies ist gegebenenfalls kostenpflichtig. Den Rechteinhaber erreichen Sie nach den uns vorliegenden Informationen unter: dpa/Picture Alliance GmbH, Henning Schröder, Tel. 069/2716-34770, schroeder.henning@dpa.com. Falls diese Kontaktdaten inkorrekt sind, würden wir uns über einen kurzen Hinweis freuen. Für eine reproduktionsfähige Datei wenden Sie sich bitte unter Angabe der Signatur an uns: Archiv.Auskunft@fes.de oder Tel. 0228/883-9046.",
/2022037/11088_58DA37EE_6F21_4288_88B1_4ABEB75602FB,Baryth; Querformat; Landscape; Baryth; Querformat,Abmessung in cm: 16x22; Abmessung in cm: 16x22; Dimension in cm: 16x22,,"Wir stellen das Bild unter der Bedingung zur Verfügung, dass der Rechteinhaber Ihnen die Nutzung genehmigt hat. Dies ist gegebenenfalls kostenpflichtig. Den Rechteinhaber erreichen Sie nach den uns vorliegenden Informationen unter: ddp images GmbH,Oliver Koenig, Tel. 04073/4460223, Oliver.Koenig@ddpimages.com. Falls diese Kontaktdaten inkorrekt sind, würden wir uns über einen kurzen Hinweis freuen. Für eine reproduktionsfähige Datei wenden Sie sich bitte unter Angabe der Signatur an uns:Archiv.Auskunft@fes.de oder Tel. 0228/883-9046.; We provide the picture on condition that the rightholder has authorized you to use it. This may be paid. According to the information available to us, the rightholder can be reached at: ddp images GmbH, Oliver Koenig, Tel. 04073/4460223, Oliver.Koenig@ddpimages.com. If these contact details are incorrect, we would be pleased to receive a brief note. For a reproductive file, please contact us with the signature: Archiv.Für@fes.de or Tel. 0228/883-9046.; dapd dagency GmbH/ddp images GmbH (formerly Associated Press (AP)); dapd nachrichtenagentur GmbH / ddp images GmbH (vormals Associated Press (AP)); Wir stellen das Bild unter der Bedingung zur Verfügung, dass der Rechteinhaber Ihnen die Nutzung genehmigt hat. Dies ist gegebenenfalls kostenpflichtig. Den Rechteinhaber erreichen Sie nach den uns vorliegenden Informationen unter: ddp images GmbH,Oliver Koenig, Tel. 04073/4460223, Oliver.Koenig@ddpimages.com. Falls diese Kontaktdaten inkorrekt sind, würden wir uns über einen kurzen Hinweis freuen. Für eine reproduktionsfähige Datei wenden Sie sich bitte unter Angabe der Signatur an uns:Archiv.Auskunft@fes.de oder Tel. 0228/883-9046.; dapd nachrichtenagentur GmbH / ddp images GmbH (vormals Associated Press (AP))",
/2022037/11088_6FC60D29_5946_46C0_8AC9_E38A4A480C40,Baryth; Baryth; Hochformat,Abmessung in cm: 16x21; Dimension in cm: 16x21; Abmessung in cm: 16x21,,"dpa; Wir stellen das Bild unter der Bedingung zur Verfügung, dass der Rechteinhaber Ihnen die Nutzung genehmigt hat. Dies ist gegebenenfalls kostenpflichtig. Den Rechteinhaber erreichen Sie nach den uns vorliegenden Informationen unter: dpa/Picture Alliance GmbH, Henning Schröder, Tel. 069/2716-34770, schroeder.henning@dpa.com. Falls diese Kontaktdaten inkorrekt sind, würden wir uns über einen kurzen Hinweis freuen. Für eine reproduktionsfähige Datei wenden Sie sich bitte unter Angabe der Signatur an uns: Archiv.Auskunft@fes.de oder Tel. 0228/883-9046.",
/2022037/11088_B11EBA16_1253_4012_A38B_45F6EF141AE1,Baryth; Baryth; Hochformat,Abmessung in cm: 13x18; Dimension in cm: 13x18; Abmessung in cm: 13x18,,"dpa; Wir stellen das Bild unter der Bedingung zur Verfügung, dass der Rechteinhaber Ihnen die Nutzung genehmigt hat. Dies ist gegebenenfalls kostenpflichtig. Den Rechteinhaber erreichen Sie nach den uns vorliegenden Informationen unter: dpa/Picture Alliance GmbH, Henning Schröder, Tel. 069/2716-34770, schroeder.henning@dpa.com. Falls diese Kontaktdaten inkorrekt sind, würden wir uns über einen kurzen Hinweis freuen. Für eine reproduktionsfähige Datei wenden Sie sich bitte unter Angabe der Signatur an uns: Archiv.Auskunft@fes.de oder Tel. 0228/883-9046.",
/2022037/11088_D78A1677_3A68_4BD8_A982_097847BAE862,Baryth; Querformat; Landscape; Baryth; Querformat,Abmessung in cm: 18x24,,"Wir stellen das Bild unter der Bedingung zur Verfügung, dass der Rechteinhaber Ihnen die Nutzung genehmigt hat. Dies ist gegebenenfalls kostenpflichtig. Den Rechteinhaber erreichen Sie nach den uns vorliegenden Informationen unter: ddp images GmbH,Oliver Koenig, Tel. 04073/4460223, Oliver.Koenig@ddpimages.com. Falls diese Kontaktdaten inkorrekt sind, würden wir uns über einen kurzen Hinweis freuen. Für eine reproduktionsfähige Datei wenden Sie sich bitte unter Angabe der Signatur an uns:Archiv.Auskunft@fes.de oder Tel. 0228/883-9046.; We provide the picture on condition that the rightholder has authorized you to use it. This may be paid. According to the information available to us, the rightholder can be reached at: ddp images GmbH, Oliver Koenig, Tel. 04073/4460223, Oliver.Koenig@ddpimages.com. If these contact details are incorrect, we would be pleased to receive a brief note. For a reproductive file, please contact us with the signature: Archiv.Für@fes.de or Tel. 0228/883-9046.; dapd dagency GmbH/ddp images GmbH (formerly Associated Press (AP)); dapd nachrichtenagentur GmbH / ddp images GmbH (vormals Associated Press (AP)); Wir stellen das Bild unter der Bedingung zur Verfügung, dass der Rechteinhaber Ihnen die Nutzung genehmigt hat. Dies ist gegebenenfalls kostenpflichtig. Den Rechteinhaber erreichen Sie nach den uns vorliegenden Informationen unter: ddp images GmbH,Oliver Koenig, Tel. 04073/4460223, Oliver.Koenig@ddpimages.com. Falls diese Kontaktdaten inkorrekt sind, würden wir uns über einen kurzen Hinweis freuen. Für eine reproduktionsfähige Datei wenden Sie sich bitte unter Angabe der Signatur an uns:Archiv.Auskunft@fes.de oder Tel. 0228/883-9046.; dapd nachrichtenagentur GmbH / ddp images GmbH (vormals Associated Press (AP))",
/2022037/11088_E92A6E1A_2BCF_49BD_A684_80B5D72E5B53,Baryth; Baryth; Hochformat,Abmessung in cm: 13x18; Dimension in cm: 13x18; Abmessung in cm: 13x18,,"Wir stellen das Bild unter der Bedingung zur Verfügung, dass der Rechteinhaber Ihnen die Nutzung genehmigt hat. Dies ist gegebenenfalls kostenpflichtig. Den Rechteinhaber erreichen Sie nach den uns vorliegenden Informationen unter: ddp images GmbH,Oliver Koenig, Tel. 04073/4460223, Oliver.Koenig@ddpimages.com. Falls diese Kontaktdaten inkorrekt sind, würden wir uns über einen kurzen Hinweis freuen. Für eine reproduktionsfähige Datei wenden Sie sich bitte unter Angabe der Signatur an uns:Archiv.Auskunft@fes.de oder Tel. 0228/883-9046.; We provide the picture on condition that the rightholder has authorized you to use it. This may be paid. According to the information available to us, the rightholder can be reached at: ddp images GmbH, Oliver Koenig, Tel. 04073/4460223, Oliver.Koenig@ddpimages.com. If these contact details are incorrect, we would be pleased to receive a brief note. For a reproductive file, please contact us with the signature: Archiv.Für@fes.de or Tel. 0228/883-9046.; dapd dagency GmbH/ddp images GmbH (formerly Associated Press (AP)); dapd nachrichtenagentur GmbH / ddp images GmbH (vormals Associated Press (AP)); Wir stellen das Bild unter der Bedingung zur Verfügung, dass der Rechteinhaber Ihnen die Nutzung genehmigt hat. Dies ist gegebenenfalls kostenpflichtig. Den Rechteinhaber erreichen Sie nach den uns vorliegenden Informationen unter: ddp images GmbH,Oliver Koenig, Tel. 04073/4460223, Oliver.Koenig@ddpimages.com. Falls diese Kontaktdaten inkorrekt sind, würden wir uns über einen kurzen Hinweis freuen. Für eine reproduktionsfähige Datei wenden Sie sich bitte unter Angabe der Signatur an uns:Archiv.Auskunft@fes.de oder Tel. 0228/883-9046.; dapd nachrichtenagentur GmbH / ddp images GmbH (vormals Associated Press (AP))",
/2022302/0B14F35EF6F4C34DE1E7F038B302259E8388B37C,,,,,
/2022302/1DDC200FC44AAA932D4DA4369EB9494819BC27C4,,,,,
/2022302/76301BC2AE1F283321247E63087E9E45C1FD1004,,,,,
/2022302/7A00492C94FF95CBEBE2BD2BA30DFBF07413DEB5,,,,,
/2022302/949BB4AD51618965C2BAC606BF2452A75A9EE053,,,,,
/2022302/C5C9EF935BE8F30AD2134B78C364EA3B59971C70,,,,,
/2022302/ED56543640E337B8C3F8C52851BA0D93232E563E,,,,,
/2022320/9BACE89DA1B97D245B4898E35073CC030AE2B627,JPEG/IMAGE,,,,
/2022320/D034521D5113D27385180D109148E6E09D189A85,JPEG/IMAGE,,Kirklees,,
